time_s,speed_ref_mps,speed_mps,acceleration_mps2,inverter_frequency_hz,synchronous_speed_rpm,motor_speed_rpm,slip,motor_current_a,motor_torque_nm,motor_output_kw,wheel_speed_rpm,traction_force_n,consumption_power_kw,regeneration_power_kw
0.000000,0.000000,0.000000,-0.050000,0.000000,0.000000,0.000000,0.000000,0.000000,0.000000,0.000000,0.000000,0.000000,45.000000,0.000000
0.100000,0.033333,0.000000,-0.049843,0.095869,1.917372,0.000000,1.000000,53.255626,8.100331,0.000000,0.000000,47.094951,45.171796,0.000000
0.200000,0.066667,0.000000,-0.048977,0.191741,3.834811,0.000000,1.000000,96.383198,52.800873,0.000000,0.000000,306.981818,45.578587,0.000000
0.300000,0.100000,0.000000,-0.047361,0.287616,5.752317,0.000000,1.000000,126.901163,136.167670,0.000000,0.000000,791.672498,46.048260,0.000000
0.400000,0.133333,0.000000,-0.045298,0.383494,7.669889,0.000000,1.000000,147.545000,242.635904,0.000000,0.000000,1410.673862,46.501056,0.000000
0.500000,0.166667,0.000000,-0.043038,0.479376,9.587528,0.000000,1.000000,161.746598,359.227663,0.000000,0.000000,2088.532925,46.930386,0.000000
0.600000,0.200000,0.000000,-0.040716,0.575262,11.505233,0.000000,1.000000,172.009897,479.058112,0.000000,0.000000,2785.221580,47.352430,0.000000
0.700000,0.233333,0.000000,-0.038389,0.671150,13.423005,0.000000,1.000000,179.905497,599.104450,0.000000,0.000000,3483.165409,47.784099,0.000000
0.800000,0.266667,0.000000,-0.036081,0.767042,15.340844,0.000000,1.000000,186.380476,718.211059,0.000000,0.000000,4175.645690,48.238067,0.000000
0.900000,0.300000,0.000000,-0.033798,0.862937,17.258750,0.000000,1.000000,192.007018,836.034729,0.000000,0.000000,4860.667030,48.723005,0.000000
1.000000,0.333333,0.000000,-0.031539,0.958836,19.176722,0.000000,1.000000,197.136600,952.562358,0.000000,0.000000,5538.153242,49.244702,0.000000
1.100000,0.366667,0.000000,-0.029304,1.054738,21.094761,0.000000,1.000000,201.989466,1067.901906,0.000000,0.000000,6208.732015,49.807038,0.000000
1.200000,0.400000,0.000000,-0.027089,1.150643,23.012866,0.000000,1.000000,206.706144,1182.194651,0.000000,0.000000,6873.224713,50.412641,0.000000
1.300000,0.433333,0.000000,-0.024892,1.246552,24.931039,0.000000,1.000000,211.377521,1295.580026,0.000000,0.000000,7532.442010,51.063320,0.000000
1.400000,0.466667,0.000000,-0.022710,1.342464,26.849278,0.000000,1.000000,216.062811,1408.183029,0.000000,0.000000,8187.110631,51.760341,0.000000
1.500000,0.500000,0.000000,-0.020540,1.438379,28.767583,0.000000,1.000000,220.800553,1520.111093,0.000000,0.000000,8837.855193,52.504603,0.000000
1.600000,0.533333,0.000000,-0.018383,1.534298,30.685955,0.000000,1.000000,225.615533,1631.454749,0.000000,0.000000,9485.202029,53.296753,0.000000
1.700000,0.566667,0.000000,-0.016235,1.630220,32.604394,0.000000,1.000000,230.523237,1742.289596,0.000000,0.000000,10129.590674,54.137263,0.000000
1.800000,0.600000,0.000000,-0.014095,1.726145,34.522900,0.000000,1.000000,235.532786,1852.678554,0.000000,0.000000,10771.386943,55.026477,0.000000
1.900000,0.633333,0.000000,-0.011964,1.822074,36.441472,0.000000,1.000000,240.648904,1962.673977,0.000000,0.000000,11410.895214,55.964648,0.000000
2.000000,0.666667,0.000000,-0.009839,1.918006,38.360111,0.000000,1.000000,245.873269,2072.319486,0.000000,0.000000,12048.369102,56.951964,0.000000
2.100000,0.700000,0.000000,-0.007720,2.013941,40.278816,0.000000,1.000000,251.205454,2181.651510,0.000000,0.000000,12684.020406,57.988559,0.000000
2.200000,0.733333,0.000000,-0.005607,2.109879,42.197589,0.000000,1.000000,256.643580,2290.700554,0.000000,0.000000,13318.026479,59.074532,0.000000
2.300000,0.766667,0.000000,-0.003498,2.205821,44.116427,0.000000,1.000000,262.184789,2399.492232,0.000000,0.000000,13950.536234,60.209950,0.000000
2.400000,0.800000,0.000000,-0.001394,2.301767,46.035333,0.000000,1.000000,267.825581,2508.048106,0.000000,0.000000,14581.675038,61.394858,0.000000
2.500000,0.833333,0.000000,0.000705,2.397715,47.954305,0.000000,1.000000,273.562051,2616.386372,0.000000,0.000000,15211.548676,62.629282,0.000000
2.600000,0.866667,0.000071,0.002798,2.493660,49.873203,0.003915,0.999922,279.380993,2724.359105,0.001117,0.001566,15839.297121,63.912034,0.000000
2.700000,0.900000,0.000350,0.004877,2.589587,51.791748,0.019447,0.999625,285.259030,2831.657899,0.005767,0.007779,16463.127322,65.240510,0.000000
2.800000,0.933333,0.000838,0.006944,2.685497,53.709943,0.046525,0.999134,291.189997,2938.296649,0.014316,0.018610,17083.120052,66.614280,0.000000
2.900000,0.966667,0.001532,0.008998,2.781390,55.627790,0.085076,0.998471,297.168068,3044.287614,0.027122,0.034030,17699.346591,68.032913,0.000000
3.000000,1.000000,0.002432,0.011040,2.877265,57.545291,0.135031,0.997653,303.187770,3149.641664,0.044537,0.054012,18311.870138,69.495974,0.000000
3.100000,1.033333,0.003536,0.013069,2.973122,59.462449,0.196322,0.996698,309.243976,3254.368482,0.066906,0.078529,18920.746986,71.003031,0.000000
3.200000,1.066667,0.004843,0.015087,3.068963,61.379264,0.268880,0.995619,315.331898,3358.476733,0.094565,0.107552,19526.027518,72.553650,0.000000
3.300000,1.100000,0.006352,0.017093,3.164787,63.295740,0.352641,0.994429,321.447071,3461.974212,0.127845,0.141056,20127.757045,74.147395,0.000000
3.400000,1.133333,0.008061,0.019087,3.260594,65.211877,0.447537,0.993137,327.585343,3564.867960,0.167071,0.179015,20725.976510,75.783836,0.000000
3.500000,1.166667,0.009970,0.021069,3.356384,67.127679,0.553504,0.991754,333.742852,3667.164372,0.212559,0.221402,21320.723095,77.462539,0.000000
3.600000,1.200000,0.012077,0.023040,3.452157,69.043146,0.670478,0.990289,339.916014,3768.869286,0.264621,0.268191,21912.030730,79.183075,0.000000
3.700000,1.233333,0.014381,0.025000,3.547914,70.958282,0.798395,0.988748,346.101501,3869.988051,0.323561,0.319358,22499.930530,80.945013,0.000000
3.800000,1.266667,0.016881,0.026948,3.643654,72.873087,0.937191,0.987139,352.296226,3970.525601,0.389677,0.374877,23084.451167,82.747927,0.000000
3.900000,1.300000,0.019575,0.028885,3.739378,74.787564,1.086805,0.985468,358.497327,4070.486501,0.463262,0.434722,23665.619193,84.591390,0.000000
4.000000,1.333333,0.022464,0.030812,3.835086,76.701714,1.247175,0.983740,364.702150,4169.875002,0.544602,0.498870,24243.459316,86.474980,0.000000
4.100000,1.366667,0.025545,0.032727,3.930777,78.615539,1.418238,0.981960,370.908233,4268.695078,0.633976,0.567295,24817.994637,88.398273,0.000000
4.200000,1.400000,0.028818,0.034631,4.026452,80.529042,1.599933,0.980132,377.113296,4366.950460,0.731659,0.639973,25389.246859,90.360851,0.000000
4.300000,1.433333,0.032281,0.036524,4.122111,82.442223,1.792201,0.978261,383.315222,4464.644671,0.837919,0.716880,25957.236462,92.362295,0.000000
4.400000,1.466667,0.035933,0.038407,4.217754,84.355086,1.994980,0.976350,389.512052,4561.781052,0.953019,0.797992,26521.982858,94.402192,0.000000
4.500000,1.500000,0.039774,0.040278,4.313382,86.267630,2.208210,0.974403,395.701965,4658.362779,1.077215,0.883284,27083.504531,96.480128,0.000000
4.600000,1.533333,0.043802,0.042139,4.408993,88.179859,2.431832,0.972422,401.883277,4754.392894,1.210758,0.972733,27641.819151,98.595692,0.000000
4.700000,1.566667,0.048016,0.043990,4.504589,90.091774,2.665786,0.970410,408.054421,4849.874312,1.353893,1.066315,28196.943677,100.748477,0.000000
4.800000,1.600000,0.052415,0.045830,4.600169,92.003377,2.910014,0.968371,414.213948,4944.809845,1.506861,1.164006,28748.894449,102.938078,0.000000
4.900000,1.633333,0.056998,0.047659,4.695733,93.914669,3.164457,0.966305,420.360512,5039.202210,1.669896,1.265783,29297.687268,105.164091,0.000000
5.000000,1.666667,0.061763,0.049478,4.791283,95.825653,3.429055,0.964216,426.492863,5133.054043,1.843227,1.371622,29843.337461,107.426117,0.000000
5.100000,1.700000,0.066711,0.051286,4.886816,97.736329,3.703752,0.962105,432.609844,5226.367911,2.027078,1.481501,30385.859946,109.723757,0.000000
5.200000,1.733333,0.071840,0.053084,4.982335,99.646701,3.988488,0.959974,438.710379,5319.146317,2.221667,1.595395,30925.269285,112.056618,0.000000
5.300000,1.766667,0.077148,0.054872,5.077838,101.556768,4.283208,0.957824,444.793472,5411.391714,2.427206,1.713283,31461.579730,114.424306,0.000000
5.400000,1.800000,0.082635,0.056649,5.173327,103.466534,4.587852,0.955659,450.858198,5503.106506,2.643906,1.835141,31994.805267,116.826432,0.000000
5.500000,1.833333,0.088300,0.058417,5.268800,105.376000,4.902364,0.953477,456.903699,5594.293060,2.871967,1.960946,32524.959650,119.262610,0.000000
5.600000,1.866667,0.094142,0.060174,5.364258,107.285167,5.226688,0.951282,462.929179,5684.953707,3.111588,2.090675,33052.056435,121.732455,0.000000
5.700000,1.900000,0.100159,0.061920,5.459702,109.194038,5.560767,0.949074,468.933901,5775.090750,3.362963,2.224307,33576.109009,124.235587,0.000000
5.800000,1.933333,0.106351,0.063657,5.555131,111.102613,5.904543,0.946855,474.917181,5864.706466,3.626279,2.361817,34097.130614,126.771626,0.000000
5.900000,1.966667,0.112717,0.065384,5.650545,113.010895,6.257962,0.944625,480.878387,5953.803112,3.901719,2.503185,34615.134371,129.340198,0.000000
6.000000,2.000000,0.119256,0.067100,5.745944,114.918885,6.620967,0.942386,486.816931,6042.382927,4.189463,2.648387,35130.133297,131.940930,0.000000
6.100000,2.033333,0.125966,0.068807,5.841329,116.826586,6.993504,0.940138,492.732271,6130.448136,4.489683,2.797401,35642.140325,134.573451,0.000000
6.200000,2.066667,0.132846,0.070504,5.936700,118.733997,7.375515,0.937882,498.623906,6218.000951,4.802548,2.950206,36151.168319,137.237396,0.000000
6.300000,2.100000,0.139897,0.072191,6.032056,120.641122,7.766947,0.935619,504.491371,6305.043574,5.128225,3.106779,36657.230083,139.932399,0.000000
6.400000,2.133333,0.147116,0.073868,6.127398,122.547962,8.167744,0.933351,510.334238,6391.578202,5.466871,3.267098,37160.338382,142.658100,0.000000
6.500000,2.166667,0.154503,0.075535,6.222726,124.454518,8.577852,0.931076,516.152112,6477.607022,5.818643,3.431141,37660.505941,145.414141,0.000000
6.600000,2.200000,0.162056,0.077192,6.318040,126.360793,8.997216,0.928797,521.944630,6563.132220,6.183693,3.598886,38157.745464,148.200165,0.000000
6.700000,2.233333,0.169775,0.078840,6.413339,128.266787,9.425782,0.926514,527.711457,6648.155977,6.562166,3.770313,38652.069635,151.015821,0.000000
6.800000,2.266667,0.177659,0.080478,6.508625,130.172503,9.863496,0.924227,533.452285,6732.680474,6.954205,3.945399,39143.491127,153.860758,0.000000
6.900000,2.300000,0.185707,0.082107,6.603897,132.077941,10.310305,0.921938,539.166833,6816.707889,7.359949,4.124122,39632.022611,156.734631,0.000000
7.000000,2.333333,0.193918,0.083726,6.699155,133.983104,10.766155,0.919645,544.854843,6900.240402,7.779532,4.306462,40117.676754,159.637095,0.000000
7.100000,2.366667,0.202290,0.085335,6.794400,135.887993,11.230993,0.917351,550.516079,6983.280192,8.213083,4.492397,40600.466232,162.567810,0.000000
7.200000,2.400000,0.210824,0.086935,6.889631,137.792610,11.704765,0.915055,556.150327,7065.829441,8.660729,4.681906,41080.403726,165.526438,0.000000
7.300000,2.433333,0.219517,0.088525,6.984848,139.696956,12.187419,0.912758,561.757393,7147.890332,9.122592,4.874968,41557.501930,168.512643,0.000000
7.400000,2.466667,0.228370,0.090106,7.080052,141.601033,12.678902,0.910460,567.337101,7229.465051,9.598789,5.071561,42031.773550,171.526094,0.000000
7.500000,2.500000,0.237380,0.091677,7.175242,143.504843,13.179163,0.908162,572.889293,7310.555785,10.089435,5.271665,42503.231309,174.566462,0.000000
7.600000,2.533333,0.246548,0.093240,7.270419,145.408387,13.688148,0.905864,578.413827,7391.164727,10.594640,5.475259,42971.887949,177.633420,0.000000
7.700000,2.566667,0.255872,0.094793,7.365583,147.311666,14.205807,0.903566,583.910577,7471.294071,11.114511,5.682323,43437.756227,180.726644,0.000000
7.800000,2.600000,0.265351,0.096336,7.460734,149.214682,14.732087,0.901269,589.379432,7550.946015,11.649151,5.892835,43900.848922,183.845816,0.000000
7.900000,2.633333,0.274985,0.097871,7.555872,151.117437,15.266937,0.898973,594.820292,7630.122759,12.198658,6.106775,44361.178833,186.990616,0.000000
8.000000,2.666667,0.284772,0.099396,7.650997,153.019932,15.810307,0.896678,600.233074,7708.826510,12.763130,6.324123,44818.758779,190.160731,0.000000
8.100000,2.700000,0.294712,0.100912,7.746108,154.922169,16.362144,0.894385,605.617704,7787.059475,13.342657,6.544858,45273.601600,193.355849,0.000000
8.200000,2.733333,0.304803,0.102419,7.841207,156.824150,16.922399,0.892093,610.974122,7864.823867,13.937329,6.768960,45725.720155,196.575660,0.000000
8.300000,2.766667,0.315045,0.103917,7.936294,158.725875,17.491022,0.889804,616.302276,7942.121900,14.547231,6.996409,46175.127325,199.819858,0.000000
8.400000,2.800000,0.325436,0.105406,8.031367,160.627346,18.067961,0.887516,621.602127,8018.955794,15.172445,7.227184,46621.836009,203.088142,0.000000
8.500000,2.833333,0.335977,0.106886,8.126428,162.528565,18.653167,0.885231,626.873644,8095.327770,15.813049,7.461267,47065.859126,206.380209,0.000000
8.600000,2.866667,0.346666,0.108357,8.221477,164.429533,19.246590,0.882949,632.116805,8171.240053,16.469119,7.698636,47507.209612,209.695764,0.000000
8.700000,2.900000,0.357501,0.109820,8.316513,166.330252,19.848181,0.880670,637.331599,8246.694873,17.140728,7.939272,47945.900422,213.034510,0.000000
8.800000,2.933333,0.368483,0.111273,8.411536,168.230724,20.457891,0.878394,642.518019,8321.694458,17.827943,8.183156,48381.944524,216.396157,0.000000
8.900000,2.966667,0.379611,0.112718,8.506547,170.130949,21.075670,0.876121,647.676070,8396.241044,18.530831,8.430268,48815.354905,219.780416,0.000000
9.000000,3.000000,0.390882,0.114154,8.601546,172.030929,21.701470,0.873851,652.805761,8470.336865,19.249456,8.680588,49246.144564,223.186999,0.000000
9.100000,3.033333,0.402298,0.115581,8.696533,173.930666,22.335242,0.871585,657.907109,8543.984160,19.983876,8.934097,49674.326511,226.615624,0.000000
9.200000,3.066667,0.413856,0.117000,8.791508,175.830161,22.976939,0.869323,662.980139,8617.185168,20.734149,9.190776,50099.913770,230.066010,0.000000
9.300000,3.100000,0.425556,0.118410,8.886471,177.729415,23.626512,0.867065,668.024879,8689.942132,21.500329,9.450605,50522.919374,233.537878,0.000000
9.400000,3.133333,0.437397,0.119811,8.981422,179.628430,24.283912,0.864810,673.041366,8762.257295,22.282467,9.713565,50943.356364,237.030955,0.000000
9.500000,3.166667,0.449378,0.121204,9.076360,181.527208,24.949094,0.862560,678.029640,8834.132900,23.080612,9.979638,51361.237788,240.544967,0.000000
9.600000,3.200000,0.461498,0.122589,9.171288,183.425750,25.622009,0.860314,682.989747,8905.571193,23.894810,10.248804,51776.576702,244.079645,0.000000
9.700000,3.233333,0.473757,0.123965,9.266203,185.324057,26.302611,0.858072,687.921738,8976.574420,24.725103,10.521044,52189.386163,247.634722,0.000000
9.800000,3.266667,0.486154,0.125332,9.361107,187.222131,26.990852,0.855835,692.825670,9047.144828,25.571533,10.796341,52599.679233,251.209933,0.000000
9.900000,3.300000,0.498687,0.126692,9.455999,189.119972,27.686687,0.853603,697.701602,9117.284664,26.434136,11.074675,53007.468974,254.805016,0.000000
10.000000,3.333333,0.511356,0.128043,9.550879,191.017584,28.390068,0.851375,702.549598,9186.996173,27.312948,11.356027,53412.768448,258.419713,0.000000
10.100000,3.366667,0.524160,0.129385,9.645748,192.914966,29.100949,0.849151,707.369726,9256.281603,28.208002,11.640380,53815.590716,262.053767,0.000000
10.200000,3.400000,0.537099,0.130720,9.740606,194.812120,29.819286,0.846933,712.162058,9325.143199,29.119329,11.927714,54215.948833,265.706924,0.000000
10.300000,3.433333,0.550171,0.132046,9.835452,196.709048,30.545031,0.844720,716.926670,9393.583207,30.046956,12.218012,54613.855852,269.378934,0.000000
10.400000,3.466667,0.563376,0.133364,9.930288,198.605751,31.278141,0.842511,721.663639,9461.603869,30.990908,12.511256,55009.324819,273.069547,0.000000
10.500000,3.500000,0.576712,0.134675,10.025111,200.502230,32.018569,0.840308,726.373048,9529.207429,31.951210,12.807427,55402.368770,276.778518,0.000000
10.600000,3.533333,0.590179,0.135977,10.119924,202.398487,32.766271,0.838110,731.054981,9596.396126,32.927882,13.106508,55793.000735,280.505603,0.000000
10.700000,3.566667,0.603777,0.137271,10.214726,204.294523,33.521202,0.835917,735.709526,9663.172202,33.920943,13.408481,56181.233730,284.250561,0.000000
10.800000,3.600000,0.617504,0.138557,10.309517,206.190339,34.283318,0.833730,740.336772,9729.537891,34.930409,13.713327,56567.080761,288.013153,0.000000
10.900000,3.633333,0.631360,0.139835,10.404297,208.085937,35.052574,0.831548,744.936812,9795.495429,35.956296,14.021030,56950.554818,291.793144,0.000000
11.000000,3.666667,0.645343,0.141106,10.499066,209.981318,35.828928,0.829371,749.509740,9861.047047,36.998614,14.331571,57331.668878,295.590301,0.000000
11.100000,3.700000,0.659454,0.142368,10.593824,211.876484,36.612334,0.827200,754.055655,9926.194975,38.057375,14.644934,57710.435901,299.404392,0.000000
11.200000,3.733333,0.673691,0.143623,10.688572,213.771435,37.402750,0.825034,758.574654,9990.941438,39.132587,14.961100,58086.868826,303.235188,0.000000
11.300000,3.766667,0.688053,0.144870,10.783309,215.666173,38.200132,0.822874,763.066839,10055.288659,40.224257,15.280053,58460.980578,307.082464,0.000000
11.400000,3.800000,0.702540,0.146109,10.878035,217.560700,39.004438,0.820719,767.532312,10119.238858,41.332387,15.601775,58832.784057,310.945996,0.000000
11.500000,3.833333,0.717151,0.147341,10.972751,219.455016,39.815624,0.818570,771.971179,10182.794249,42.456982,15.926250,59202.292143,314.825563,0.000000
11.600000,3.866667,0.731885,0.148565,11.067456,221.349123,40.633649,0.816427,776.383545,10245.957043,43.598041,16.253460,59569.517693,318.720945,0.000000
11.700000,3.900000,0.746742,0.149782,11.162151,223.243022,41.458470,0.814290,780.769518,10308.729448,44.755564,16.583388,59934.473537,322.631926,0.000000
11.800000,3.933333,0.761720,0.150991,11.256836,225.136714,42.290045,0.812158,785.129207,10371.113667,45.929547,16.916018,60297.172483,326.558292,0.000000
11.900000,3.966667,0.776819,0.152192,11.351510,227.030201,43.128332,0.810033,789.462722,10433.111897,47.119985,17.251333,60657.627309,330.499831,0.000000
12.000000,4.000000,0.792038,0.153386,11.446174,228.923484,43.973290,0.807913,793.770176,10494.726332,48.326873,17.589316,61015.850766,334.456333,0.000000
12.100000,4.033333,0.807377,0.154573,11.540828,230.816565,44.824877,0.805799,798.051680,10555.959159,49.550202,17.929951,61371.855576,338.427590,0.000000
12.200000,4.066667,0.822834,0.155752,11.635472,232.709443,45.683053,0.803691,802.307350,10616.812562,50.789962,18.273221,61725.654431,342.413399,0.000000
12.300000,4.100000,0.838409,0.156924,11.730106,234.602122,46.547776,0.801588,806.537299,10677.288718,52.046141,18.619110,62077.259990,346.413554,0.000000
12.400000,4.133333,0.854102,0.158089,11.824730,236.494601,47.419006,0.799492,810.741643,10737.389800,53.318728,18.967602,62426.684881,350.427857,0.000000
12.500000,4.166667,0.869910,0.159246,11.919344,238.386882,48.296702,0.797402,814.920500,10797.117972,54.607707,19.318681,62773.941697,354.456109,0.000000
12.600000,4.200000,0.885835,0.160397,12.013948,240.278967,49.180826,0.795318,819.073987,10856.475396,55.913063,19.672330,63119.042998,358.498112,0.000000
12.700000,4.233333,0.901875,0.161540,12.108543,242.170856,50.071335,0.793240,823.202222,10915.464225,57.234778,20.028534,63462.001308,362.553674,0.000000
12.800000,4.266667,0.918029,0.162676,12.203128,244.062551,50.968192,0.791168,827.305324,10974.086607,58.572833,20.387277,63802.829113,366.622602,0.000000
12.900000,4.300000,0.934296,0.163805,12.297703,245.954052,51.871356,0.789101,831.383412,11032.344684,59.927208,20.748542,64141.538862,370.704706,0.000000
13.000000,4.333333,0.950677,0.164927,12.392268,247.845362,52.780789,0.787041,835.436607,11090.240590,61.297881,21.112315,64478.142968,374.799798,0.000000
13.100000,4.366667,0.967170,0.166042,12.486824,249.736481,53.696450,0.784988,839.465030,11147.776454,62.684829,21.478580,64812.653801,378.907693,0.000000
13.200000,4.400000,0.983774,0.167150,12.581371,251.627411,54.618303,0.782940,843.468800,11204.954396,64.088028,21.847321,65145.083695,383.028208,0.000000
13.300000,4.433333,1.000489,0.168251,12.675908,253.518152,55.546307,0.780898,847.448040,11261.776530,65.507453,22.218523,65475.444939,387.161160,0.000000
13.400000,4.466667,1.017314,0.169346,12.770435,255.408706,56.480425,0.778863,851.402872,11318.244963,66.943076,22.592170,65803.749783,391.306370,0.000000
13.500000,4.500000,1.034249,0.170433,12.864954,257.299074,57.420619,0.776833,855.333418,11374.361795,68.394870,22.968248,66130.010434,395.463661,0.000000
13.600000,4.533333,1.051292,0.171514,12.959463,259.189257,58.366851,0.774810,859.239800,11430.129117,69.862805,23.346740,66454.239055,399.632856,0.000000
13.700000,4.566667,1.068443,0.172588,13.053963,261.079256,59.319083,0.772793,863.122141,11485.549016,71.346851,23.727633,66776.447765,403.813783,0.000000
13.800000,4.600000,1.085702,0.173655,13.148454,262.969072,60.277278,0.770782,866.980565,11540.623566,72.846976,24.110911,67096.648639,408.006270,0.000000
13.900000,4.633333,1.103068,0.174716,13.242935,264.858707,61.241399,0.768777,870.815193,11595.354838,74.363148,24.496560,67414.853708,412.210148,0.000000
14.000000,4.666667,1.120539,0.175770,13.337408,266.748162,62.211409,0.766778,874.626149,11649.744892,75.895333,24.884563,67731.074954,416.425247,0.000000
14.100000,4.700000,1.138116,0.176818,13.431872,268.637437,63.187270,0.764786,878.413558,11703.795782,77.443496,25.274908,68045.324314,420.651403,0.000000
14.200000,4.733333,1.155798,0.177859,13.526327,270.526534,64.168948,0.762800,882.177541,11757.509553,79.007601,25.667579,68357.613679,424.888452,0.000000
14.300000,4.766667,1.173584,0.178893,13.620773,272.415454,65.156405,0.760820,885.918223,11810.888241,80.587613,26.062562,68667.954889,429.136231,0.000000
14.400000,4.800000,1.191473,0.179921,13.715210,274.304198,66.149605,0.758846,889.635727,11863.933875,82.183492,26.459842,68976.359739,433.394581,0.000000
14.500000,4.833333,1.209465,0.180943,13.809638,276.192767,67.148512,0.756878,893.330176,11916.648476,83.795200,26.859405,69282.839974,437.663342,0.000000
14.600000,4.866667,1.227560,0.181958,13.904058,278.081162,68.153091,0.754917,897.001695,11969.034054,85.422697,27.261237,69587.407289,441.942358,0.000000
14.700000,4.900000,1.245756,0.182967,13.998469,279.969385,69.163307,0.752961,900.650405,12021.092613,87.065944,27.665323,69890.073329,446.231475,0.000000
14.800000,4.933333,1.264052,0.183969,14.092872,281.857435,70.179124,0.751012,904.276431,12072.826147,88.724898,28.071650,70190.849690,450.530538,0.000000
14.900000,4.966667,1.282449,0.184966,14.187266,283.745316,71.200508,0.749069,907.879896,12124.236642,90.399517,28.480203,70489.747916,454.839398,0.000000
15.000000,5.000000,1.300946,0.185956,14.281651,285.633026,72.227422,0.747132,911.460922,12175.326074,92.089759,28.890969,70786.779501,459.157904,0.000000
15.100000,5.033333,1.319541,0.186940,14.376028,287.520568,73.259834,0.745201,915.019632,12226.096413,93.795578,29.303934,71081.955887,463.485908,0.000000
15.200000,5.066667,1.338235,0.187918,14.470397,289.407942,74.297709,0.743277,918.556150,12276.549616,95.516932,29.719084,71375.288462,467.823264,0.000000
15.300000,5.100000,1.357027,0.188889,14.564758,291.295150,75.341012,0.741359,922.070597,12326.687633,97.253773,30.136405,71666.788565,472.169828,0.000000
15.400000,5.133333,1.375916,0.189855,14.659110,293.182193,76.389709,0.739446,925.563096,12376.512407,99.006055,30.555884,71956.467481,476.525457,0.000000
15.500000,5.166667,1.394901,0.190814,14.753454,295.069071,77.443768,0.737540,929.033769,12426.025868,100.773733,30.977507,72244.336440,480.890010,0.000000
15.600000,5.200000,1.413983,0.191768,14.847789,296.955786,78.503154,0.735640,932.482738,12475.229939,102.556758,31.401262,72530.406622,485.263346,0.000000
15.700000,5.233333,1.433160,0.192716,14.942117,298.842338,79.567834,0.733746,935.910123,12524.126534,104.355081,31.827134,72814.689151,489.645329,0.000000
15.800000,5.266667,1.452431,0.193657,15.036436,300.728729,80.637775,0.731859,939.316046,12572.717557,106.168655,32.255110,73097.195097,494.035822,0.000000
15.900000,5.300000,1.471797,0.194593,15.130748,302.614959,81.712944,0.729977,942.700629,12621.004902,107.997428,32.685178,73377.935479,498.434690,0.000000
16.000000,5.333333,1.491256,0.195523,15.225052,304.501030,82.793309,0.728102,946.063992,12668.990456,109.841351,33.117324,73656.921257,502.841800,0.000000
16.100000,5.366667,1.510809,0.196447,15.319347,306.386943,83.878837,0.726232,949.406254,12716.676095,111.700374,33.551535,73934.163340,507.257020,0.000000
16.200000,5.400000,1.530453,0.197366,15.413635,308.272698,84.969495,0.724369,952.727536,12764.063684,113.574444,33.987798,74209.672581,511.680221,0.000000
16.300000,5.433333,1.550190,0.198278,15.507915,310.158297,86.065253,0.722512,956.027958,12811.155082,115.463510,34.426101,74483.459777,516.111273,0.000000
16.400000,5.466667,1.570018,0.199185,15.602187,312.043740,87.166077,0.720661,959.307638,12857.952135,117.367518,34.866431,74755.535671,520.550049,0.000000
16.500000,5.500000,1.589936,0.200086,15.696451,313.929029,88.271936,0.718816,962.566696,12904.456683,119.286417,35.308774,75025.910950,524.996425,0.000000
16.600000,5.533333,1.609945,0.200982,15.790708,315.814164,89.382799,0.716977,965.805249,12950.670554,121.220152,35.753119,75294.596247,529.450275,0.000000
16.700000,5.566667,1.630043,0.201872,15.884957,317.699146,90.498634,0.715144,969.023417,12996.595567,123.168668,36.199454,75561.602136,533.911477,0.000000
16.800000,5.600000,1.650230,0.202756,15.979199,319.583977,91.619410,0.713317,972.221316,13042.233532,125.131913,36.647764,75826.939139,538.379911,0.000000
16.900000,5.633333,1.670506,0.203635,16.073433,321.468657,92.745097,0.711496,975.399064,13087.586248,127.109830,37.098039,76090.617719,542.855455,0.000000
17.000000,5.666667,1.690869,0.204509,16.167659,323.353187,93.875664,0.709681,978.556778,13132.655505,129.102363,37.550266,76352.648286,547.337992,0.000000
17.100000,5.700000,1.711320,0.205377,16.261878,325.237568,95.011080,0.707872,981.694574,13177.443085,131.109458,38.004432,76613.041191,551.827404,0.000000
17.200000,5.733333,1.731858,0.206239,16.356090,327.121801,96.151315,0.706069,984.812567,13221.950758,133.131057,38.460526,76871.806731,556.323576,0.000000
17.300000,5.766667,1.752482,0.207097,16.450294,329.005887,97.296339,0.704272,987.910874,13266.180285,135.167105,38.918535,77128.955145,560.826394,0.000000
17.400000,5.800000,1.773192,0.207948,16.544491,330.889827,98.446121,0.702481,990.989610,13310.133418,137.217542,39.378449,77384.496619,565.335745,0.000000
17.500000,5.833333,1.793986,0.208795,16.638681,332.773622,99.600633,0.700696,994.048888,13353.811900,139.282313,39.840253,77638.441278,569.851516,0.000000
17.600000,5.866667,1.814866,0.209636,16.732864,334.657272,100.759844,0.698916,997.088824,13397.217461,141.361359,40.303938,77890.799194,574.373598,0.000000
17.700000,5.900000,1.835830,0.210472,16.827039,336.540778,101.923726,0.697143,1000.109531,13440.351826,143.454622,40.769490,78141.580382,578.901882,0.000000
17.800000,5.933333,1.856877,0.211303,16.921207,338.424142,103.092249,0.695376,1003.111121,13483.216706,145.562044,41.236899,78390.794800,583.436260,0.000000
17.900000,5.966667,1.878007,0.212128,17.015368,340.307365,104.265383,0.693614,1006.093708,13525.813804,147.683565,41.706153,78638.452351,587.976626,0.000000
18.000000,6.000000,1.899220,0.212949,17.109522,342.190446,105.443101,0.691858,1009.057404,13568.144816,149.819126,42.177240,78884.562881,592.522874,0.000000
18.100000,6.033333,1.920515,0.213764,17.203669,344.073388,106.625374,0.690109,1012.002320,13610.211423,151.968668,42.650150,79129.136179,597.074900,0.000000
18.200000,6.066667,1.941891,0.214574,17.297810,345.956190,107.812173,0.688365,1014.928568,13652.015300,154.132131,43.124869,79372.181978,601.632602,0.000000
18.300000,6.100000,1.963348,0.215379,17.391943,347.838854,109.003469,0.686627,1017.836259,13693.558112,156.309454,43.601388,79613.709956,606.195878,0.000000
18.400000,6.133333,1.984886,0.216179,17.486069,349.721381,110.199236,0.684894,1020.725502,13734.841514,158.500579,44.079694,79853.729733,610.764628,0.000000
18.500000,6.166667,2.006504,0.216974,17.580189,351.603771,111.399444,0.683168,1023.596407,13775.867150,160.705443,44.559778,80092.250875,615.338753,0.000000
18.600000,6.200000,2.028202,0.217764,17.674301,353.486025,112.604066,0.681447,1026.449084,13816.636657,162.923987,45.041627,80329.282890,619.918155,0.000000
18.700000,6.233333,2.049978,0.218549,17.768407,355.368145,113.813076,0.679732,1029.283641,13857.151660,165.156149,45.525230,80564.835232,624.502737,0.000000
18.800000,6.266667,2.071833,0.219330,17.862506,357.250130,115.026444,0.678023,1032.100186,13897.413775,167.401868,46.010578,80798.917297,629.092404,0.000000
18.900000,6.300000,2.093766,0.220105,17.956599,359.131982,116.244144,0.676319,1034.898827,13937.424609,169.661083,46.497658,81031.538427,633.687061,0.000000
19.000000,6.333333,2.115777,0.220876,18.050685,361.013702,117.466150,0.674621,1037.679671,13977.185760,171.933731,46.986460,81262.707907,638.286614,0.000000
19.100000,6.366667,2.137864,0.221641,18.144764,362.895290,118.692433,0.672929,1040.442825,14016.698815,174.219752,47.476973,81492.434968,642.890973,0.000000
19.200000,6.400000,2.160028,0.222402,18.238837,364.776747,119.922968,0.671243,1043.188394,14055.965351,176.519083,47.969187,81720.728785,647.500044,0.000000
19.300000,6.433333,2.182268,0.223159,18.332904,366.658074,121.157728,0.669562,1045.916484,14094.986938,178.831663,48.463091,81947.598476,652.113739,0.000000
19.400000,6.466667,2.204584,0.223910,18.426964,368.539272,122.396686,0.667887,1048.627200,14133.765134,181.157428,48.958674,82173.053107,656.731969,0.000000
19.500000,6.500000,2.226975,0.224657,18.521017,370.420341,123.639816,0.666218,1051.320647,14172.301490,183.496317,49.455927,82397.101685,661.354645,0.000000
19.600000,6.533333,2.249441,0.225399,18.615064,372.301283,124.887093,0.664554,1053.996928,14210.597545,185.848267,49.954837,82619.753166,665.981680,0.000000
19.700000,6.566667,2.271981,0.226137,18.709105,374.182098,126.138491,0.662895,1056.656148,14248.654829,188.213216,50.455396,82841.016449,670.612990,0.000000
19.800000,6.600000,2.294595,0.226870,18.803139,376.062787,127.393983,0.661243,1059.298407,14286.474865,190.591100,50.957593,83060.900379,675.248489,0.000000
19.900000,6.633333,2.317282,0.227598,18.897168,377.943351,128.653545,0.659596,1061.923810,14324.059164,192.981857,51.461418,83279.413747,679.888093,0.000000
20.000000,6.666667,2.340041,0.228322,18.991190,379.823790,129.917150,0.657954,1064.532457,14361.409229,195.385423,51.966860,83496.565287,684.531720,0.000000
20.100000,6.700000,2.362874,0.229041,19.085205,381.704106,131.184774,0.656318,1067.124451,14398.526554,197.801737,52.473910,83712.363683,689.179287,0.000000
20.200000,6.733333,2.385778,0.229756,19.179215,383.584298,132.456392,0.654688,1069.699891,14435.412621,200.230734,52.982557,83926.817563,693.830715,0.000000
20.300000,6.766667,2.408753,0.230466,19.273218,385.464368,133.731978,0.653063,1072.258878,14472.068906,202.672352,53.492791,84139.935501,698.485922,0.000000
20.400000,6.800000,2.431800,0.231172,19.367216,387.344317,135.011509,0.651443,1074.801511,14508.496875,205.126528,54.004603,84351.726017,703.144832,0.000000
20.500000,6.833333,2.454917,0.231874,19.461207,389.224145,136.294959,0.649829,1077.327890,14544.697984,207.593197,54.517983,84562.197579,707.807364,0.000000
20.600000,6.866667,2.478105,0.232571,19.555193,391.103853,137.582304,0.648221,1079.838113,14580.673680,210.072298,55.032922,84771.358602,712.473444,0.000000
20.700000,6.900000,2.501362,0.233264,19.649172,392.983441,138.873520,0.646617,1082.332278,14616.425401,212.563766,55.549408,84979.217445,717.142993,0.000000
20.800000,6.933333,2.524688,0.233953,19.743146,394.862911,140.168582,0.645020,1084.810483,14651.954576,215.067537,56.067433,85185.782418,721.815938,0.000000
20.900000,6.966667,2.548083,0.234637,19.837113,396.742263,141.467468,0.643427,1087.272824,14687.262625,217.583550,56.586987,85391.061776,726.492205,0.000000
21.000000,7.000000,2.571547,0.235317,19.931075,398.621499,142.770152,0.641840,1089.719398,14722.350960,220.111740,57.108061,85595.063722,731.171719,0.000000
21.100000,7.033333,2.595079,0.235993,20.025031,400.500617,144.076612,0.640259,1092.150301,14757.220982,222.652043,57.630645,85797.796408,735.854408,0.000000
21.200000,7.066667,2.618678,0.236664,20.118981,402.379620,145.386823,0.638682,1094.565628,14791.874084,225.204397,58.154729,85999.267932,740.540202,0.000000
21.300000,7.100000,2.642344,0.237332,20.212925,404.258508,146.700763,0.637112,1096.965473,14826.311651,227.768738,58.680305,86199.486341,745.229028,0.000000
21.400000,7.133333,2.666078,0.237995,20.306864,406.137282,148.018409,0.635546,1099.349932,14860.535057,230.345003,59.207363,86398.459632,749.920818,0.000000
21.500000,7.166667,2.689877,0.238654,20.400797,408.015942,149.339736,0.633986,1101.719097,14894.545669,232.933128,59.735895,86596.195749,754.615502,0.000000
21.600000,7.200000,2.713743,0.239309,20.494724,409.894489,150.664723,0.632430,1104.073063,14928.344845,235.533050,60.265889,86792.702586,759.313013,0.000000
21.700000,7.233333,2.737673,0.239960,20.588646,411.772924,151.993347,0.630881,1106.411921,14961.933933,238.144705,60.797339,86987.987983,764.013282,0.000000
21.800000,7.266667,2.761669,0.240607,20.682562,413.651248,153.325585,0.629336,1108.735764,14995.314274,240.768030,61.330234,87182.059734,768.716243,0.000000
21.900000,7.300000,2.785730,0.241250,20.776473,415.529461,154.661414,0.627797,1111.044683,15028.487200,243.402963,61.864566,87374.925580,773.421832,0.000000
22.000000,7.333333,2.809855,0.241889,20.870378,417.407563,156.000812,0.626263,1113.338769,15061.454032,246.049439,62.400325,87566.593211,778.129981,0.000000
22.100000,7.366667,2.834044,0.242524,20.964278,419.285556,157.343758,0.624734,1115.618113,15094.216086,248.707396,62.937503,87757.070270,782.840629,0.000000
22.200000,7.400000,2.858296,0.243155,21.058172,421.163440,158.690229,0.623210,1117.882805,15126.774668,251.376770,63.476091,87946.364347,787.553711,0.000000
22.300000,7.433333,2.882612,0.243782,21.152061,423.041217,160.040202,0.621691,1120.132935,15159.131073,254.057499,64.016081,88134.482985,792.269164,0.000000
22.400000,7.466667,2.906990,0.244405,21.245944,424.918885,161.393658,0.620178,1122.368591,15191.286592,256.749519,64.557463,88321.433676,796.986927,0.000000
22.500000,7.500000,2.931430,0.245024,21.339822,426.796447,162.750573,0.618669,1124.589862,15223.242505,259.452768,65.100229,88507.223865,801.706939,0.000000
22.600000,7.533333,2.955933,0.245640,21.433695,428.673902,164.110926,0.617166,1126.796835,15255.000083,262.167183,65.644370,88691.860946,806.429140,0.000000
22.700000,7.566667,2.980497,0.246251,21.527563,430.551252,165.474696,0.615668,1128.989599,15286.560590,264.892701,66.189878,88875.352266,811.153469,0.000000
22.800000,7.600000,3.005122,0.246859,21.621425,432.428497,166.841862,0.614175,1131.168239,15317.925281,267.629260,66.736745,89057.705123,815.879869,0.000000
22.900000,7.633333,3.029808,0.247463,21.715282,434.305638,168.212403,0.612687,1133.332843,15349.095404,270.376796,67.284961,89238.926768,820.608280,0.000000
23.000000,7.666667,3.054554,0.248063,21.809134,436.182675,169.586297,0.611204,1135.483497,15380.072197,273.135248,67.834519,89419.024404,825.338647,0.000000
23.100000,7.700000,3.079360,0.248660,21.902980,438.059609,170.963525,0.609725,1137.620285,15410.856892,275.904553,68.385410,89598.005185,830.070910,0.000000
23.200000,7.733333,3.104226,0.249253,21.996822,439.936441,172.344064,0.608252,1139.743292,15441.450710,278.684650,68.937626,89775.876220,834.805016,0.000000
23.300000,7.766667,3.129152,0.249842,22.090659,441.813171,173.727896,0.606784,1141.852603,15471.854866,281.475474,69.491158,89952.644569,839.540908,0.000000
23.400000,7.800000,3.154136,0.250428,22.184490,443.689800,175.114998,0.605321,1143.948302,15502.070567,284.276966,70.045999,90128.317247,844.278532,0.000000
23.500000,7.833333,3.179179,0.251010,22.278316,445.566328,176.505352,0.603863,1146.030472,15532.099010,287.089063,70.602141,90302.901222,849.017834,0.000000
23.600000,7.866667,3.204280,0.251588,22.372138,447.442757,177.898937,0.602410,1148.099196,15561.941387,289.911703,71.159575,90476.403415,853.758760,0.000000
23.700000,7.900000,3.229438,0.252163,22.465954,449.319086,179.295733,0.600961,1150.154555,15591.598881,292.744824,71.718293,90648.830701,858.501258,0.000000
23.800000,7.933333,3.254655,0.252734,22.559766,451.195316,180.695719,0.599518,1152.196633,15621.072665,295.588365,72.278288,90820.189912,863.245276,0.000000
23.900000,7.966667,3.279928,0.253302,22.653572,453.071448,182.098877,0.598079,1154.225510,15650.363907,298.442264,72.839551,90990.487830,867.990763,0.000000
24.000000,8.000000,3.305258,0.253866,22.747374,454.947483,183.505187,0.596645,1156.241268,15679.473766,301.306461,73.402075,91159.731196,872.737666,0.000000
24.100000,8.033333,3.330645,0.254426,22.841171,456.823421,184.914628,0.595216,1158.243985,15708.403393,304.180894,73.965851,91327.926704,877.485938,0.000000
24.200000,8.066667,3.356088,0.254984,22.934963,458.699262,186.327183,0.593792,1160.233744,15737.153933,307.065503,74.530873,91495.081004,882.235528,0.000000
24.300000,8.100000,3.381586,0.255537,23.028750,460.575008,187.742830,0.592373,1162.210622,15765.726521,309.960225,75.097132,91661.200701,886.986386,0.000000
24.400000,8.133333,3.407140,0.256088,23.122533,462.450658,189.161552,0.590958,1164.174698,15794.122285,312.865001,75.664621,91826.292356,891.738466,0.000000
24.500000,8.166667,3.432748,0.256635,23.216311,464.326214,190.583330,0.589549,1166.126052,15822.342348,315.779771,76.233332,91990.362487,896.491718,0.000000
24.600000,8.200000,3.458412,0.257178,23.310084,466.201676,192.008143,0.588144,1168.064761,15850.387822,318.704473,76.803257,92153.417568,901.246097,0.000000
24.700000,8.233333,3.484130,0.257718,23.403852,468.077044,193.435974,0.586743,1169.990903,15878.259813,321.639047,77.374390,92315.464028,906.001555,0.000000
24.800000,8.266667,3.509901,0.258255,23.497616,469.952320,194.866804,0.585348,1171.904554,15905.959420,324.583434,77.946722,92476.508256,910.758047,0.000000
24.900000,8.300000,3.535727,0.258789,23.591375,471.827503,196.300615,0.583957,1173.805791,15933.487734,327.537574,78.520246,92636.556596,915.515527,0.000000
25.000000,8.333333,3.561606,0.259319,23.685130,473.702594,197.737387,0.582571,1175.694691,15960.845840,330.501406,79.094955,92795.615349,920.273950,0.000000
25.100000,8.366667,3.587538,0.259846,23.778880,475.577594,199.177103,0.581189,1177.571328,15988.034813,333.474872,79.670841,92953.690775,925.033273,0.000000
25.200000,8.400000,3.613522,0.260369,23.872625,477.452504,200.619744,0.579812,1179.435777,16015.055724,336.457911,80.247898,93110.789093,929.793451,0.000000
25.300000,8.433333,3.639559,0.260890,23.966366,479.327323,202.065293,0.578440,1181.288115,16041.909634,339.450465,80.826117,93266.916478,934.554441,0.000000
25.400000,8.466667,3.665648,0.261407,24.060103,481.202052,203.513731,0.577072,1183.128414,16068.597599,342.452475,81.405492,93422.079063,939.316201,0.000000
25.500000,8.500000,3.691789,0.261921,24.153835,483.076693,204.965040,0.575709,1184.956748,16095.120666,345.463881,81.986016,93576.282943,944.078688,0.000000
25.600000,8.533333,3.717981,0.262432,24.247562,484.951245,206.419204,0.574351,1186.773192,16121.479877,348.484625,82.567681,93729.534169,948.841861,0.000000
25.700000,8.566667,3.744224,0.262939,24.341285,486.825709,207.876203,0.572997,1188.577817,16147.676265,351.514648,83.150481,93881.838752,953.605680,0.000000
25.800000,8.600000,3.770518,0.263444,24.435004,488.700086,209.336021,0.571647,1190.370695,16173.710858,354.553892,83.734408,94033.202663,958.370102,0.000000
25.900000,8.633333,3.796862,0.263945,24.528719,490.574375,210.798640,0.570302,1192.151900,16199.584675,357.602300,84.319456,94183.631834,963.135089,0.000000
26.000000,8.666667,3.823257,0.264444,24.622429,492.448579,212.264043,0.568962,1193.921502,16225.298730,360.659812,84.905617,94333.132154,967.900601,0.000000
26.100000,8.700000,3.849701,0.264939,24.716135,494.322696,213.732213,0.567626,1195.679573,16250.854029,363.726371,85.492885,94481.709474,972.666599,0.000000
26.200000,8.733333,3.876195,0.265431,24.809836,496.196728,215.203132,0.566295,1197.426182,16276.251572,366.801920,86.081253,94629.369606,977.433044,0.000000
26.300000,8.766667,3.902738,0.265920,24.903534,498.070675,216.676784,0.564968,1199.161401,16301.492351,369.886401,86.670714,94776.118321,982.199898,0.000000
26.400000,8.800000,3.929330,0.266407,24.997227,499.944538,218.153152,0.563645,1200.885299,16326.577353,372.979756,87.261261,94921.961355,986.967124,0.000000
26.500000,8.833333,3.955971,0.266890,25.090916,501.818317,219.632219,0.562327,1202.597945,16351.507557,376.081930,87.852888,95066.904399,991.734684,0.000000
26.600000,8.866667,3.982660,0.267370,25.184601,503.692013,221.113968,0.561014,1204.299408,16376.283935,379.192865,88.445587,95210.953112,996.502542,0.000000
26.700000,8.900000,4.009397,0.267847,25.278281,505.565625,222.598383,0.559704,1205.989756,16400.907455,382.312504,89.039353,95354.113111,1001.270662,0.000000
26.800000,8.933333,4.036182,0.268321,25.371958,507.439156,224.085448,0.558399,1207.669058,16425.379076,385.440791,89.634179,95496.389976,1006.039008,0.000000
26.900000,8.966667,4.063014,0.268793,25.465630,509.312604,225.575145,0.557099,1209.337382,16449.699751,388.577670,90.230058,95637.789249,1010.807545,0.000000
27.000000,9.000000,4.089893,0.269261,25.559299,511.185972,227.067460,0.555803,1210.994793,16473.870427,391.723084,90.826984,95778.316436,1015.576238,0.000000
27.100000,9.033333,4.116819,0.269727,25.652963,513.059258,228.562375,0.554511,1212.641360,16497.892045,394.876978,91.424950,95917.977003,1020.345052,0.000000
27.200000,9.066667,4.143792,0.270189,25.746623,514.932464,230.059874,0.553223,1214.277148,16521.765538,398.039297,92.023950,96056.776383,1025.113954,0.000000
27.300000,9.100000,4.170811,0.270649,25.840280,516.805590,231.559942,0.551940,1215.902224,16545.491834,401.209984,92.623977,96194.719968,1029.882910,0.000000
27.400000,9.133333,4.197876,0.271106,25.933932,518.678637,233.062563,0.550661,1217.516652,16569.071856,404.388986,93.225025,96331.813117,1034.651887,0.000000
27.500000,9.166667,4.224986,0.271560,26.027580,520.551604,234.567722,0.549386,1219.120498,16592.506518,407.576245,93.827089,96468.061150,1039.420852,0.000000
27.600000,9.200000,4.252142,0.272012,26.121225,522.424494,236.075401,0.548116,1220.713827,16615.796729,410.771709,94.430160,96603.469355,1044.189774,0.000000
27.700000,9.233333,4.279344,0.272460,26.214865,524.297305,237.585587,0.546849,1222.296702,16638.943393,413.975322,95.034235,96738.042980,1048.958620,0.000000
27.800000,9.266667,4.306590,0.272906,26.308502,526.170038,239.098263,0.545587,1223.869189,16661.947405,417.187030,95.639305,96871.787239,1053.727359,0.000000
27.900000,9.300000,4.333880,0.273349,26.402135,528.042695,240.613414,0.544330,1225.431350,16684.809658,420.406778,96.245366,97004.707313,1058.495960,0.000000
28.000000,9.333333,4.361215,0.273789,26.495764,529.915275,242.131025,0.543076,1226.983248,16707.531035,423.634513,96.852410,97136.808344,1063.264392,0.000000
28.100000,9.366667,4.388594,0.274227,26.589389,531.787779,243.651080,0.541826,1228.524946,16730.112416,426.870182,97.460432,97268.095444,1068.032625,0.000000
28.200000,9.400000,4.416017,0.274662,26.683010,533.660207,245.173566,0.540581,1230.056506,16752.554674,430.113729,98.069426,97398.573685,1072.800629,0.000000
28.300000,9.433333,4.443483,0.275094,26.776628,535.532560,246.698466,0.539340,1231.577991,16774.858675,433.365103,98.679386,97528.248110,1077.568376,0.000000
28.400000,9.466667,4.470992,0.275524,26.870242,537.404838,248.225766,0.538103,1233.089462,16797.025281,436.624250,99.290306,97657.123724,1082.335834,0.000000
28.500000,9.500000,4.498545,0.275951,26.963852,539.277042,249.755451,0.536870,1234.590979,16819.055346,439.891117,99.902180,97785.205501,1087.102977,0.000000
28.600000,9.533333,4.526140,0.276375,27.057459,541.149171,251.287506,0.535641,1236.082605,16840.949721,443.165652,100.515002,97912.498380,1091.869776,0.000000
28.700000,9.566667,4.553777,0.276797,27.151061,543.021228,252.821917,0.534416,1237.564398,16862.709250,446.447802,101.128767,98039.007267,1096.636202,0.000000
28.800000,9.600000,4.581457,0.277216,27.244661,544.893211,254.358669,0.533195,1239.036419,16884.334770,449.737515,101.743468,98164.737034,1101.402229,0.000000
28.900000,9.633333,4.609179,0.277632,27.338256,546.765122,255.897748,0.531979,1240.498728,16905.827114,453.034739,102.359099,98289.692522,1106.167828,0.000000
29.000000,9.666667,4.636942,0.278046,27.431848,548.636960,257.439139,0.530766,1241.951384,16927.187109,456.339421,102.975656,98413.878538,1110.932974,0.000000
29.100000,9.700000,4.664746,0.278458,27.525436,550.508727,258.982829,0.529557,1243.394446,16948.415576,459.651512,103.593132,98537.299858,1115.697639,0.000000
29.200000,9.733333,4.692592,0.278867,27.619021,552.380422,260.528803,0.528353,1244.827972,16969.513330,462.970958,104.211521,98659.961223,1120.461798,0.000000
29.300000,9.766667,4.720479,0.279273,27.712602,554.252047,262.077046,0.527152,1246.252021,16990.481183,466.297710,104.830819,98781.867345,1125.225424,0.000000
29.400000,9.800000,4.748406,0.279677,27.806180,556.123601,263.627546,0.525955,1247.666650,17011.319939,469.631715,105.451018,98903.022903,1129.988492,0.000000
29.500000,9.833333,4.776374,0.280078,27.899754,557.995085,265.180288,0.524762,1249.071916,17032.030398,472.972924,106.072115,99023.432544,1134.750977,0.000000
29.600000,9.866667,4.804382,0.280477,27.993325,559.866500,266.735258,0.523573,1250.467877,17052.613352,476.321286,106.694103,99143.100886,1139.512854,0.000000
29.700000,9.900000,4.832429,0.280873,28.086892,561.737845,268.292443,0.522389,1251.854590,17073.069592,479.676751,107.316977,99262.032512,1144.274099,0.000000
29.800000,9.933333,4.860517,0.281267,28.180456,563.609122,269.851829,0.521207,1253.232110,17093.399900,483.039268,107.940732,99380.231979,1149.034687,0.000000
29.900000,9.966667,4.888643,0.281659,28.274016,565.480330,271.413403,0.520030,1254.600494,17113.605055,486.408788,108.565361,99497.703808,1153.794595,0.000000
30.000000,10.000000,4.916809,0.282048,28.367573,567.351470,272.977150,0.518857,1255.959798,17133.685829,489.785262,109.190860,99614.452495,1158.553799,0.000000
30.100000,10.033333,4.945014,0.282435,28.461127,569.222542,274.543058,0.517688,1257.310076,17153.642990,493.168639,109.817223,99730.482502,1163.312276,0.000000
30.200000,10.066667,4.973258,0.282819,28.554677,571.093548,276.111113,0.516522,1258.651384,17173.477301,496.558871,110.444445,99845.798262,1168.070002,0.000000
30.300000,10.100000,5.001539,0.283201,28.648224,572.964486,277.681303,0.515360,1259.983776,17193.189519,499.955910,111.072521,99960.404180,1172.826956,0.000000
30.400000,10.133333,5.029860,0.283581,28.741768,574.835359,279.253613,0.514202,1261.307306,17212.780396,503.359705,111.701445,100074.304629,1177.583116,0.000000
30.500000,10.166667,5.058218,0.283958,28.835308,576.706165,280.828031,0.513048,1262.622029,17232.250680,506.770209,112.331212,100187.503953,1182.338458,0.000000
30.600000,10.200000,5.086614,0.284333,28.928845,578.576905,282.404544,0.511898,1263.927998,17251.601113,510.187374,112.961818,100300.006469,1187.092961,0.000000
30.700000,10.233333,5.115047,0.284706,29.022379,580.447581,283.983139,0.510751,1265.225266,17270.832432,513.611151,113.593256,100411.816463,1191.846605,0.000000
30.800000,10.266667,5.143518,0.285076,29.115910,582.318191,285.563803,0.509609,1266.513887,17289.945369,517.041493,114.225521,100522.938193,1196.599367,0.000000
30.900000,10.300000,5.172025,0.285445,29.209437,584.188738,287.146524,0.508470,1267.793912,17308.940653,520.478352,114.858610,100633.375888,1201.351227,0.000000
31.000000,10.333333,5.200570,0.285810,29.302961,586.059220,288.731289,0.507334,1269.065394,17327.819005,523.921680,115.492515,100743.133749,1206.102165,0.000000
31.100000,10.366667,5.229151,0.286174,29.396482,587.929638,290.318084,0.506203,1270.328385,17346.581143,527.371431,116.127234,100852.215950,1210.852160,0.000000
31.200000,10.400000,5.257768,0.286535,29.490000,589.799993,291.906899,0.505075,1271.582936,17365.227781,530.827558,116.762760,100960.626636,1215.601193,0.000000
31.300000,10.433333,5.286422,0.286895,29.583514,591.670286,293.497720,0.503951,1272.829100,17383.759627,534.290014,117.399088,101068.369925,1220.349242,0.000000
31.400000,10.466667,5.315111,0.287251,29.677026,593.540515,295.090534,0.502830,1274.066926,17402.177384,537.758753,118.036214,101175.449905,1225.096290,0.000000
31.500000,10.500000,5.343836,0.287606,29.770534,595.410683,296.685331,0.501713,1275.296465,17420.481750,541.233728,118.674132,101281.870641,1229.842317,0.000000
31.600000,10.533333,5.372597,0.287959,29.864039,597.280789,298.282097,0.500600,1276.517769,17438.673421,544.714893,119.312839,101387.636167,1234.587304,0.000000
31.700000,10.566667,5.401393,0.288309,29.957542,599.150833,299.880820,0.499490,1277.730886,17456.753085,548.202203,119.952328,101492.750492,1239.331232,0.000000
31.800000,10.600000,5.430224,0.288657,30.051041,601.020816,301.481488,0.498384,1278.935866,17474.721427,551.695612,120.592595,101597.217599,1244.074083,0.000000
31.900000,10.633333,5.459089,0.289003,30.144537,602.890739,303.084090,0.497282,1280.132760,17492.579128,555.195074,121.233636,101701.041443,1248.815840,0.000000
32.000000,10.666667,5.487990,0.289347,30.238030,604.760601,304.688613,0.496183,1281.321615,17510.326864,558.700545,121.875445,101804.225953,1253.556483,0.000000
32.100000,10.700000,5.516924,0.289689,30.331520,606.630403,306.295046,0.495088,1282.502481,17527.965306,562.211980,122.518018,101906.775033,1258.295995,0.000000
32.200000,10.733333,5.545893,0.290029,30.425007,608.500146,307.903377,0.493996,1283.675407,17545.495120,565.729333,123.161351,102008.692559,1263.034360,0.000000
32.300000,10.766667,5.574896,0.290367,30.518491,610.369829,309.513593,0.492908,1284.840439,17562.916970,569.252561,123.805437,102109.982382,1267.771559,0.000000
32.400000,10.800000,5.603933,0.290702,30.611973,612.239454,311.125684,0.491824,1285.997627,17580.231513,572.781619,124.450274,102210.648330,1272.507576,0.000000
32.500000,10.833333,5.633003,0.291036,30.705451,614.109019,312.739639,0.490742,1287.147018,17597.439403,576.316464,125.095855,102310.694202,1277.242395,0.000000
32.600000,10.866667,5.662107,0.291367,30.798926,615.978527,314.355444,0.489665,1288.288659,17614.541289,579.857050,125.742178,102410.123773,1281.975999,0.000000
32.700000,10.900000,5.691243,0.291696,30.892399,617.847977,315.973090,0.488591,1289.422597,17631.537817,583.403336,126.389236,102508.940794,1286.708371,0.000000
32.800000,10.933333,5.720413,0.292024,30.985868,619.717369,317.592564,0.487520,1290.548879,17648.429626,586.955277,127.037026,102607.148991,1291.439496,0.000000
32.900000,10.966667,5.749615,0.292349,31.079335,621.586703,319.213856,0.486453,1291.667551,17665.217355,590.512830,127.685543,102704.752064,1296.169358,0.000000
33.000000,11.000000,5.778850,0.292673,31.172799,623.455981,320.836955,0.485390,1292.778660,17681.901635,594.075953,128.334782,102801.753689,1300.897942,0.000000
33.100000,11.033333,5.808118,0.292994,31.266260,625.325203,322.461848,0.484329,1293.882250,17698.483093,597.644603,128.984739,102898.157519,1305.625233,0.000000
33.200000,11.066667,5.837417,0.293313,31.359718,627.194368,324.088525,0.483273,1294.978368,17714.962355,601.218737,129.635410,102993.967183,1310.351214,0.000000
33.300000,11.100000,5.866748,0.293631,31.453174,629.063478,325.716976,0.482219,1296.067060,17731.340041,604.798312,130.286790,103089.186282,1315.075873,0.000000
33.400000,11.133333,5.896111,0.293946,31.546627,630.932531,327.347189,0.481169,1297.148369,17747.616765,608.383288,130.938876,103183.818400,1319.799193,0.000000
33.500000,11.166667,5.925506,0.294260,31.640077,632.801530,328.979153,0.480123,1298.222341,17763.793140,611.973622,131.591661,103277.867091,1324.521160,0.000000
33.600000,11.200000,5.954932,0.294571,31.733524,634.670474,330.612857,0.479080,1299.289020,17779.869773,615.569272,132.245143,103371.335889,1329.241762,0.000000
33.700000,11.233333,5.984389,0.294881,31.826968,636.539363,332.248292,0.478040,1300.348450,17795.847268,619.170197,132.899317,103464.228305,1333.960982,0.000000
33.800000,11.266667,6.013877,0.295188,31.920410,638.408198,333.885445,0.477003,1301.400675,17811.726226,622.776357,133.554178,103556.547825,1338.678808,0.000000
33.900000,11.300000,6.043396,0.295494,32.013849,640.276979,335.524307,0.475970,1302.445739,17827.507241,626.387709,134.209723,103648.297914,1343.395226,0.000000
34.000000,11.333333,6.072945,0.295798,32.107285,642.145707,337.164867,0.474940,1303.483685,17843.190906,630.004213,134.865947,103739.482013,1348.110223,0.000000
34.100000,11.366667,6.102525,0.296100,32.200719,644.014381,338.807114,0.473914,1304.514556,17858.777809,633.625830,135.522846,103830.103540,1352.823786,0.000000
34.200000,11.400000,6.132135,0.296401,32.294150,645.883002,340.451039,0.472891,1305.538395,17874.268534,637.252517,136.180415,103920.165893,1357.535901,0.000000
34.300000,11.433333,6.161775,0.296699,32.387579,647.751570,342.096630,0.471871,1306.555245,17889.663661,640.884236,136.838652,104009.672446,1362.246557,0.000000
34.400000,11.466667,6.191445,0.296995,32.481004,649.620087,343.743877,0.470854,1307.565147,17904.963767,644.520946,137.497551,104098.626550,1366.955739,0.000000
34.500000,11.500000,6.221145,0.297290,32.574428,651.488551,345.392771,0.469841,1308.568145,17920.169424,648.162608,138.157108,104187.031536,1371.663437,0.000000
34.600000,11.533333,6.250874,0.297583,32.667848,653.356963,347.043301,0.468830,1309.564278,17935.281202,651.809182,138.817320,104274.890712,1376.369638,0.000000
34.700000,11.566667,6.280632,0.297874,32.761266,655.225324,348.695457,0.467824,1310.553590,17950.299667,655.460629,139.478183,104362.207366,1381.074329,0.000000
34.800000,11.600000,6.310419,0.298163,32.854682,657.093634,350.349229,0.466820,1311.536121,17965.225379,659.116909,140.139691,104448.984762,1385.777500,0.000000
34.900000,11.633333,6.340236,0.298451,32.948095,658.961893,352.004606,0.465819,1312.511912,17980.058897,662.777985,140.801842,104535.226145,1390.479138,0.000000
35.000000,11.666667,6.370081,0.298736,33.041505,660.830102,353.661580,0.464822,1313.481005,17994.800775,666.443818,141.464632,104620.934738,1395.179232,0.000000
35.100000,11.700000,6.399955,0.299020,33.134913,662.698260,355.320140,0.463828,1314.443439,18009.451564,670.114368,142.128056,104706.113742,1399.877771,0.000000
35.200000,11.733333,6.429857,0.299303,33.228318,664.566369,356.980276,0.462837,1315.399254,18024.011811,673.789598,142.792110,104790.766341,1404.574744,0.000000
35.300000,11.766667,6.459787,0.299583,33.321721,666.434427,358.641979,0.461850,1316.348492,18038.482059,677.469470,143.456792,104874.895692,1409.270140,0.000000
35.400000,11.800000,6.489745,0.299862,33.415122,668.302437,360.305239,0.460865,1317.291191,18052.862849,681.153947,144.122095,104958.504938,1413.963948,0.000000
35.500000,11.833333,6.519731,0.300139,33.508520,670.170397,361.970046,0.459884,1318.227390,18067.154718,684.842989,144.788018,105041.597198,1418.656157,0.000000
35.600000,11.866667,6.549745,0.300414,33.601915,672.038309,363.636390,0.458905,1319.157131,18081.358198,688.536561,145.454556,105124.175570,1423.346758,0.000000
35.700000,11.900000,6.579787,0.300687,33.695309,673.906172,365.304263,0.457930,1320.080450,18095.473819,692.234624,146.121705,105206.243136,1428.035740,0.000000
35.800000,11.933333,6.609855,0.300959,33.788699,675.773987,366.973655,0.456958,1320.997387,18109.502108,695.937143,146.789462,105287.802953,1432.723093,0.000000
35.900000,11.966667,6.639951,0.301230,33.882088,677.641754,368.644556,0.455989,1321.907982,18123.443587,699.644080,147.457823,105368.858062,1437.408807,0.000000
36.000000,12.000000,6.670074,0.301498,33.975474,679.509474,370.316958,0.455023,1322.812271,18137.298775,703.355398,148.126783,105449.411484,1442.092872,0.000000
36.100000,12.033333,6.700224,0.301765,34.068857,681.377146,371.990850,0.454060,1323.710293,18151.068189,707.071062,148.796340,105529.466218,1446.775280,0.000000
36.200000,12.066667,6.730400,0.302030,34.162239,683.244771,373.666223,0.453101,1324.602085,18164.752342,710.791035,149.466489,105609.025246,1451.456020,0.000000
36.300000,12.100000,6.760603,0.302294,34.255617,685.112349,375.343069,0.452144,1325.487687,18178.351743,714.515281,150.137228,105688.091530,1456.135083,0.000000
36.400000,12.133333,6.790833,0.302556,34.348994,686.979881,377.021378,0.451190,1326.367134,18191.866898,718.243764,150.808551,105766.668013,1460.812461,0.000000
36.500000,12.166667,6.821088,0.302816,34.442368,688.847367,378.701141,0.450239,1327.240464,18205.298311,721.976450,151.480457,105844.757619,1465.488144,0.000000
36.600000,12.200000,6.851370,0.303075,34.535740,690.714806,380.382350,0.449292,1328.107714,18218.646480,725.713302,152.152940,105922.363254,1470.162123,0.000000
36.700000,12.233333,6.881677,0.303332,34.629110,692.582200,382.064994,0.448347,1328.968921,18231.911902,729.454285,152.825998,105999.487805,1474.834391,0.000000
36.800000,12.266667,6.912011,0.303587,34.722477,694.449549,383.749066,0.447405,1329.824121,18245.095072,733.199365,153.499626,106076.134138,1479.504938,0.000000
36.900000,12.300000,6.942369,0.303841,34.815843,696.316852,385.434557,0.446467,1330.673350,18258.196478,736.948507,154.173823,106152.305105,1484.173756,0.000000
37.000000,12.333333,6.972753,0.304093,34.909206,698.184111,387.121457,0.445531,1331.516644,18271.216608,740.701676,154.848583,106228.003536,1488.840837,0.000000
37.100000,12.366667,7.003163,0.304344,35.002566,700.051324,388.809757,0.444598,1332.354040,18284.155946,744.458838,155.523903,106303.232246,1493.506174,0.000000
37.200000,12.400000,7.033597,0.304593,35.095925,701.918494,390.499451,0.443668,1333.185573,18297.014973,748.219958,156.199780,106377.994029,1498.169758,0.000000
37.300000,12.433333,7.064057,0.304841,35.189281,703.785619,392.190527,0.442741,1334.011277,18309.794166,751.985004,156.876211,106452.291663,1502.831581,0.000000
37.400000,12.466667,7.094541,0.305087,35.282635,705.652701,393.882979,0.441818,1334.831189,18322.494000,755.753940,157.553192,106526.127909,1507.491636,0.000000
37.500000,12.500000,7.125049,0.305332,35.375987,707.519739,395.576797,0.440896,1335.645344,18335.114947,759.526734,158.230719,106599.505507,1512.149915,0.000000
37.600000,12.533333,7.155582,0.305575,35.469337,709.386734,397.271973,0.439978,1336.453775,18347.657476,763.303351,158.908789,106672.427184,1516.806412,0.000000
37.700000,12.566667,7.186140,0.305816,35.562684,711.253685,398.968499,0.439063,1337.256518,18360.122051,767.083760,159.587399,106744.895647,1521.461119,0.000000
37.800000,12.600000,7.216722,0.306056,35.656030,713.120594,400.666365,0.438151,1338.053607,18372.509137,770.867926,160.266546,106816.913585,1526.114028,0.000000
37.900000,12.633333,7.247327,0.306295,35.749373,714.987461,402.365565,0.437241,1338.845076,18384.819192,774.655818,160.946226,106888.483673,1530.765134,0.000000
38.000000,12.666667,7.277957,0.306532,35.842714,716.854284,404.066089,0.436334,1339.630959,18397.052673,778.447402,161.626436,106959.608566,1535.414429,0.000000
38.100000,12.700000,7.308610,0.306768,35.936053,718.721066,405.767929,0.435431,1340.411289,18409.210035,782.242646,162.307172,107030.290903,1540.061906,0.000000
38.200000,12.733333,7.339287,0.307002,36.029390,720.587806,407.471077,0.434530,1341.186101,18421.291729,786.041518,162.988431,107100.533308,1544.707560,0.000000
38.300000,12.766667,7.369987,0.307234,36.122725,722.454505,409.175526,0.433631,1341.955427,18433.298203,789.843986,163.670210,107170.338387,1549.351384,0.000000
38.400000,12.800000,7.400710,0.307466,36.216058,724.321162,410.881266,0.432736,1342.719301,18445.229901,793.650018,164.352506,107239.708728,1553.993371,0.000000
38.500000,12.833333,7.431457,0.307695,36.309389,726.187778,412.588290,0.431844,1343.477755,18457.087268,797.459583,165.035316,107308.646906,1558.633515,0.000000
38.600000,12.866667,7.462226,0.307924,36.402718,728.054354,414.296589,0.430954,1344.230822,18468.870742,801.272648,165.718636,107377.155477,1563.271811,0.000000
38.700000,12.900000,7.493019,0.308151,36.496044,729.920888,416.006157,0.430067,1344.978535,18480.580761,805.089182,166.402463,107445.236982,1567.908252,0.000000
38.800000,12.933333,7.523834,0.308376,36.589369,731.787383,417.716984,0.429183,1345.720925,18492.217759,808.909156,167.086794,107512.893946,1572.542833,0.000000
38.900000,12.966667,7.554672,0.308600,36.682692,733.653837,419.429064,0.428301,1346.458026,18503.782167,812.732536,167.771626,107580.128878,1577.175549,0.000000
39.000000,13.000000,7.585532,0.308823,36.776013,735.520252,421.142388,0.427422,1347.189869,18515.274415,816.559294,168.456955,107646.944271,1581.806392,0.000000
39.100000,13.033333,7.616414,0.309044,36.869331,737.386626,422.856948,0.426546,1347.916485,18526.694928,820.389398,169.142779,107713.342602,1586.435359,0.000000
39.200000,13.066667,7.647318,0.309264,36.962648,739.252962,424.572737,0.425673,1348.637907,18538.044130,824.222818,169.829095,107779.326335,1591.062444,0.000000
39.300000,13.100000,7.678245,0.309483,37.055963,741.119258,426.289748,0.424803,1349.354165,18549.322441,828.059524,170.515899,107844.897914,1595.687642,0.000000
39.400000,13.133333,7.709193,0.309700,37.149276,742.985515,428.007971,0.423935,1350.065291,18560.530281,831.899485,171.203189,107910.059771,1600.310947,0.000000
39.500000,13.166667,7.740163,0.309916,37.242587,744.851733,429.727401,0.423070,1350.771315,18571.668064,835.742673,171.890960,107974.814323,1604.932355,0.000000
39.600000,13.200000,7.771155,0.310131,37.335896,746.717914,431.448029,0.422207,1351.472269,18582.736203,839.589057,172.579212,108039.163970,1609.551861,0.000000
39.700000,13.233333,7.802168,0.310344,37.429203,748.584055,433.169848,0.421348,1352.168184,18593.735109,843.438607,173.267939,108103.111098,1614.169460,0.000000
39.800000,13.266667,7.833202,0.310556,37.522508,750.450159,434.892850,0.420491,1352.859088,18604.665190,847.291296,173.957140,108166.658079,1618.785148,0.000000
39.900000,13.300000,7.864258,0.310766,37.615811,752.316225,436.617029,0.419636,1353.545013,18615.526850,851.147093,174.646812,108229.807267,1623.398920,0.000000
40.000000,13.333333,7.895334,0.310975,37.709113,754.182253,438.342376,0.418785,1354.225990,18626.320493,855.005969,175.336950,108292.561004,1628.010771,0.000000
40.100000,13.366667,7.926432,0.311183,37.802412,756.048244,440.068884,0.417935,1354.902046,18637.046518,858.867896,176.027554,108354.921619,1632.620698,0.000000
40.200000,13.400000,7.957550,0.311390,37.895710,757.914198,441.796547,0.417089,1355.573213,18647.705325,862.732846,176.718619,108416.891422,1637.228697,0.000000
40.300000,13.433333,7.988689,0.311595,37.989006,759.780115,443.525356,0.416245,1356.239520,18658.297307,866.600789,177.410142,108478.472713,1641.834762,0.000000
40.400000,13.466667,8.019849,0.311799,38.082300,761.645995,445.255305,0.415404,1356.900997,18668.822857,870.471698,178.102122,108539.667774,1646.438890,0.000000
40.500000,13.500000,8.051028,0.312002,38.175592,763.511839,446.986387,0.414565,1357.557671,18679.282367,874.345545,178.794555,108600.478876,1651.041078,0.000000
40.600000,13.533333,8.082229,0.312203,38.268882,765.377646,448.718593,0.413729,1358.209573,18689.676223,878.222302,179.487437,108660.908273,1655.641321,0.000000
40.700000,13.566667,8.113449,0.312403,38.362171,767.243418,450.451919,0.412896,1358.856731,18700.004812,882.101940,180.180767,108720.958209,1660.239617,0.000000
40.800000,13.600000,8.144689,0.312602,38.455458,769.109153,452.186355,0.412065,1359.499174,18710.268516,885.984433,180.874542,108780.630910,1664.835960,0.000000
40.900000,13.633333,8.175949,0.312800,38.548743,770.974853,453.921896,0.411236,1360.136930,18720.467717,889.869753,181.568758,108839.928590,1669.430348,0.000000
41.000000,13.666667,8.207229,0.312996,38.642026,772.840518,455.658534,0.410411,1360.770028,18730.602793,893.757874,182.263414,108898.853450,1674.022778,0.000000
41.100000,13.700000,8.238529,0.313191,38.735307,774.706147,457.396263,0.409587,1361.398496,18740.674120,897.648767,182.958505,108957.407676,1678.613245,0.000000
41.200000,13.733333,8.269848,0.313385,38.828587,776.571741,459.135075,0.408767,1362.022361,18750.682072,901.542406,183.654030,109015.593442,1683.201748,0.000000
41.300000,13.766667,8.301187,0.313578,38.921865,778.437300,460.874964,0.407949,1362.641652,18760.627020,905.438765,184.349986,109073.412907,1687.788282,0.000000
41.400000,13.800000,8.332545,0.313770,39.015141,780.302825,462.615923,0.407133,1363.256396,18770.509333,909.337817,185.046369,109130.868218,1692.372845,0.000000
41.500000,13.833333,8.363921,0.313960,39.108416,782.168316,464.357946,0.406320,1363.866621,18780.329379,913.239535,185.743178,109187.961508,1696.955435,0.000000
41.600000,13.866667,8.395317,0.314149,39.201689,784.033772,466.101025,0.405509,1364.472354,18790.087523,917.143893,186.440410,109244.694898,1701.536047,0.000000
41.700000,13.900000,8.426732,0.314337,39.294960,785.899194,467.845154,0.404701,1365.073622,18799.784125,921.050866,187.138061,109301.070495,1706.114679,0.000000
41.800000,13.933333,8.458166,0.314524,39.388229,787.764583,469.590326,0.403895,1365.670452,18809.419548,924.960428,187.836130,109357.090393,1710.691329,0.000000
41.900000,13.966667,8.489618,0.314709,39.481497,789.629938,471.336535,0.403092,1366.262871,18818.994148,928.872552,188.534614,109412.756674,1715.265995,0.000000
42.000000,14.000000,8.521089,0.314894,39.574763,791.495259,473.083774,0.402291,1366.850905,18828.508282,932.787214,189.233510,109468.071406,1719.838673,0.000000
42.100000,14.033333,8.552579,0.315077,39.668027,793.360548,474.832037,0.401493,1367.434582,18837.962303,936.704388,189.932815,109523.036646,1724.409361,0.000000
42.200000,14.066667,8.584086,0.315259,39.761290,795.225803,476.581317,0.400697,1368.013927,18847.356563,940.624048,190.632527,109577.654437,1728.978057,0.000000
42.300000,14.100000,8.615612,0.315440,39.854551,797.091025,478.331608,0.399903,1368.588967,18856.691411,944.546171,191.332643,109631.926810,1733.544759,0.000000
42.400000,14.133333,8.647156,0.315620,39.947811,798.956215,480.082903,0.399112,1369.159728,18865.967195,948.470730,192.033161,109685.855783,1738.109464,0.000000
42.500000,14.166667,8.678718,0.315798,40.041069,800.821373,481.835196,0.398324,1369.726235,18875.184259,952.397701,192.734079,109739.443364,1742.672171,0.000000
42.600000,14.200000,8.710298,0.315976,40.134325,802.686498,483.588481,0.397538,1370.288515,18884.342946,956.327060,193.435393,109792.691547,1747.232878,0.000000
42.700000,14.233333,8.741896,0.316152,40.227580,804.551592,485.342752,0.396754,1370.846592,18893.443598,960.258782,194.137101,109845.602313,1751.791582,0.000000
42.800000,14.266667,8.773511,0.316327,40.320833,806.416653,487.098001,0.395972,1371.400493,18902.486553,964.192843,194.839201,109898.177632,1756.348282,0.000000
42.900000,14.300000,8.805143,0.316501,40.414084,808.281683,488.854224,0.395193,1371.950243,18911.472148,968.129218,195.541690,109950.419463,1760.902976,0.000000
43.000000,14.333333,8.836794,0.316674,40.507334,810.146681,490.611413,0.394417,1372.495867,18920.400717,972.067885,196.244565,110002.329752,1765.455663,0.000000
43.100000,14.366667,8.868461,0.316846,40.600582,812.011648,492.369563,0.393642,1373.037389,18929.272594,976.008819,196.947825,110053.910433,1770.006341,0.000000
43.200000,14.400000,8.900146,0.317017,40.693829,813.876584,494.128668,0.392870,1373.574835,18938.088110,979.951996,197.651467,110105.163428,1774.555008,0.000000
43.300000,14.433333,8.931847,0.317187,40.787074,815.741489,495.888721,0.392101,1374.108230,18946.847592,983.897394,198.355488,110156.090650,1779.101663,0.000000
43.400000,14.466667,8.963566,0.317356,40.880318,817.606364,497.649717,0.391333,1374.637597,18955.551367,987.844988,199.059887,110206.693996,1783.646305,0.000000
43.500000,14.500000,8.995302,0.317523,40.973560,819.471207,499.411649,0.390568,1375.162962,18964.199761,991.794755,199.764660,110256.975356,1788.188932,0.000000
43.600000,14.533333,9.027054,0.317690,41.066801,821.336021,501.174511,0.389806,1375.684348,18972.793096,995.746674,200.469805,110306.936606,1792.729543,0.000000
43.700000,14.566667,9.058823,0.317855,41.160040,823.200804,502.938299,0.389045,1376.201780,18981.331693,999.700719,201.175319,110356.579611,1797.268137,0.000000
43.800000,14.600000,9.090609,0.318020,41.253278,825.065557,504.703005,0.388287,1376.715282,18989.815871,1003.656870,201.881202,110405.906225,1801.804713,0.000000
43.900000,14.633333,9.122410,0.318183,41.346514,826.930281,506.468623,0.387532,1377.224877,18998.245946,1007.615104,202.587449,110454.918292,1806.339271,0.000000
44.000000,14.666667,9.154229,0.318345,41.439749,828.794975,508.235149,0.386778,1377.730590,19006.622234,1011.575397,203.294060,110503.617642,1810.871808,0.000000
44.100000,14.700000,9.186063,0.318507,41.532982,830.659639,510.002576,0.386027,1378.232443,19014.945049,1015.537728,204.001030,110552.006097,1815.402324,0.000000
44.200000,14.733333,9.217914,0.318667,41.626214,832.524274,511.770899,0.385278,1378.730461,19023.214700,1019.502075,204.708360,110600.085467,1819.930819,0.000000
44.300000,14.766667,9.249781,0.318826,41.719444,834.388880,513.540111,0.384531,1379.224666,19031.431499,1023.468416,205.416044,110647.857551,1824.457291,0.000000
44.400000,14.800000,9.281663,0.318984,41.812673,836.253457,515.310208,0.383787,1379.715082,19039.595752,1027.436728,206.124083,110695.324137,1828.981741,0.000000
44.500000,14.833333,9.313562,0.319142,41.905900,838.118005,517.081182,0.383045,1380.201731,19047.707764,1031.406991,206.832473,110742.487002,1833.504167,0.000000
44.600000,14.866667,9.345476,0.319298,41.999126,839.982525,518.853030,0.382305,1380.684637,19055.767841,1035.379182,207.541212,110789.347914,1838.024569,0.000000
44.700000,14.900000,9.377406,0.319453,42.092351,841.847016,520.625745,0.381567,1381.163823,19063.776284,1039.353280,208.250298,110835.908629,1842.542947,0.000000
44.800000,14.933333,9.409351,0.319607,42.185574,843.711479,522.399322,0.380832,1381.639310,19071.733393,1043.329265,208.959729,110882.170892,1847.059300,0.000000
44.900000,14.966667,9.441312,0.319760,42.278796,845.575914,524.173754,0.380099,1382.111122,19079.639468,1047.307114,209.669502,110928.136439,1851.573627,0.000000
45.000000,15.000000,9.473288,0.319913,42.372016,847.440320,525.949038,0.379367,1382.579280,19087.494803,1051.286808,210.379615,110973.806996,1856.085929,0.000000
45.100000,15.033333,9.505279,0.320064,42.465235,849.304700,527.725166,0.378639,1383.043808,19095.299696,1055.268324,211.090067,111019.184277,1860.596206,0.000000
45.200000,15.066667,9.537285,0.320214,42.558453,851.169051,529.502135,0.377912,1383.504726,19103.054438,1059.251644,211.800854,111064.269987,1865.104457,0.000000
45.300000,15.100000,9.569307,0.320364,42.651669,853.033375,531.279937,0.377187,1383.962058,19110.759321,1063.236745,212.511975,111109.065819,1869.610682,0.000000
45.400000,15.133333,9.601343,0.320512,42.744884,854.897672,533.058569,0.376465,1384.415824,19118.414635,1067.223607,213.223428,111153.573460,1874.114881,0.000000
45.500000,15.166667,9.633394,0.320659,42.838097,856.761942,534.838025,0.375745,1384.866047,19126.020668,1071.212211,213.935210,111197.794582,1878.617054,0.000000
45.600000,15.200000,9.665460,0.320806,42.931309,858.626184,536.618298,0.375027,1385.312749,19133.577706,1075.202536,214.647319,111241.730851,1883.117202,0.000000
45.700000,15.233333,9.697541,0.320951,43.024520,860.490400,538.399385,0.374311,1385.755950,19141.086034,1079.194563,215.359754,111285.383921,1887.615324,0.000000
45.800000,15.266667,9.729636,0.321096,43.117729,862.354590,540.181280,0.373597,1386.195671,19148.545935,1083.188270,216.072512,111328.755437,1892.111421,0.000000
45.900000,15.300000,9.761746,0.321239,43.210938,864.218753,541.963977,0.372886,1386.631935,19155.957690,1087.183640,216.785591,111371.847033,1896.605493,0.000000
46.000000,15.333333,9.793870,0.321382,43.304144,866.082889,543.747472,0.372176,1387.064763,19163.321578,1091.180651,217.498989,111414.660336,1901.097540,0.000000
46.100000,15.366667,9.826008,0.321524,43.397350,867.947000,545.531759,0.371469,1387.494174,19170.637877,1095.179285,218.212704,111457.196962,1905.587563,0.000000
46.200000,15.400000,9.858160,0.321665,43.490554,869.811084,547.316834,0.370764,1387.920191,19177.906865,1099.179523,218.926733,111499.458516,1910.075563,0.000000
46.300000,15.433333,9.890327,0.321805,43.583757,871.675143,549.102690,0.370060,1388.342833,19185.128814,1103.181344,219.641076,111541.446595,1914.561539,0.000000
46.400000,15.466667,9.922507,0.321944,43.676959,873.539175,550.889324,0.369359,1388.762122,19192.303999,1107.184731,220.355730,111583.162786,1919.045492,0.000000
46.500000,15.500000,9.954702,0.322082,43.770159,875.403183,552.676729,0.368660,1389.178077,19199.432691,1111.189664,221.070692,111624.608668,1923.527423,0.000000
46.600000,15.533333,9.986910,0.322219,43.863358,877.267165,554.464902,0.367963,1389.590720,19206.515159,1115.196124,221.785961,111665.785810,1928.007332,0.000000
46.700000,15.566667,10.019132,0.322356,43.956556,879.131122,556.253837,0.367269,1390.000070,19213.551672,1119.204094,222.501535,111706.695770,1932.485221,0.000000
46.800000,15.600000,10.051367,0.322491,44.049753,880.995053,558.043528,0.366576,1390.406148,19220.542497,1123.213553,223.217411,111747.340100,1936.961090,0.000000
46.900000,15.633333,10.083616,0.322626,44.142948,882.858960,559.833972,0.365885,1390.808974,19227.487898,1127.224485,223.933589,111787.720340,1941.434940,0.000000
47.000000,15.666667,10.115879,0.322759,44.236142,884.722842,561.625163,0.365196,1391.208566,19234.388140,1131.236870,224.650065,111827.838023,1945.906772,0.000000
47.100000,15.700000,10.148155,0.322892,44.329335,886.586699,563.417097,0.364510,1391.604947,19241.243483,1135.250691,225.366839,111867.694671,1950.376586,0.000000
47.200000,15.733333,10.180444,0.323024,44.422527,888.450532,565.209768,0.363825,1391.998134,19248.054190,1139.265929,226.083907,111907.291800,1954.844384,0.000000
47.300000,15.766667,10.212747,0.323155,44.515717,890.314341,567.003172,0.363143,1392.388147,19254.820517,1143.282567,226.801269,111946.630915,1959.310166,0.000000
47.400000,15.800000,10.245062,0.323286,44.608906,892.178125,568.797304,0.362462,1392.775007,19261.542724,1147.300587,227.518922,111985.713511,1963.773934,0.000000
47.500000,15.833333,10.277391,0.323415,44.702094,894.041885,570.592159,0.361784,1393.158731,19268.221065,1151.319971,228.236864,112024.541078,1968.235689,0.000000
47.600000,15.866667,10.309732,0.323544,44.795281,895.905622,572.387733,0.361107,1393.539341,19274.855796,1155.340702,228.955093,112063.115094,1972.695432,0.000000
47.700000,15.900000,10.342087,0.323671,44.888467,897.769334,574.184021,0.360433,1393.916853,19281.447169,1159.362762,229.673608,112101.437030,1977.153165,0.000000
47.800000,15.933333,10.374454,0.323798,44.981651,899.633023,575.981018,0.359760,1394.291289,19287.995436,1163.386135,230.392407,112139.508348,1981.608888,0.000000
47.900000,15.966667,10.406834,0.323924,45.074834,901.496689,577.778720,0.359089,1394.662665,19294.500846,1167.410803,231.111488,112177.330501,1986.062602,0.000000
48.000000,16.000000,10.439226,0.324050,45.168017,903.360331,579.577121,0.358421,1395.031002,19300.963649,1171.436749,231.830848,112214.904934,1990.514310,0.000000
48.100000,16.033333,10.471631,0.324174,45.261198,905.223950,581.376218,0.357754,1395.396318,19307.384090,1175.463956,232.550487,112252.233084,1994.964012,0.000000
48.200000,16.066667,10.504048,0.324298,45.354377,907.087546,583.176005,0.357090,1395.758631,19313.762417,1179.492407,233.270402,112289.316380,1999.411711,0.000000
48.300000,16.100000,10.536478,0.324421,45.447556,908.951119,584.976479,0.356427,1396.117961,19320.098873,1183.522086,233.990592,112326.156240,2003.857406,0.000000
48.400000,16.133333,10.568920,0.324543,45.540733,910.814669,586.777635,0.355766,1396.474324,19326.393701,1187.552977,234.711054,112362.754077,2008.301101,0.000000
48.500000,16.166667,10.601374,0.324664,45.633910,912.678197,588.579468,0.355107,1396.827740,19332.647143,1191.585063,235.431787,112399.111295,2012.742797,0.000000
48.600000,16.200000,10.633841,0.324784,45.727085,914.541702,590.381974,0.354450,1397.178226,19338.859437,1195.618327,236.152790,112435.229288,2017.182494,0.000000
48.700000,16.233333,10.666319,0.324904,45.820259,916.405185,592.185148,0.353796,1397.525801,19345.030824,1199.652753,236.874059,112471.109444,2021.620196,0.000000
48.800000,16.266667,10.698810,0.325023,45.913432,918.268645,593.988986,0.353142,1397.870483,19351.161540,1203.688327,237.595595,112506.753142,2026.055903,0.000000
48.900000,16.300000,10.731312,0.325141,46.006604,920.132084,595.793484,0.352491,1398.212289,19357.251822,1207.725030,238.317394,112542.161753,2030.489617,0.000000
49.000000,16.333333,10.763826,0.325258,46.099775,921.995500,597.598637,0.351842,1398.551237,19363.301902,1211.762848,239.039455,112577.336641,2034.921341,0.000000
49.100000,16.366667,10.796352,0.325374,46.192945,923.858895,599.404441,0.351195,1398.887345,19369.312016,1215.801766,239.761777,112612.279162,2039.351075,0.000000
49.200000,16.400000,10.828889,0.325490,46.286113,925.722268,601.210892,0.350549,1399.220630,19375.282394,1219.841766,240.484357,112646.990662,2043.778822,0.000000
49.300000,16.433333,10.861438,0.325605,46.379281,927.585619,603.017985,0.349906,1399.551110,19381.213267,1223.882835,241.207194,112681.472483,2048.204584,0.000000
49.400000,16.466667,10.893999,0.325719,46.472447,929.448949,604.825717,0.349264,1399.878802,19387.104864,1227.924956,241.930287,112715.725955,2052.628362,0.000000
49.500000,16.500000,10.926570,0.325833,46.565613,931.312257,606.634082,0.348624,1400.203723,19392.957413,1231.968115,242.653633,112749.752403,2057.050159,0.000000
49.600000,16.533333,10.959154,0.325945,46.658777,933.175545,608.443077,0.347986,1400.525890,19398.771141,1236.012296,243.377231,112783.553144,2061.469977,0.000000
49.700000,16.566667,10.991748,0.326057,46.751941,935.038811,610.252697,0.347350,1400.845320,19404.546272,1240.057484,244.101079,112817.129488,2065.887817,0.000000
49.800000,16.600000,11.024354,0.326168,46.845103,936.902057,612.062939,0.346716,1401.162031,19410.283031,1244.103665,244.825176,112850.482736,2070.303683,0.000000
49.900000,16.633333,11.056971,0.326279,46.938264,938.765281,613.873798,0.346084,1401.476039,19415.981639,1248.150823,245.549519,112883.614183,2074.717574,0.000000
50.000000,16.666667,11.089599,0.326388,47.031424,940.628485,615.685270,0.345453,1401.787361,19421.642320,1252.198944,246.274108,112916.525114,2079.129495,0.000000
50.100000,16.700000,11.122237,0.326497,47.124583,942.491669,617.497352,0.344825,1402.096013,19427.265291,1256.248014,246.998941,112949.216811,2083.539448,0.000000
50.200000,16.733333,11.154887,0.326606,47.217742,944.354832,619.310038,0.344198,1402.402012,19432.850774,1260.298017,247.724015,112981.690544,2087.947433,0.000000
50.300000,16.766667,11.187548,0.326713,47.310899,946.217974,621.123325,0.343573,1402.705375,19438.398984,1264.348940,248.449330,113013.947578,2092.353455,0.000000
50.400000,16.800000,11.220219,0.326820,47.404055,948.081097,622.937209,0.342949,1403.006117,19443.910138,1268.400768,249.174884,113045.989172,2096.757514,0.000000
50.500000,16.833333,11.252901,0.326926,47.497210,949.944199,624.751687,0.342328,1403.304256,19449.384451,1272.453487,249.900675,113077.816575,2101.159614,0.000000
50.600000,16.866667,11.285594,0.327031,47.590364,951.807282,626.566753,0.341708,1403.599806,19454.822137,1276.507083,250.626701,113109.431031,2105.559757,0.000000
50.700000,16.900000,11.318297,0.327136,47.683517,953.670344,628.382404,0.341091,1403.892785,19460.223409,1280.561543,251.352962,113140.833776,2109.957945,0.000000
50.800000,16.933333,11.351010,0.327240,47.776669,955.533387,630.198636,0.340474,1404.183208,19465.588479,1284.616852,252.079455,113172.026038,2114.354181,0.000000
50.900000,16.966667,11.383734,0.327343,47.869821,957.396411,632.015446,0.339860,1404.471091,19470.917555,1288.672997,252.806178,113203.009040,2118.748466,0.000000
51.000000,17.000000,11.416469,0.327446,47.962971,959.259414,633.832829,0.339248,1404.756451,19476.210848,1292.729963,253.533132,113233.783997,2123.140804,0.000000
51.100000,17.033333,11.449213,0.327548,48.056120,961.122399,635.650782,0.338637,1405.039301,19481.468564,1296.787739,254.260313,113264.352117,2127.531198,0.000000
51.200000,17.066667,11.481968,0.327649,48.149268,962.985364,637.469300,0.338028,1405.319660,19486.690911,1300.846309,254.987720,113294.714601,2131.919649,0.000000
51.300000,17.100000,11.514733,0.327750,48.242416,964.848311,639.288380,0.337421,1405.597540,19491.878095,1304.905661,255.715352,113324.872644,2136.306160,0.000000
51.400000,17.133333,11.547508,0.327849,48.335562,966.711238,641.108019,0.336815,1405.872960,19497.030318,1308.965782,256.443207,113354.827433,2140.690735,0.000000
51.500000,17.166667,11.580293,0.327949,48.428707,968.574146,642.928211,0.336212,1406.145932,19502.147786,1313.026659,257.171285,113384.580149,2145.073374,0.000000
51.600000,17.200000,11.613088,0.328047,48.521852,970.437036,644.748955,0.335610,1406.416474,19507.230698,1317.088278,257.899582,113414.131966,2149.454083,0.000000
51.700000,17.233333,11.645893,0.328145,48.614995,972.299907,646.570245,0.335009,1406.684599,19512.279257,1321.150627,258.628098,113443.484051,2153.832862,0.000000
51.800000,17.266667,11.678707,0.328242,48.708138,974.162759,648.392078,0.334411,1406.950324,19517.293661,1325.213693,259.356831,113472.637566,2158.209715,0.000000
51.900000,17.300000,11.711531,0.328339,48.801280,976.025594,650.214451,0.333814,1407.213662,19522.274110,1329.277464,260.085780,113501.593664,2162.584644,0.000000
52.000000,17.333333,11.744365,0.328435,48.894420,977.888409,652.037360,0.333219,1407.474630,19527.220801,1333.341925,260.814944,113530.353493,2166.957653,0.000000
52.100000,17.366667,11.777209,0.328530,48.987560,979.751207,653.860801,0.332626,1407.733241,19532.133930,1337.407067,261.544320,113558.918195,2171.328744,0.000000
52.200000,17.400000,11.810062,0.328624,49.080699,981.613986,655.684771,0.332034,1407.989512,19537.013691,1341.472874,262.273908,113587.288904,2175.697920,0.000000
52.300000,17.433333,11.842924,0.328718,49.173837,983.476748,657.509265,0.331444,1408.243455,19541.860281,1345.539337,263.003706,113615.466748,2180.065184,0.000000
52.400000,17.466667,11.875796,0.328812,49.266975,985.339491,659.334281,0.330856,1408.495086,19546.673890,1349.606441,263.733713,113643.452849,2184.430539,0.000000
52.500000,17.500000,11.908677,0.328904,49.360111,987.202217,661.159815,0.330269,1408.744420,19551.454712,1353.674176,264.463926,113671.248323,2188.793988,0.000000
52.600000,17.533333,11.941567,0.328996,49.453246,989.064926,662.985864,0.329684,1408.991470,19556.202936,1357.742529,265.194346,113698.854279,2193.155533,0.000000
52.700000,17.566667,11.974467,0.329088,49.546381,990.927616,664.812423,0.329101,1409.236251,19560.918753,1361.811489,265.924969,113726.271820,2197.515178,0.000000
52.800000,17.600000,12.007376,0.329178,49.639514,992.790290,666.639490,0.328519,1409.478778,19565.602351,1365.881042,266.655796,113753.502042,2201.872926,0.000000
52.900000,17.633333,12.040294,0.329268,49.732647,994.652945,668.467061,0.327939,1409.719064,19570.253918,1369.951179,267.386824,113780.546036,2206.228780,0.000000
53.000000,17.666667,12.073220,0.329358,49.825779,996.515584,670.295132,0.327361,1409.957123,19574.873641,1374.021887,268.118053,113807.404887,2210.582742,0.000000
53.100000,17.700000,12.106156,0.329447,49.918910,998.378206,672.123700,0.326784,1410.192971,19579.461704,1378.093154,268.849480,113834.079673,2214.934817,0.000000
53.200000,17.733333,12.139101,0.329535,50.012041,1000.240810,673.952762,0.326209,1410.426619,19584.018292,1382.164969,269.581105,113860.571465,2219.285007,0.000000
53.300000,17.766667,12.172054,0.329623,50.105170,1002.103398,675.782314,0.325636,1410.658083,19588.543589,1386.237321,270.312926,113886.881331,2223.633315,0.000000
53.400000,17.800000,12.205017,0.329710,50.198298,1003.965969,677.612353,0.325064,1410.887377,19593.037777,1390.310199,271.044941,113913.010330,2227.979744,0.000000
53.500000,17.833333,12.237988,0.329797,50.291426,1005.828523,679.442876,0.324494,1411.114513,19597.501037,1394.383591,271.777150,113938.959516,2232.324298,0.000000
53.600000,17.866667,12.270967,0.329882,50.384553,1007.691061,681.273879,0.323926,1411.339505,19601.933549,1398.457487,272.509552,113964.729938,2236.666980,0.000000
53.700000,17.900000,12.303956,0.329968,50.477679,1009.553582,683.105359,0.323359,1411.562368,19606.335494,1402.531874,273.242143,113990.322637,2241.007794,0.000000
53.800000,17.933333,12.336952,0.330052,50.570804,1011.416087,684.937312,0.322794,1411.783113,19610.707048,1406.606743,273.974925,114015.738651,2245.346741,0.000000
53.900000,17.966667,12.369958,0.330137,50.663929,1013.278575,686.769736,0.322230,1412.001756,19615.048390,1410.682083,274.707894,114040.979010,2249.683826,0.000000
54.000000,18.000000,12.402971,0.330220,50.757052,1015.141048,688.602627,0.321668,1412.218309,19619.359695,1414.757883,275.441051,114066.044739,2254.019052,0.000000
54.100000,18.033333,12.435993,0.330303,50.850175,1017.003504,690.435981,0.321108,1412.432785,19623.641139,1418.834131,276.174393,114090.936857,2258.352423,0.000000
54.200000,18.066667,12.469024,0.330386,50.943297,1018.865944,692.269797,0.320549,1412.645197,19627.892897,1422.910819,276.907919,114115.656377,2262.683941,0.000000
54.300000,18.100000,12.502062,0.330467,51.036418,1020.728368,694.104070,0.319991,1412.855559,19632.115141,1426.987935,277.641628,114140.204308,2267.013610,0.000000
54.400000,18.133333,12.535109,0.330549,51.129539,1022.590777,695.938797,0.319436,1413.063884,19636.308044,1431.065468,278.375519,114164.581650,2271.341433,0.000000
54.500000,18.166667,12.568164,0.330629,51.222658,1024.453170,697.773975,0.318882,1413.270184,19640.471777,1435.143410,279.109590,114188.789401,2275.667414,0.000000
54.600000,18.200000,12.601227,0.330709,51.315777,1026.315547,699.609601,0.318329,1413.474473,19644.606511,1439.221748,279.843841,114212.828552,2279.991557,0.000000
54.700000,18.233333,12.634298,0.330789,51.408895,1028.177909,701.445672,0.317778,1413.676762,19648.712415,1443.300475,280.578269,114236.700087,2284.313864,0.000000
54.800000,18.266667,12.667377,0.330868,51.502013,1030.040255,703.282185,0.317228,1413.877066,19652.789658,1447.379578,281.312874,114260.404987,2288.634339,0.000000
54.900000,18.300000,12.700463,0.330946,51.595129,1031.902586,705.119137,0.316681,1414.075396,19656.838407,1451.459048,282.047655,114283.944226,2292.952986,0.000000
55.000000,18.333333,12.733558,0.331024,51.688245,1033.764902,706.956524,0.316134,1414.271765,19660.858829,1455.538876,282.782610,114307.318772,2297.269808,0.000000
55.100000,18.366667,12.766660,0.331102,51.781360,1035.627202,708.794344,0.315589,1414.466185,19664.851089,1459.619052,283.517738,114330.529590,2301.584809,0.000000
55.200000,18.400000,12.799771,0.331179,51.874474,1037.489488,710.632594,0.315046,1414.658670,19668.815354,1463.699566,284.253037,114353.577637,2305.897992,0.000000
55.300000,18.433333,12.832889,0.331255,51.967588,1039.351759,712.471269,0.314504,1414.849230,19672.751785,1467.780408,284.988508,114376.463866,2310.209362,0.000000
55.400000,18.466667,12.866014,0.331331,52.060701,1041.214015,714.310369,0.313964,1415.037880,19676.660547,1471.861569,285.724148,114399.189224,2314.518920,0.000000
55.500000,18.500000,12.899147,0.331406,52.153813,1043.076256,716.149889,0.313425,1415.224630,19680.541801,1475.943039,286.459956,114421.754654,2318.826671,0.000000
55.600000,18.533333,12.932288,0.331481,52.246924,1044.938482,717.989827,0.312888,1415.409493,19684.395708,1480.024810,287.195931,114444.161093,2323.132620,0.000000
55.700000,18.566667,12.965436,0.331555,52.340035,1046.800694,719.830179,0.312352,1415.592481,19688.222429,1484.106871,287.932072,114466.409471,2327.436768,0.000000
55.800000,18.600000,12.998591,0.331628,52.433145,1048.662891,721.670943,0.311818,1415.773607,19692.022123,1488.189213,288.668377,114488.500716,2331.739120,0.000000
55.900000,18.633333,13.031754,0.331701,52.526254,1050.525075,723.512116,0.311285,1415.952881,19695.794949,1492.271829,289.404846,114510.435749,2336.039680,0.000000
56.000000,18.666667,13.064924,0.331774,52.619362,1052.387243,725.353695,0.310754,1416.130316,19699.541063,1496.354707,290.141478,114532.215485,2340.338452,0.000000
56.100000,18.700000,13.098102,0.331846,52.712470,1054.249398,727.195677,0.310224,1416.305924,19703.260624,1500.437840,290.878271,114553.840837,2344.635438,0.000000
56.200000,18.733333,13.131286,0.331918,52.805577,1056.111538,729.038059,0.309696,1416.479716,19706.953786,1504.521218,291.615223,114575.312709,2348.930643,0.000000
56.300000,18.766667,13.164478,0.331989,52.898683,1057.973665,730.880838,0.309169,1416.651704,19710.620705,1508.604833,292.352335,114596.632004,2353.224070,0.000000
56.400000,18.800000,13.197677,0.332059,52.991789,1059.835777,732.724012,0.308644,1416.821900,19714.261534,1512.688676,293.089605,114617.799616,2357.515724,0.000000
56.500000,18.833333,13.230883,0.332129,53.084894,1061.697876,734.567578,0.308120,1416.990315,19717.876427,1516.772738,293.827031,114638.816436,2361.805608,0.000000
56.600000,18.866667,13.264096,0.332199,53.177998,1063.559960,736.411532,0.307598,1417.156960,19721.465537,1520.857011,294.564613,114659.683352,2366.093725,0.000000
56.700000,18.900000,13.297316,0.332268,53.271102,1065.422032,738.255873,0.307077,1417.321848,19725.029014,1524.941485,295.302349,114680.401243,2370.380080,0.000000
56.800000,18.933333,13.330542,0.332337,53.364204,1067.284089,740.100598,0.306557,1417.484989,19728.567010,1529.026154,296.040239,114700.970987,2374.664677,0.000000
56.900000,18.966667,13.363776,0.332405,53.457307,1069.146133,741.945702,0.306039,1417.646395,19732.079674,1533.111008,296.778281,114721.393453,2378.947518,0.000000
57.000000,19.000000,13.397016,0.332472,53.550408,1071.008164,743.791185,0.305522,1417.806077,19735.567156,1537.196039,297.516474,114741.669510,2383.228609,0.000000
57.100000,19.033333,13.430264,0.332539,53.643509,1072.870181,745.637043,0.305007,1417.964045,19739.029603,1541.281239,298.254817,114761.800017,2387.507953,0.000000
57.200000,19.066667,13.463518,0.332606,53.736609,1074.732185,747.483274,0.304493,1418.120312,19742.467163,1545.366600,298.993310,114781.785833,2391.785553,0.000000
57.300000,19.100000,13.496778,0.332672,53.829709,1076.594176,749.329875,0.303981,1418.274888,19745.879983,1549.452113,299.731950,114801.627810,2396.061414,0.000000
57.400000,19.133333,13.530045,0.332738,53.922808,1078.456153,751.176842,0.303470,1418.427784,19749.268209,1553.537771,300.470737,114821.326794,2400.335540,0.000000
57.500000,19.166667,13.563319,0.332803,54.015906,1080.318118,753.024175,0.302961,1418.579011,19752.631984,1557.623566,301.209670,114840.883629,2404.607934,0.000000
57.600000,19.200000,13.596600,0.332868,54.109003,1082.180070,754.871869,0.302453,1418.728580,19755.971454,1561.709489,301.948748,114860.299153,2408.878601,0.000000
57.700000,19.233333,13.629886,0.332932,54.202100,1084.042009,756.719922,0.301946,1418.876501,19759.286762,1565.795534,302.687969,114879.574198,2413.147544,0.000000
57.800000,19.266667,13.663179,0.332996,54.295197,1085.903935,758.568333,0.301441,1419.022786,19762.578050,1569.881692,303.427333,114898.709594,2417.414767,0.000000
57.900000,19.300000,13.696479,0.333059,54.388292,1087.765848,760.417097,0.300937,1419.167444,19765.845460,1573.967955,304.166839,114917.706165,2421.680274,0.000000
58.000000,19.333333,13.729785,0.333122,54.481387,1089.627749,762.266213,0.300434,1419.310488,19769.089134,1578.054317,304.906485,114936.564731,2425.944070,0.000000
58.100000,19.366667,13.763097,0.333184,54.574482,1091.489637,764.115678,0.299933,1419.451926,19772.309210,1582.140770,305.646271,114955.286107,2430.206158,0.000000
58.200000,19.400000,13.796416,0.333246,54.667576,1093.351513,765.965489,0.299433,1419.591770,19775.505830,1586.227306,306.386196,114973.871102,2434.466542,0.000000
58.300000,19.433333,13.829740,0.333308,54.760669,1095.213377,767.815644,0.298935,1419.730029,19778.679130,1590.313918,307.126258,114992.320524,2438.725226,0.000000
58.400000,19.466667,13.863071,0.333369,54.853761,1097.075228,769.666141,0.298438,1419.866715,19781.829250,1594.400598,307.866456,115010.635174,2442.982214,0.000000
58.500000,19.500000,13.896408,0.333429,54.946853,1098.937067,771.516977,0.297943,1420.001838,19784.956326,1598.487339,308.606791,115028.815850,2447.237511,0.000000
58.600000,19.533333,13.929751,0.333490,55.039945,1100.798894,773.368149,0.297448,1420.135407,19788.060495,1602.574135,309.347260,115046.863343,2451.491120,0.000000
58.700000,19.566667,13.963100,0.333549,55.133035,1102.660708,775.219655,0.296955,1420.267434,19791.141892,1606.660978,310.087862,115064.778443,2455.743045,0.000000
58.800000,19.600000,13.996455,0.333609,55.226126,1104.522511,777.071493,0.296464,1420.397927,19794.200653,1610.747861,310.828597,115082.561933,2459.993290,0.000000
58.900000,19.633333,14.029816,0.333667,55.319215,1106.384302,778.923660,0.295974,1420.526898,19797.236910,1614.834777,311.569464,115100.214594,2464.241860,0.000000
59.000000,19.666667,14.063182,0.333726,55.412304,1108.246081,780.776153,0.295485,1420.654355,19800.250798,1618.921720,312.310461,115117.737200,2468.488759,0.000000
59.100000,19.700000,14.096555,0.333784,55.505392,1110.107848,782.628971,0.294997,1420.780310,19803.242450,1623.008681,313.051588,115135.130523,2472.733990,0.000000
59.200000,19.733333,14.129933,0.333841,55.598480,1111.969604,784.482111,0.294511,1420.904772,19806.211997,1627.095656,313.792844,115152.395330,2476.977558,0.000000
59.300000,19.766667,14.163317,0.333898,55.691567,1113.831348,786.335570,0.294026,1421.027751,19809.159570,1631.182636,314.534228,115169.532383,2481.219467,0.000000
59.400000,19.800000,14.196707,0.333955,55.784654,1115.693080,788.189346,0.293543,1421.149256,19812.085300,1635.269616,315.275738,115186.542442,2485.459720,0.000000
59.500000,19.833333,14.230103,0.334011,55.877740,1117.554801,790.043437,0.293061,1421.269298,19814.989317,1639.356588,316.017375,115203.426259,2489.698323,0.000000
59.600000,19.866667,14.263504,0.334067,55.970826,1119.416511,791.897841,0.292580,1421.387885,19817.871749,1643.443546,316.759136,115220.184586,2493.935279,0.000000
59.700000,19.900000,14.296911,0.334123,56.063910,1121.278209,793.752554,0.292100,1421.505028,19820.732725,1647.530484,317.501022,115236.818167,2498.170592,0.000000
59.800000,19.933333,14.330323,0.334178,56.156995,1123.139896,795.607576,0.291622,1421.620737,19823.572372,1651.617396,318.243030,115253.327746,2502.404267,0.000000
59.900000,19.966667,14.363741,0.334232,56.250079,1125.001572,797.462903,0.291145,1421.735019,19826.390818,1655.704275,318.985161,115269.714060,2506.636307,0.000000
60.000000,20.000000,14.397164,0.334287,56.343162,1126.863237,799.318533,0.290669,1421.847886,19829.188189,1659.791114,319.727413,115285.977842,2510.866717,0.000000
60.100000,20.033333,14.430593,0.334340,56.436245,1128.724890,801.174465,0.290195,1421.959347,19831.964610,1663.877908,320.469786,115302.119823,2515.095501,0.000000
60.200000,20.066667,14.464027,0.334394,56.529327,1130.586533,803.030695,0.289722,1422.069410,19834.720205,1667.964651,321.212278,115318.140727,2519.322663,0.000000
60.300000,20.100000,14.497466,0.334447,56.622408,1132.448165,804.887221,0.289250,1422.178085,19837.455100,1672.051335,321.954888,115334.041277,2523.548208,0.000000
60.400000,20.133333,14.530911,0.334499,56.715489,1134.309786,806.744042,0.288780,1422.285382,19840.169417,1676.137957,322.697617,115349.822190,2527.772139,0.000000
60.500000,20.166667,14.564361,0.334552,56.808570,1136.171396,808.601155,0.288311,1422.391309,19842.863279,1680.224508,323.440462,115365.484181,2531.994461,0.000000
60.600000,20.200000,14.597816,0.334603,56.901650,1138.032996,810.458557,0.287843,1422.495875,19845.536809,1684.310984,324.183423,115381.027957,2536.215178,0.000000
60.700000,20.233333,14.631276,0.334655,56.994729,1139.894585,812.316248,0.287376,1422.599091,19848.190127,1688.397379,324.926499,115396.454227,2540.434294,0.000000
60.800000,20.266667,14.664742,0.334706,57.087808,1141.756163,814.174223,0.286911,1422.700964,19850.823355,1692.483687,325.669689,115411.763691,2544.651813,0.000000
60.900000,20.300000,14.698212,0.334757,57.180887,1143.617731,816.032483,0.286446,1422.801504,19853.436612,1696.569901,326.412993,115426.957047,2548.867740,0.000000
61.000000,20.333333,14.731688,0.334807,57.273964,1145.479289,817.891023,0.285984,1422.900719,19856.030018,1700.656018,327.156409,115442.034991,2553.082079,0.000000
61.100000,20.366667,14.765168,0.334857,57.367042,1147.340836,819.749842,0.285522,1422.998619,19858.603692,1704.742030,327.899937,115456.998212,2557.294835,0.000000
61.200000,20.400000,14.798654,0.334906,57.460119,1149.202373,821.608939,0.285062,1423.095212,19861.157752,1708.827932,328.643575,115471.847397,2561.506010,0.000000
61.300000,20.433333,14.832145,0.334955,57.553195,1151.063900,823.468310,0.284602,1423.190507,19863.692315,1712.913719,329.387324,115486.583229,2565.715610,0.000000
61.400000,20.466667,14.865640,0.335004,57.646271,1152.925416,825.327953,0.284145,1423.284513,19866.207499,1716.999386,330.131181,115501.206387,2569.923639,0.000000
61.500000,20.500000,14.899141,0.335052,57.739346,1154.786923,827.187868,0.283688,1423.377238,19868.703418,1721.084927,330.875147,115515.717547,2574.130101,0.000000
61.600000,20.533333,14.932646,0.335100,57.832421,1156.648419,829.048051,0.283232,1423.468691,19871.180189,1725.170336,331.619220,115530.117380,2578.335000,0.000000
61.700000,20.566667,14.966156,0.335148,57.925495,1158.509905,830.908500,0.282778,1423.558881,19873.637927,1729.255609,332.363400,115544.406554,2582.538342,0.000000
61.800000,20.600000,14.999671,0.335195,58.018569,1160.371382,832.769214,0.282325,1423.647816,19876.076746,1733.340740,333.107686,115558.585734,2586.740129,0.000000
61.900000,20.633333,15.033190,0.335242,58.111642,1162.232849,834.630190,0.281874,1423.735505,19878.496760,1737.425724,333.852076,115572.655580,2590.940366,0.000000
62.000000,20.666667,15.066715,0.335289,58.204715,1164.094306,836.491427,0.281423,1423.821955,19880.898081,1741.510556,334.596571,115586.616749,2595.139058,0.000000
62.100000,20.700000,15.100243,0.335335,58.297788,1165.955753,838.352922,0.280974,1423.907176,19883.280822,1745.595231,335.341169,115600.469895,2599.336209,0.000000
62.200000,20.733333,15.133777,0.335381,58.390860,1167.817191,840.214673,0.280526,1423.991176,19885.645095,1749.679743,336.085869,115614.215667,2603.531822,0.000000
62.300000,20.766667,15.167315,0.335426,58.483931,1169.678619,842.076679,0.280079,1424.073963,19887.991011,1753.764089,336.830672,115627.854712,2607.725904,0.000000
62.400000,20.800000,15.200858,0.335471,58.577002,1171.540038,843.938937,0.279633,1424.155545,19890.318680,1757.848262,337.575575,115641.387673,2611.918457,0.000000
62.500000,20.833333,15.234405,0.335516,58.670072,1173.401447,845.801446,0.279188,1424.235930,19892.628212,1761.932259,338.320578,115654.815187,2616.109486,0.000000
62.600000,20.866667,15.267956,0.335560,58.763142,1175.262846,847.664203,0.278745,1424.315127,19894.919718,1766.016074,339.065681,115668.137893,2620.298995,0.000000
62.700000,20.900000,15.301512,0.335605,58.856212,1177.124237,849.527207,0.278303,1424.393143,19897.193304,1770.099703,339.810883,115681.356420,2624.486989,0.000000
62.800000,20.933333,15.335073,0.335648,58.949281,1178.985618,851.390455,0.277862,1424.469987,19899.449081,1774.183141,340.556182,115694.471399,2628.673473,0.000000
62.900000,20.966667,15.368638,0.335692,59.042349,1180.846990,853.253946,0.277422,1424.545667,19901.687154,1778.266383,341.301578,115707.483453,2632.858449,0.000000
63.000000,21.000000,15.402207,0.335735,59.135418,1182.708353,855.117678,0.276983,1424.620190,19903.907631,1782.349425,342.047071,115720.393206,2637.041923,0.000000
63.100000,21.033333,15.435780,0.335777,59.228485,1184.569706,856.981649,0.276546,1424.693565,19906.110619,1786.432262,342.792659,115733.201276,2641.223899,0.000000
63.200000,21.066667,15.469358,0.335820,59.321553,1186.431051,858.845857,0.276110,1424.765799,19908.296224,1790.514890,343.538343,115745.908277,2645.404382,0.000000
63.300000,21.100000,15.502940,0.335862,59.414619,1188.292387,860.710299,0.275675,1424.836900,19910.464549,1794.597304,344.284120,115758.514820,2649.583375,0.000000
63.400000,21.133333,15.536526,0.335903,59.507686,1190.153714,862.574976,0.275241,1424.906876,19912.615701,1798.679500,345.029990,115771.021515,2653.760883,0.000000
63.500000,21.166667,15.570116,0.335945,59.600752,1192.015032,864.439883,0.274808,1424.975735,19914.749782,1802.761473,345.775953,115783.428967,2657.936910,0.000000
63.600000,21.200000,15.603711,0.335986,59.693817,1193.876341,866.305021,0.274376,1425.043484,19916.866897,1806.843220,346.522008,115795.737776,2662.111461,0.000000
63.700000,21.233333,15.637310,0.336026,59.786882,1195.737641,868.170386,0.273946,1425.110131,19918.967149,1810.924736,347.268154,115807.948541,2666.284540,0.000000
63.800000,21.266667,15.670912,0.336067,59.879947,1197.598933,870.035977,0.273516,1425.175684,19921.050639,1815.006016,348.014391,115820.061857,2670.456151,0.000000
63.900000,21.300000,15.704519,0.336107,59.973011,1199.460216,871.901792,0.273088,1425.240149,19923.117470,1819.087058,348.760717,115832.078315,2674.626300,0.000000
64.000000,21.333333,15.738130,0.336147,60.066075,1201.321491,873.767830,0.272661,1425.303536,19925.167743,1823.167855,349.507132,115843.998505,2678.794989,0.000000
64.100000,21.366667,15.771744,0.336186,60.159138,1203.182757,875.634088,0.272235,1425.365850,19927.201558,1827.248406,350.253635,115855.823011,2682.962223,0.000000
64.200000,21.400000,15.805363,0.336225,60.252201,1205.044014,877.500565,0.271810,1425.427100,19929.219015,1831.328705,351.000226,115867.552415,2687.128008,0.000000
64.300000,21.433333,15.838985,0.336264,60.345263,1206.905264,879.367259,0.271387,1425.487293,19931.220215,1835.408748,351.746904,115879.187297,2691.292346,0.000000
64.400000,21.466667,15.872612,0.336302,60.438325,1208.766504,881.234169,0.270964,1425.546436,19933.205256,1839.488533,352.493667,115890.728231,2695.455243,0.000000
64.500000,21.500000,15.906242,0.336341,60.531387,1210.627737,883.101292,0.270543,1425.604536,19935.174236,1843.568054,353.240517,115902.175791,2699.616703,0.000000
64.600000,21.533333,15.939876,0.336378,60.624448,1212.488961,884.968627,0.270122,1425.661601,19937.127254,1847.647307,353.987451,115913.530545,2703.776730,0.000000
64.700000,21.566667,15.973514,0.336416,60.717509,1214.350177,886.836172,0.269703,1425.717638,19939.064406,1851.726291,354.734469,115924.793060,2707.935329,0.000000
64.800000,21.600000,16.007155,0.336453,60.810569,1216.211385,888.703925,0.269285,1425.772654,19940.985791,1855.804999,355.481570,115935.963899,2712.092504,0.000000
64.900000,21.633333,16.040801,0.336490,60.903629,1218.072585,890.571885,0.268868,1425.826656,19942.891503,1859.883430,356.228754,115947.043621,2716.248258,0.000000
65.000000,21.666667,16.074450,0.336527,60.996689,1219.933777,892.440051,0.268452,1425.879652,19944.781639,1863.961578,356.976020,115958.032785,2720.402598,0.000000
65.100000,21.700000,16.108102,0.336563,61.089748,1221.794961,894.308419,0.268037,1425.931648,19946.656294,1868.039441,357.723368,115968.931942,2724.555526,0.000000
65.200000,21.733333,16.141759,0.336599,61.182807,1223.656137,896.176989,0.267624,1425.982651,19948.515563,1872.117015,358.470796,115979.741645,2728.707048,0.000000
65.300000,21.766667,16.175419,0.336635,61.275865,1225.517306,898.045760,0.267211,1426.032668,19950.359540,1876.194297,359.218304,115990.462441,2732.857168,0.000000
65.400000,21.800000,16.209082,0.336670,61.368923,1227.378466,899.914729,0.266799,1426.081707,19952.188319,1880.271282,359.965891,116001.094875,2737.005890,0.000000
65.500000,21.833333,16.242749,0.336705,61.461981,1229.239619,901.783894,0.266389,1426.129774,19954.001992,1884.347968,360.713558,116011.639489,2741.153218,0.000000
65.600000,21.866667,16.276420,0.336740,61.555038,1231.100764,903.653255,0.265979,1426.176875,19955.800653,1888.424351,361.461302,116022.096821,2745.299157,0.000000
65.700000,21.900000,16.310094,0.336775,61.648095,1232.961901,905.522809,0.265571,1426.223019,19957.584394,1892.500428,362.209124,116032.467407,2749.443711,0.000000
65.800000,21.933333,16.343771,0.336809,61.741152,1234.823031,907.392555,0.265164,1426.268210,19959.353306,1896.576196,362.957022,116042.751780,2753.586885,0.000000
65.900000,21.966667,16.377452,0.336843,61.834208,1236.684153,909.262491,0.264758,1426.312457,19961.107481,1900.651651,363.704997,116052.950470,2757.728682,0.000000
66.000000,22.000000,16.411137,0.336877,61.927263,1238.545267,911.132617,0.264353,1426.355766,19962.847009,1904.726790,364.453047,116063.064004,2761.869108,0.000000
66.100000,22.033333,16.444824,0.336910,62.020319,1240.406375,913.002929,0.263949,1426.398143,19964.571980,1908.801610,365.201172,116073.092906,2766.008167,0.000000
66.200000,22.066667,16.478515,0.336943,62.113374,1242.267474,914.873427,0.263546,1426.439596,19966.282484,1912.876107,365.949371,116083.037697,2770.145863,0.000000
66.300000,22.100000,16.512210,0.336976,62.206428,1244.128567,916.744109,0.263144,1426.480130,19967.978610,1916.950279,366.697644,116092.898897,2774.282199,0.000000
66.400000,22.133333,16.545907,0.337009,62.299483,1245.989652,918.614973,0.262743,1426.519752,19969.660447,1921.024123,367.445989,116102.677019,2778.417182,0.000000
66.500000,22.166667,16.579608,0.337041,62.392536,1247.850730,920.486019,0.262343,1426.558469,19971.328083,1925.097636,368.194408,116112.372577,2782.550815,0.000000
66.600000,22.200000,16.613312,0.337073,62.485590,1249.711800,922.357244,0.261944,1426.596287,19972.981606,1929.170814,368.942897,116121.986081,2786.683102,0.000000
66.700000,22.233333,16.647020,0.337105,62.578643,1251.572864,924.228647,0.261546,1426.633213,19974.621102,1933.243654,369.691459,116131.518037,2790.814048,0.000000
66.800000,22.266667,16.680730,0.337137,62.671696,1253.433920,926.100226,0.261150,1426.669252,19976.246660,1937.316155,370.440090,116140.968951,2794.943657,0.000000
66.900000,22.300000,16.714444,0.337168,62.764748,1255.294970,927.971980,0.260754,1426.704412,19977.858364,1941.388312,371.188792,116150.339323,2799.071933,0.000000
67.000000,22.333333,16.748161,0.337199,62.857801,1257.156012,929.843907,0.260359,1426.738699,19979.456300,1945.460123,371.937563,116159.629652,2803.198882,0.000000
67.100000,22.366667,16.781880,0.337229,62.950852,1259.017047,931.716007,0.259966,1426.772118,19981.040555,1949.531586,372.686403,116168.840434,2807.324506,0.000000
67.200000,22.400000,16.815603,0.337260,63.043904,1260.878076,933.588277,0.259573,1426.804676,19982.611212,1953.602697,373.435311,116177.972163,2811.448811,0.000000
67.300000,22.433333,16.849329,0.337290,63.136955,1262.739097,935.460716,0.259181,1426.836379,19984.168356,1957.673454,374.184286,116187.025328,2815.571801,0.000000
67.400000,22.466667,16.883058,0.337320,63.230006,1264.600112,937.333322,0.258791,1426.867234,19985.712072,1961.743854,374.933329,116196.000419,2819.693480,0.000000
67.500000,22.500000,16.916790,0.337350,63.323056,1266.461120,939.206094,0.258401,1426.897247,19987.242442,1965.813895,375.682438,116204.897919,2823.813853,0.000000
67.600000,22.533333,16.950525,0.337379,63.416106,1268.322121,941.079032,0.258013,1426.926423,19988.759549,1969.883573,376.431613,116213.718311,2827.932923,0.000000
67.700000,22.566667,16.984263,0.337408,63.509156,1270.183116,942.952132,0.257625,1426.954768,19990.263477,1973.952887,377.180853,116222.462075,2832.050696,0.000000
67.800000,22.600000,17.018004,0.337437,63.602205,1272.044104,944.825394,0.257238,1426.982290,19991.754306,1978.021834,377.930158,116231.129688,2836.167175,0.000000
67.900000,22.633333,17.051748,0.337466,63.695254,1273.905085,946.698817,0.256853,1427.008993,19993.232120,1982.090411,378.679527,116239.721625,2840.282365,0.000000
68.000000,22.666667,17.085494,0.337494,63.788303,1275.766060,948.572399,0.256468,1427.034883,19994.696997,1986.158616,379.428959,116248.238357,2844.396271,0.000000
68.100000,22.700000,17.119244,0.337522,63.881351,1277.627028,950.446138,0.256085,1427.059967,19996.149021,1990.226446,380.178455,116256.680355,2848.508896,0.000000
68.200000,22.733333,17.152996,0.337550,63.974399,1279.487990,952.320033,0.255702,1427.084250,19997.588270,1994.293900,380.928013,116265.048083,2852.620244,0.000000
68.300000,22.766667,17.186751,0.337578,64.067447,1281.348945,954.194084,0.255321,1427.107739,19999.014825,1998.360974,381.677633,116273.342008,2856.730321,0.000000
68.400000,22.800000,17.220509,0.337605,64.160495,1283.209894,956.068287,0.254940,1427.130439,20000.428765,2002.427667,382.427315,116281.562589,2860.839131,0.000000
68.500000,22.833333,17.254269,0.337632,64.253542,1285.070837,957.942643,0.254560,1427.152355,20001.830169,2006.493975,383.177057,116289.710286,2864.946677,0.000000
68.600000,22.866667,17.288033,0.337659,64.346589,1286.931773,959.817150,0.254182,1427.173494,20003.219116,2010.559898,383.926860,116297.785557,2869.052964,0.000000
68.700000,22.900000,17.321798,0.337686,64.439635,1288.792703,961.691806,0.253804,1427.193861,20004.595683,2014.625432,384.676723,116305.788853,2873.157997,0.000000
68.800000,22.933333,17.355567,0.337712,64.532681,1290.653627,963.566611,0.253427,1427.213462,20005.959948,2018.690576,385.426644,116313.720628,2877.261780,0.000000
68.900000,22.966667,17.389338,0.337739,64.625727,1292.514545,965.441562,0.253052,1427.232302,20007.311989,2022.755327,386.176625,116321.581329,2881.364316,0.000000
69.000000,23.000000,17.423112,0.337765,64.718773,1294.375456,967.316658,0.252677,1427.250388,20008.651882,2026.819683,386.926663,116329.371404,2885.465611,0.000000
69.100000,23.033333,17.456889,0.337790,64.811818,1296.236362,969.191899,0.252303,1427.267724,20009.979703,2030.883642,387.676760,116337.091296,2889.565669,0.000000
69.200000,23.066667,17.490668,0.337816,64.904863,1298.097261,971.067283,0.251930,1427.284316,20011.295529,2034.947203,388.426913,116344.741447,2893.664493,0.000000
69.300000,23.100000,17.524449,0.337841,64.997908,1299.958155,972.942808,0.251558,1427.300171,20012.599435,2039.010362,389.177123,116352.322296,2897.762088,0.000000
69.400000,23.133333,17.558233,0.337866,65.090952,1301.819042,974.818473,0.251187,1427.315292,20013.891496,2043.073119,389.927389,116359.834280,2901.858459,0.000000
69.500000,23.166667,17.592020,0.337891,65.183996,1303.679924,976.694278,0.250817,1427.329686,20015.171787,2047.135470,390.677711,116367.277832,2905.953610,0.000000
69.600000,23.200000,17.625809,0.337916,65.277040,1305.540800,978.570220,0.250448,1427.343358,20016.440382,2051.197415,391.428088,116374.653386,2910.047545,0.000000
69.700000,23.233333,17.659601,0.337940,65.370083,1307.401670,980.446299,0.250080,1427.356313,20017.697355,2055.258951,392.178520,116381.961369,2914.140268,0.000000
69.800000,23.266667,17.693395,0.337964,65.463127,1309.262534,982.322513,0.249713,1427.368558,20018.942780,2059.320077,392.929005,116389.202209,2918.231784,0.000000
69.900000,23.300000,17.727191,0.337988,65.556170,1311.123392,984.198861,0.249347,1427.380096,20020.176729,2063.380790,393.679544,116396.376332,2922.322096,0.000000
70.000000,23.333333,17.760990,0.338012,65.649212,1312.984245,986.075342,0.248982,1427.390934,20021.399275,2067.441089,394.430137,116403.484158,2926.411210,0.000000
70.100000,23.366667,17.794791,0.338035,65.742255,1314.845092,987.951954,0.248617,1427.401076,20022.610491,2071.500972,395.180782,116410.526109,2930.499129,0.000000
70.200000,23.400000,17.828594,0.338058,65.835297,1316.705933,989.828697,0.248254,1427.410528,20023.810448,2075.560437,395.931479,116417.502602,2934.585857,0.000000
70.300000,23.433333,17.862400,0.338081,65.928338,1318.566769,991.705568,0.247891,1427.419295,20024.999217,2079.619483,396.682227,116424.414052,2938.671400,0.000000
70.400000,23.466667,17.896208,0.338104,66.021380,1320.427599,993.582568,0.247530,1427.427382,20026.176870,2083.678108,397.433027,116431.260872,2942.755760,0.000000
70.500000,23.500000,17.930019,0.338127,66.114421,1322.288424,995.459694,0.247169,1427.434795,20027.343477,2087.736310,398.183878,116438.043474,2946.838943,0.000000
70.600000,23.533333,17.963831,0.338149,66.207462,1324.149243,997.336946,0.246809,1427.441538,20028.499110,2091.794087,398.934778,116444.762265,2950.920952,0.000000
70.700000,23.566667,17.997646,0.338171,66.300503,1326.010056,999.214322,0.246450,1427.447616,20029.643836,2095.851439,399.685729,116451.417651,2955.001792,0.000000
70.800000,23.600000,18.031464,0.338193,66.393543,1327.870865,1001.091822,0.246092,1427.453035,20030.777727,2099.908363,400.436729,116458.010038,2959.081467,0.000000
70.900000,23.633333,18.065283,0.338215,66.486583,1329.731668,1002.969443,0.245735,1427.457799,20031.900850,2103.964858,401.187777,116464.539826,2963.159981,0.000000
71.000000,23.666667,18.099104,0.338237,66.579623,1331.592465,1004.847185,0.245379,1427.461914,20033.013275,2108.020923,401.938874,116471.007415,2967.237339,0.000000
71.100000,23.700000,18.132928,0.338258,66.672663,1333.453258,1006.725047,0.245024,1427.465384,20034.115071,2112.076555,402.690019,116477.413202,2971.313544,0.000000
71.200000,23.733333,18.166754,0.338279,66.765702,1335.314045,1008.603028,0.244670,1427.468215,20035.206304,2116.131754,403.441211,116483.757582,2975.388601,0.000000
71.300000,23.766667,18.200582,0.338300,66.858741,1337.174827,1010.481125,0.244316,1427.470411,20036.287043,2120.186519,404.192450,116490.040949,2979.462514,0.000000
71.400000,23.800000,18.234412,0.338321,66.951780,1339.035603,1012.359340,0.243964,1427.471976,20037.357355,2124.240846,404.943736,116496.263692,2983.535287,0.000000
71.500000,23.833333,18.268244,0.338341,67.044819,1340.896375,1014.237669,0.243612,1427.472917,20038.417306,2128.294736,405.695068,116502.426200,2987.606925,0.000000
71.600000,23.866667,18.302078,0.338362,67.137857,1342.757141,1016.116112,0.243261,1427.473237,20039.466964,2132.348187,406.446445,116508.528860,2991.677431,0.000000
71.700000,23.900000,18.335914,0.338382,67.230895,1344.617903,1017.994669,0.242912,1427.472942,20040.506394,2136.401198,407.197867,116514.572056,2995.746810,0.000000
71.800000,23.933333,18.369752,0.338402,67.323933,1346.478659,1019.873337,0.242563,1427.472036,20041.535661,2140.453767,407.949335,116520.556170,2999.815066,0.000000
71.900000,23.966667,18.403593,0.338422,67.416971,1348.339410,1021.752116,0.242214,1427.470524,20042.554832,2144.505893,408.700846,116526.481581,3003.882203,0.000000
72.000000,24.000000,18.437435,0.338441,67.510008,1350.200157,1023.631004,0.241867,1427.468411,20043.563971,2148.557575,409.452402,116532.348668,3007.948225,0.000000
72.100000,24.033333,18.471279,0.338461,67.603045,1352.060898,1025.510001,0.241521,1427.465701,20044.563143,2152.608812,410.204001,116538.157806,3012.013137,0.000000
72.200000,24.066667,18.505125,0.338480,67.696082,1353.921635,1027.389106,0.241175,1427.462399,20045.552412,2156.659602,410.955642,116543.909369,3016.076942,0.000000
72.300000,24.100000,18.538973,0.338499,67.789118,1355.782366,1029.268317,0.240831,1427.458509,20046.531841,2160.709944,411.707327,116549.603728,3020.139645,0.000000
72.400000,24.133333,18.572823,0.338517,67.882155,1357.643093,1031.147633,0.240487,1427.454036,20047.501496,2164.759837,412.459053,116555.241253,3024.201249,0.000000
72.500000,24.166667,18.606675,0.338536,67.975191,1359.503815,1033.027054,0.240144,1427.448985,20048.461438,2168.809281,413.210822,116560.822311,3028.261760,0.000000
72.600000,24.200000,18.640528,0.338554,68.068227,1361.364532,1034.906578,0.239802,1427.443360,20049.411730,2172.858273,413.962631,116566.347268,3032.321181,0.000000
72.700000,24.233333,18.674384,0.338573,68.161262,1363.225245,1036.786205,0.239461,1427.437166,20050.352436,2176.906813,414.714482,116571.816486,3036.379515,0.000000
72.800000,24.266667,18.708241,0.338591,68.254298,1365.085953,1038.665932,0.239120,1427.430407,20051.283616,2180.954901,415.466373,116577.230327,3040.436769,0.000000
72.900000,24.300000,18.742100,0.338609,68.347333,1366.946656,1040.545760,0.238781,1427.423087,20052.205334,2185.002534,416.218304,116582.589150,3044.492944,0.000000
73.000000,24.333333,18.775961,0.338626,68.440368,1368.807355,1042.425687,0.238442,1427.415212,20053.117650,2189.049711,416.970275,116587.893313,3048.548046,0.000000
73.100000,24.366667,18.809823,0.338644,68.533402,1370.668048,1044.305712,0.238105,1427.406785,20054.020625,2193.096433,417.722285,116593.143170,3052.602079,0.000000
73.200000,24.400000,18.843688,0.338661,68.626437,1372.528738,1046.185834,0.237768,1427.397810,20054.914321,2197.142698,418.474334,116598.339075,3056.655046,0.000000
73.300000,24.433333,18.877554,0.338678,68.719471,1374.389423,1048.066052,0.237432,1427.388292,20055.798797,2201.188504,419.226421,116603.481380,3060.706952,0.000000
73.400000,24.466667,18.911422,0.338695,68.812505,1376.250103,1049.946366,0.237096,1427.378236,20056.674114,2205.233852,419.978546,116608.570432,3064.757801,0.000000
73.500000,24.500000,18.945291,0.338712,68.905539,1378.110779,1051.826773,0.236762,1427.367645,20057.540332,2209.278740,420.730709,116613.606581,3068.807597,0.000000
73.600000,24.533333,18.979162,0.338729,68.998573,1379.971451,1053.707274,0.236428,1427.356525,20058.397509,2213.323168,421.482910,116618.590170,3072.856344,0.000000
73.700000,24.566667,19.013035,0.338745,69.091606,1381.832118,1055.587867,0.236095,1427.344878,20059.245706,2217.367134,422.235147,116623.521544,3076.904046,0.000000
73.800000,24.600000,19.046910,0.338761,69.184639,1383.692780,1057.468552,0.235763,1427.332710,20060.084980,2221.410637,422.987421,116628.401044,3080.950706,0.000000
73.900000,24.633333,19.080786,0.338777,69.277672,1385.553439,1059.349327,0.235432,1427.320024,20060.915390,2225.453678,423.739731,116633.229010,3084.996330,0.000000
74.000000,24.666667,19.114664,0.338793,69.370705,1387.414093,1061.230191,0.235102,1427.306825,20061.736994,2229.496255,424.492076,116638.005779,3089.040922,0.000000
74.100000,24.700000,19.148543,0.338809,69.463737,1389.274743,1063.111143,0.234773,1427.293116,20062.549850,2233.538367,425.244457,116642.731687,3093.084484,0.000000
74.200000,24.733333,19.182424,0.338825,69.556769,1391.135388,1064.992183,0.234444,1427.278903,20063.354016,2237.580014,425.996873,116647.407068,3097.127021,0.000000
74.300000,24.766667,19.216306,0.338840,69.649801,1392.996029,1066.873309,0.234116,1427.264188,20064.149548,2241.621196,426.749324,116652.032255,3101.168538,0.000000
74.400000,24.800000,19.250190,0.338855,69.742833,1394.856667,1068.754521,0.233789,1427.248976,20064.936503,2245.661910,427.501809,116656.607576,3105.209038,0.000000
74.500000,24.833333,19.284076,0.338870,69.835865,1396.717300,1070.635818,0.233463,1427.233272,20065.714938,2249.702157,428.254327,116661.133362,3109.248525,0.000000
74.600000,24.866667,19.317963,0.338885,69.928896,1398.577928,1072.517199,0.233137,1427.217078,20066.484909,2253.741937,429.006879,116665.609937,3113.287004,0.000000
74.700000,24.900000,19.351852,0.338900,70.021928,1400.438553,1074.398662,0.232813,1427.200399,20067.246472,2257.781247,429.759465,116670.037627,3117.324477,0.000000
74.800000,24.933333,19.385742,0.338915,70.114959,1402.299174,1076.280207,0.232489,1427.183240,20067.999682,2261.820089,430.512083,116674.416754,3121.360950,0.000000
74.900000,24.966667,19.419633,0.338929,70.207990,1404.159790,1078.161833,0.232166,1427.165603,20068.744594,2265.858461,431.264733,116678.747640,3125.396426,0.000000
75.000000,25.000000,19.453526,0.338943,70.301020,1406.020403,1080.043540,0.231844,1427.147493,20069.481264,2269.896363,432.017416,116683.030604,3129.430909,0.000000
75.100000,25.033333,19.487420,0.338958,70.394051,1407.881012,1081.925326,0.231522,1427.128914,20070.209746,2273.933794,432.770130,116687.265963,3133.464403,0.000000
75.200000,25.066667,19.521316,0.338972,70.487081,1409.741617,1083.807190,0.231202,1427.109869,20070.930093,2277.970753,433.522876,116691.454032,3137.496912,0.000000
75.300000,25.100000,19.555213,0.338985,70.580111,1411.602217,1085.689131,0.230882,1427.090363,20071.642362,2282.007241,434.275652,116695.595125,3141.528440,0.000000
75.400000,25.133333,19.589112,0.338999,70.673141,1413.462814,1087.571149,0.230563,1427.070399,20072.346604,2286.043257,435.028460,116699.689555,3145.558991,0.000000
75.500000,25.166667,19.623012,0.339012,70.766170,1415.323407,1089.453243,0.230244,1427.049981,20073.042873,2290.078800,435.781297,116703.737632,3149.588569,0.000000
75.600000,25.200000,19.656913,0.339026,70.859200,1417.183997,1091.335412,0.229927,1427.029112,20073.731222,2294.113869,436.534165,116707.739664,3153.617177,0.000000
75.700000,25.233333,19.690815,0.339039,70.952229,1419.044582,1093.217655,0.229610,1427.007797,20074.411705,2298.148465,437.287062,116711.695958,3157.644821,0.000000
75.800000,25.266667,19.724719,0.339052,71.045258,1420.905164,1095.099971,0.229294,1426.986040,20075.084373,2302.182588,438.039989,116715.606819,3161.671502,0.000000
75.900000,25.300000,19.758625,0.339065,71.138287,1422.765742,1096.982360,0.228979,1426.963843,20075.749279,2306.216235,438.792944,116719.472550,3165.697227,0.000000
76.000000,25.333333,19.792531,0.339078,71.231316,1424.626316,1098.864820,0.228665,1426.941211,20076.406474,2310.249408,439.545928,116723.293453,3169.721997,0.000000
76.100000,25.366667,19.826439,0.339090,71.324344,1426.486886,1100.747351,0.228351,1426.918147,20077.056010,2314.282106,440.298940,116727.069828,3173.745818,0.000000
76.200000,25.400000,19.860348,0.339103,71.417373,1428.347453,1102.629952,0.228038,1426.894655,20077.697939,2318.314329,441.051981,116730.801973,3177.768693,0.000000
76.300000,25.433333,19.894258,0.339115,71.510401,1430.208016,1104.512621,0.227726,1426.870738,20078.332312,2322.346076,441.805049,116734.490184,3181.790627,0.000000
76.400000,25.466667,19.928170,0.339127,71.603429,1432.068576,1106.395359,0.227415,1426.846401,20078.959178,2326.377347,442.558144,116738.134757,3185.811621,0.000000
76.500000,25.500000,19.962082,0.339139,71.696457,1433.929132,1108.278165,0.227104,1426.821646,20079.578589,2330.408142,443.311266,116741.735984,3189.831682,0.000000
76.600000,25.533333,19.995996,0.339151,71.789484,1435.789684,1110.161037,0.226794,1426.796477,20080.190595,2334.438460,444.064415,116745.294157,3193.850812,0.000000
76.700000,25.566667,20.029911,0.339163,71.882512,1437.650233,1112.043975,0.226485,1426.770898,20080.795245,2338.468301,444.817590,116748.809566,3197.869016,0.000000
76.800000,25.600000,20.063828,0.339174,71.975539,1439.510778,1113.926978,0.226177,1426.744912,20081.392590,2342.497666,445.570791,116752.282499,3201.886297,0.000000
76.900000,25.633333,20.097745,0.339186,72.068566,1441.371320,1115.810045,0.225869,1426.718523,20081.982678,2346.526553,446.324018,116755.713242,3205.902659,0.000000
77.000000,25.666667,20.131664,0.339197,72.161593,1443.231858,1117.693176,0.225562,1426.691734,20082.565558,2350.554963,447.077270,116759.102080,3209.918105,0.000000
77.100000,25.700000,20.165583,0.339208,72.254620,1445.092393,1119.576370,0.225256,1426.664548,20083.141279,2354.582895,447.830548,116762.449297,3213.932641,0.000000
77.200000,25.733333,20.199504,0.339219,72.347646,1446.952925,1121.459625,0.224951,1426.636969,20083.709890,2358.610350,448.583850,116765.755175,3217.946269,0.000000
77.300000,25.766667,20.233426,0.339230,72.440673,1448.813453,1123.342942,0.224646,1426.609001,20084.271439,2362.637327,449.337177,116769.019993,3221.958993,0.000000
77.400000,25.800000,20.267349,0.339241,72.533699,1450.673978,1125.226319,0.224342,1426.580646,20084.825973,2366.663826,450.090527,116772.244030,3225.970817,0.000000
77.500000,25.833333,20.301273,0.339251,72.626725,1452.534499,1127.109755,0.224039,1426.551909,20085.373541,2370.689847,450.843902,116775.427562,3229.981745,0.000000
77.600000,25.866667,20.335198,0.339262,72.719751,1454.395018,1128.993251,0.223737,1426.522792,20085.914189,2374.715389,451.597300,116778.570866,3233.991781,0.000000
77.700000,25.900000,20.369124,0.339272,72.812777,1456.255533,1130.876805,0.223435,1426.493298,20086.447965,2378.740454,452.350722,116781.674214,3238.000928,0.000000
77.800000,25.933333,20.403052,0.339282,72.905802,1458.116044,1132.760416,0.223134,1426.463432,20086.974915,2382.765040,453.104166,116784.737880,3242.009190,0.000000
77.900000,25.966667,20.436980,0.339293,72.998828,1459.976553,1134.644084,0.222834,1426.433195,20087.495087,2386.789148,453.857634,116787.762133,3246.016571,0.000000
78.000000,26.000000,20.470909,0.339302,73.091853,1461.837058,1136.527808,0.222535,1426.402593,20088.008526,2390.812778,454.611123,116790.747242,3250.023074,0.000000
78.100000,26.033333,20.504839,0.339312,73.184878,1463.697560,1138.411587,0.222236,1426.371627,20088.515278,2394.835929,455.364635,116793.693477,3254.028704,0.000000
78.200000,26.066667,20.538771,0.339322,73.277903,1465.558059,1140.295421,0.221938,1426.340300,20089.015389,2398.858602,456.118168,116796.601101,3258.033464,0.000000
78.300000,26.100000,20.572703,0.339332,73.370928,1467.418555,1142.179308,0.221640,1426.308617,20089.508905,2402.880796,456.871723,116799.470380,3262.037357,0.000000
78.400000,26.133333,20.606636,0.339341,73.463952,1469.279047,1144.063249,0.221344,1426.276581,20089.995871,2406.902512,457.625299,116802.301577,3266.040388,0.000000
78.500000,26.166667,20.640570,0.339350,73.556977,1471.139537,1145.947242,0.221048,1426.244193,20090.476332,2410.923750,458.378897,116805.094952,3270.042561,0.000000
78.600000,26.200000,20.674505,0.339360,73.650001,1473.000023,1147.831286,0.220753,1426.211459,20090.950332,2414.944510,459.132515,116807.850768,3274.043877,0.000000
78.700000,26.233333,20.708441,0.339369,73.743025,1474.860507,1149.715382,0.220458,1426.178379,20091.417916,2418.964791,459.886153,116810.569280,3278.044343,0.000000
78.800000,26.266667,20.742378,0.339378,73.836049,1476.720987,1151.599528,0.220164,1426.144959,20091.879129,2422.984595,460.639811,116813.250747,3282.043960,0.000000
78.900000,26.300000,20.776316,0.339386,73.929073,1478.581464,1153.483724,0.219871,1426.111200,20092.334013,2427.003921,461.393489,116815.895425,3286.042734,0.000000
79.000000,26.333333,20.810254,0.339395,74.022097,1480.441939,1155.367968,0.219579,1426.077107,20092.782613,2431.022768,462.147187,116818.503567,3290.040667,0.000000
79.100000,26.366667,20.844194,0.339404,74.115121,1482.302410,1157.252261,0.219287,1426.042681,20093.224973,2435.041138,462.900904,116821.075425,3294.037763,0.000000
79.200000,26.400000,20.878134,0.339412,74.208144,1484.162879,1159.136601,0.218996,1426.007926,20093.661135,2439.059031,463.654641,116823.611251,3298.034025,0.000000
79.300000,26.433333,20.912075,0.339420,74.301167,1486.023344,1161.020989,0.218706,1425.972845,20094.091143,2443.076446,464.408395,116826.111295,3302.029458,0.000000
79.400000,26.466667,20.946017,0.339429,74.394190,1487.883807,1162.905422,0.218417,1425.937440,20094.515038,2447.093384,465.162169,116828.575805,3306.024066,0.000000
79.500000,26.500000,20.979960,0.339437,74.487213,1489.744267,1164.789901,0.218128,1425.901716,20094.932865,2451.109845,465.915961,116831.005028,3310.017850,0.000000
79.600000,26.533333,21.013904,0.339445,74.580236,1491.604724,1166.674426,0.217839,1425.865674,20095.344664,2455.125829,466.669770,116833.399208,3314.010816,0.000000
79.700000,26.566667,21.047848,0.339453,74.673259,1493.465178,1168.558994,0.217552,1425.829318,20095.750478,2459.141336,467.423598,116835.758591,3318.002967,0.000000
79.800000,26.600000,21.081794,0.339460,74.766281,1495.325630,1170.443606,0.217265,1425.792651,20096.150348,2463.156367,468.177442,116838.083419,3321.994306,0.000000
79.900000,26.633333,21.115740,0.339468,74.859304,1497.186079,1172.328261,0.216979,1425.755675,20096.544316,2467.170922,468.931305,116840.373932,3325.984837,0.000000
80.000000,26.666667,21.149686,0.339475,74.952326,1499.046524,1174.212959,0.216693,1425.718393,20096.932424,2471.185000,469.685184,116842.630371,3329.974563,0.000000
80.100000,26.700000,21.183634,0.339483,75.045348,1500.906968,1176.097698,0.216409,1425.680808,20097.314712,2475.198603,470.439079,116844.852974,3333.963489,0.000000
80.200000,26.733333,21.217582,0.339490,75.138370,1502.767408,1177.982479,0.216125,1425.642923,20097.691220,2479.211731,471.192991,116847.041978,3337.951617,0.000000
80.300000,26.766667,21.251531,0.339497,75.231392,1504.627846,1179.867300,0.215841,1425.604741,20098.061991,2483.224384,471.946920,116849.197620,3341.938951,0.000000
80.400000,26.800000,21.285481,0.339504,75.324414,1506.488281,1181.752160,0.215558,1425.566265,20098.427063,2487.236561,472.700864,116851.320132,3345.925495,0.000000
80.500000,26.833333,21.319431,0.339511,75.417436,1508.348714,1183.637061,0.215276,1425.527497,20098.786477,2491.248265,473.454824,116853.409748,3349.911252,0.000000
80.600000,26.866667,21.353383,0.339518,75.510457,1510.209143,1185.521999,0.214995,1425.488440,20099.140272,2495.259493,474.208800,116855.466700,3353.896226,0.000000
80.700000,26.900000,21.387334,0.339525,75.603479,1512.069571,1187.406976,0.214714,1425.449097,20099.488489,2499.270249,474.962790,116857.491217,3357.880421,0.000000
80.800000,26.933333,21.421287,0.339532,75.696500,1513.929995,1189.291991,0.214434,1425.409470,20099.831167,2503.280530,475.716796,116859.483530,3361.863838,0.000000
80.900000,26.966667,21.455240,0.339538,75.789521,1515.790417,1191.177042,0.214155,1425.369563,20100.168345,2507.290338,476.470817,116861.443864,3365.846484,0.000000
81.000000,27.000000,21.489194,0.339545,75.882542,1517.650837,1193.062129,0.213876,1425.329377,20100.500061,2511.299674,477.224852,116863.372448,3369.828359,0.000000
81.100000,27.033333,21.523148,0.339551,75.975563,1519.511254,1194.947252,0.213598,1425.288916,20100.826355,2515.308537,477.978901,116865.269505,3373.809469,0.000000
81.200000,27.066667,21.557103,0.339557,76.068583,1521.371668,1196.832411,0.213320,1425.248183,20101.147264,2519.316928,478.732964,116867.135259,3377.789817,0.000000
81.300000,27.100000,21.591059,0.339563,76.161604,1523.232080,1198.717603,0.213043,1425.207179,20101.462828,2523.324847,479.487041,116868.969932,3381.769406,0.000000
81.400000,27.133333,21.625016,0.339569,76.254624,1525.092490,1200.602830,0.212767,1425.165907,20101.773084,2527.332295,480.241132,116870.773747,3385.748239,0.000000
81.500000,27.166667,21.658972,0.339575,76.347645,1526.952897,1202.488090,0.212492,1425.124371,20102.078070,2531.339272,480.995236,116872.546921,3389.726320,0.000000
81.600000,27.200000,21.692930,0.339581,76.440665,1528.813302,1204.373383,0.212217,1425.082573,20102.377824,2535.345779,481.749353,116874.289675,3393.703652,0.000000
81.700000,27.233333,21.726888,0.339587,76.533685,1530.673704,1206.258709,0.211943,1425.040514,20102.672383,2539.351816,482.503483,116876.002224,3397.680240,0.000000
81.800000,27.266667,21.760847,0.339592,76.626705,1532.534104,1208.144065,0.211669,1424.998199,20102.961783,2543.357383,483.257626,116877.684786,3401.656085,0.000000
81.900000,27.300000,21.794806,0.339598,76.719725,1534.394501,1210.029453,0.211396,1424.955628,20103.246063,2547.362481,484.011781,116879.337574,3405.631192,0.000000
82.000000,27.333333,21.828766,0.339603,76.812745,1536.254896,1211.914872,0.211124,1424.912806,20103.525258,2551.367111,484.765949,116880.960803,3409.605564,0.000000
82.100000,27.366667,21.862726,0.339609,76.905764,1538.115289,1213.800321,0.210852,1424.869734,20103.799406,2555.371272,485.520128,116882.554683,3413.579205,0.000000
82.200000,27.400000,21.896687,0.339614,76.998784,1539.975679,1215.685799,0.210581,1424.826415,20104.068541,2559.374966,486.274320,116884.119427,3417.552117,0.000000
82.300000,27.433333,21.930648,0.339619,77.091803,1541.836068,1217.571306,0.210311,1424.782851,20104.332702,2563.378193,487.028522,116885.655244,3421.524304,0.000000
82.400000,27.466667,21.964610,0.339624,77.184823,1543.696453,1219.456842,0.210041,1424.739044,20104.591923,2567.380953,487.782737,116887.162342,3425.495770,0.000000
82.500000,27.500000,21.998573,0.339629,77.277842,1545.556837,1221.342405,0.209772,1424.694998,20104.846240,2571.383247,488.536962,116888.640929,3429.466518,0.000000
82.600000,27.533333,22.032535,0.339634,77.370861,1547.417218,1223.227996,0.209503,1424.650715,20105.095688,2575.385075,489.291198,116890.091210,3433.436550,0.000000
82.700000,27.566667,22.066499,0.339638,77.463880,1549.277598,1225.113613,0.209236,1424.606196,20105.340303,2579.386438,490.045445,116891.513391,3437.405872,0.000000
82.800000,27.600000,22.100463,0.339643,77.556899,1551.137975,1226.999257,0.208968,1424.561445,20105.580120,2583.387337,490.799703,116892.907676,3441.374484,0.000000
82.900000,27.633333,22.134427,0.339648,77.649917,1552.998349,1228.884927,0.208702,1424.516464,20105.815174,2587.387772,491.553971,116894.274265,3445.342393,0.000000
83.000000,27.666667,22.168392,0.339652,77.742936,1554.858722,1230.770622,0.208436,1424.471254,20106.045498,2591.387743,492.308249,116895.613362,3449.309599,0.000000
83.100000,27.700000,22.202357,0.339656,77.835955,1556.719092,1232.656342,0.208170,1424.425819,20106.271128,2595.387252,493.062537,116896.925166,3453.276107,0.000000
83.200000,27.733333,22.236323,0.339661,77.928973,1558.579461,1234.542086,0.207906,1424.380161,20106.492098,2599.386298,493.816834,116898.209875,3457.241920,0.000000
83.300000,27.766667,22.270289,0.339665,78.021991,1560.439827,1236.427854,0.207641,1424.334282,20106.708442,2603.384883,494.571142,116899.467688,3461.207041,0.000000
83.400000,27.800000,22.304255,0.339669,78.115010,1562.300191,1238.313645,0.207378,1424.288185,20106.920194,2607.383006,495.325458,116900.698801,3465.171474,0.000000
83.500000,27.833333,22.338222,0.339673,78.208028,1564.160553,1240.199459,0.207115,1424.241871,20107.127386,2611.380669,496.079784,116901.903409,3469.135222,0.000000
83.600000,27.866667,22.372189,0.339677,78.301046,1566.020913,1242.085295,0.206853,1424.195343,20107.330054,2615.377873,496.834118,116903.081707,3473.098287,0.000000
83.700000,27.900000,22.406157,0.339681,78.394064,1567.881270,1243.971153,0.206591,1424.148603,20107.528229,2619.374617,497.588461,116904.233888,3477.060674,0.000000
83.800000,27.933333,22.440125,0.339685,78.487081,1569.741626,1245.857033,0.206330,1424.101654,20107.721945,2623.370902,498.342813,116905.360144,3481.022386,0.000000
83.900000,27.966667,22.474094,0.339688,78.580099,1571.601980,1247.742933,0.206069,1424.054497,20107.911234,2627.366730,499.097173,116906.460665,3484.983424,0.000000
84.000000,28.000000,22.508062,0.339692,78.673117,1573.462332,1249.628854,0.205809,1424.007135,20108.096130,2631.362100,499.851541,116907.535642,3488.943794,0.000000
84.100000,28.033333,22.542032,0.339695,78.766134,1575.322682,1251.514794,0.205550,1423.959571,20108.276665,2635.357013,500.605918,116908.585262,3492.903498,0.000000
84.200000,28.066667,22.576001,0.339699,78.859151,1577.183029,1253.400754,0.205292,1423.911805,20108.452871,2639.351471,501.360302,116909.609714,3496.862539,0.000000
84.300000,28.100000,22.609971,0.339702,78.952169,1579.043375,1255.286733,0.205033,1423.863841,20108.624779,2643.345473,502.114693,116910.609183,3500.820921,0.000000
84.400000,28.133333,22.643941,0.339705,79.045186,1580.903719,1257.172730,0.204776,1423.815680,20108.792423,2647.339021,502.869092,116911.583855,3504.778646,0.000000
84.500000,28.166667,22.677912,0.339708,79.138203,1582.764061,1259.058746,0.204519,1423.767326,20108.955833,2651.332114,503.623498,116912.533914,3508.735719,0.000000
84.600000,28.200000,22.711882,0.339712,79.231220,1584.624401,1260.944778,0.204263,1423.718779,20109.115042,2655.324755,504.377911,116913.459544,3512.692141,0.000000
84.700000,28.233333,22.745854,0.339715,79.324237,1586.484739,1262.830829,0.204007,1423.670041,20109.270079,2659.316942,505.132331,116914.360925,3516.647916,0.000000
84.800000,28.266667,22.779825,0.339717,79.417254,1588.345076,1264.716895,0.203752,1423.621116,20109.420977,2663.308678,505.886758,116915.238239,3520.603047,0.000000
84.900000,28.300000,22.813797,0.339720,79.510271,1590.205410,1266.602978,0.203497,1423.572005,20109.567767,2667.299963,506.641191,116916.091666,3524.557538,0.000000
85.000000,28.333333,22.847769,0.339723,79.603287,1592.065743,1268.489077,0.203243,1423.522710,20109.710478,2671.290797,507.395631,116916.921384,3528.511391,0.000000
85.100000,28.366667,22.881741,0.339726,79.696304,1593.926074,1270.375191,0.202990,1423.473234,20109.849142,2675.281182,508.150077,116917.727572,3532.464610,0.000000
85.200000,28.400000,22.915714,0.339728,79.789320,1595.786403,1272.261320,0.202737,1423.423577,20109.983790,2679.271117,508.904528,116918.510405,3536.417197,0.000000
85.300000,28.433333,22.949687,0.339731,79.882336,1597.646730,1274.147464,0.202485,1423.373743,20110.114450,2683.260604,509.658986,116919.270060,3540.369157,0.000000
85.400000,28.466667,22.983660,0.339733,79.975353,1599.507055,1276.033622,0.202233,1423.323733,20110.241154,2687.249644,510.413449,116920.006710,3544.320491,0.000000
85.500000,28.500000,23.017633,0.339736,80.068369,1601.367379,1277.919793,0.201982,1423.273550,20110.363931,2691.238237,511.167917,116920.720530,3548.271203,0.000000
85.600000,28.533333,23.051607,0.339738,80.161385,1603.227701,1279.805977,0.201732,1423.223194,20110.482811,2695.226384,511.922391,116921.411691,3552.221296,0.000000
85.700000,28.566667,23.085580,0.339740,80.254401,1605.088021,1281.692175,0.201482,1423.172669,20110.597823,2699.214086,512.676870,116922.080365,3556.170773,0.000000
85.800000,28.600000,23.119554,0.339742,80.347417,1606.948339,1283.578384,0.201232,1423.121976,20110.708996,2703.201344,513.431354,116922.726723,3560.119637,0.000000
85.900000,28.633333,23.153529,0.339745,80.440433,1608.808656,1285.464606,0.200984,1423.071118,20110.816361,2707.188157,514.185842,116923.350934,3564.067891,0.000000
86.000000,28.666667,23.187503,0.339747,80.533449,1610.668971,1287.350839,0.200735,1423.020095,20110.919945,2711.174528,514.940336,116923.953166,3568.015538,0.000000
86.100000,28.700000,23.221478,0.339748,80.626464,1612.529284,1289.237083,0.200488,1422.968910,20111.019777,2715.160457,515.694833,116924.533586,3571.962582,0.000000
86.200000,28.733333,23.255453,0.339750,80.719480,1614.389596,1291.123338,0.200241,1422.917566,20111.115886,2719.145944,516.449335,116925.092361,3575.909025,0.000000
86.300000,28.766667,23.289428,0.339752,80.812495,1616.249906,1293.009604,0.199994,1422.866063,20111.208301,2723.130991,517.203842,116925.629657,3579.854869,0.000000
86.400000,28.800000,23.323403,0.339754,80.905511,1618.110214,1294.895879,0.199748,1422.814404,20111.297050,2727.115598,517.958352,116926.145637,3583.800120,0.000000
86.500000,28.833333,23.357378,0.339755,80.998526,1619.970521,1296.782164,0.199503,1422.762590,20111.382160,2731.099767,518.712866,116926.640465,3587.744778,0.000000
86.600000,28.866667,23.391354,0.339757,81.091541,1621.830826,1298.668458,0.199258,1422.710624,20111.463660,2735.083497,519.467383,116927.114303,3591.688847,0.000000
86.700000,28.900000,23.425329,0.339759,81.184556,1623.691129,1300.554761,0.199013,1422.658507,20111.541578,2739.066790,520.221904,116927.567312,3595.632330,0.000000
86.800000,28.933333,23.459305,0.339760,81.277572,1625.551431,1302.441072,0.198770,1422.606241,20111.615941,2743.049647,520.976429,116927.999654,3599.575231,0.000000
86.900000,28.966667,23.493281,0.339761,81.370587,1627.411731,1304.327391,0.198526,1422.553828,20111.686776,2747.032068,521.730956,116928.411487,3603.517551,0.000000
87.000000,29.000000,23.527257,0.339763,81.463602,1629.272030,1306.213718,0.198284,1422.501269,20111.754111,2751.014054,522.485487,116928.802971,3607.459294,0.000000
87.100000,29.033333,23.561234,0.339764,81.556616,1631.132327,1308.100052,0.198042,1422.448568,20111.817973,2754.995606,523.240021,116929.174261,3611.400463,0.000000
87.200000,29.066667,23.595210,0.339765,81.649631,1632.992623,1309.986393,0.197800,1422.395724,20111.878389,2758.976726,523.994557,116929.525516,3615.341061,0.000000
87.300000,29.100000,23.629187,0.339766,81.742646,1634.852917,1311.872740,0.197559,1422.342741,20111.935385,2762.957413,524.749096,116929.856891,3619.281090,0.000000
87.400000,29.133333,23.663163,0.339767,81.835660,1636.713210,1313.759094,0.197319,1422.289619,20111.988989,2766.937669,525.503638,116930.168540,3623.220554,0.000000
87.500000,29.166667,23.697140,0.339768,81.928675,1638.573501,1315.645453,0.197079,1422.236361,20112.039226,2770.917494,526.258181,116930.460617,3627.159455,0.000000
87.600000,29.200000,23.731117,0.339769,82.021690,1640.433791,1317.531818,0.196839,1422.182968,20112.086123,2774.896890,527.012727,116930.733275,3631.097797,0.000000
87.700000,29.233333,23.765094,0.339770,82.114704,1642.294079,1319.418188,0.196601,1422.129442,20112.129707,2778.875857,527.767275,116930.986666,3635.035582,0.000000
87.800000,29.266667,23.799071,0.339771,82.207718,1644.154365,1321.304562,0.196362,1422.075785,20112.170002,2782.854396,528.521825,116931.220941,3638.972813,0.000000
87.900000,29.300000,23.833048,0.339771,82.300733,1646.014651,1323.190941,0.196124,1422.021998,20112.207035,2786.832508,529.276376,116931.436250,3642.909493,0.000000
88.000000,29.333333,23.867025,0.339772,82.393747,1647.874935,1325.077324,0.195887,1421.968084,20112.240832,2790.810194,530.030930,116931.632742,3646.845624,0.000000
88.100000,29.366667,23.901002,0.339773,82.486761,1649.735217,1326.963710,0.195650,1421.914043,20112.271417,2794.787455,530.785484,116931.810565,3650.781210,0.000000
88.200000,29.400000,23.934979,0.339773,82.579775,1651.595498,1328.850100,0.195414,1421.859878,20112.298817,2798.764292,531.540040,116931.969867,3654.716254,0.000000
88.300000,29.433333,23.968957,0.339774,82.672789,1653.455778,1330.736493,0.195179,1421.805589,20112.323057,2802.740705,532.294597,116932.110794,3658.650757,0.000000
88.400000,29.466667,24.002934,0.339774,82.765803,1655.316056,1332.622888,0.194944,1421.751180,20112.344161,2806.716695,533.049155,116932.233492,3662.584724,0.000000
88.500000,29.500000,24.036912,0.339774,82.858817,1657.176333,1334.509285,0.194709,1421.696651,20112.362154,2810.692265,533.803714,116932.338105,3666.518156,0.000000
88.600000,29.533333,24.070889,0.339775,82.951830,1659.036608,1336.395685,0.194475,1421.642003,20112.377062,2814.667413,534.558274,116932.424777,3670.451057,0.000000
88.700000,29.566667,24.104866,0.339775,83.044844,1660.896883,1338.282086,0.194241,1421.587240,20112.388908,2818.642142,535.312834,116932.493651,3674.383430,0.000000
88.800000,29.600000,24.138844,0.339775,83.137858,1662.757155,1340.168488,0.194008,1421.532361,20112.397718,2822.616452,536.067395,116932.544869,3678.315276,0.000000
88.900000,29.633333,24.172821,0.339775,83.230871,1664.617427,1342.054892,0.193776,1421.477370,20112.403514,2826.590344,536.821957,116932.578573,3682.246600,0.000000
89.000000,29.666667,24.206799,0.339775,83.323885,1666.477697,1343.941296,0.193544,1421.422267,20112.406323,2830.563819,537.576518,116932.594901,3686.177403,0.000000
89.100000,29.700000,24.240777,0.339775,83.416898,1668.337966,1345.827700,0.193312,1421.367053,20112.406167,2834.536878,538.331080,116932.593995,3690.107688,0.000000
89.200000,29.733333,24.274754,0.339775,83.509912,1670.198234,1347.714104,0.193081,1421.311731,20112.403071,2838.509522,539.085642,116932.575992,3694.037459,0.000000
89.300000,29.766667,24.308732,0.339775,83.602925,1672.058500,1349.600508,0.192851,1421.256302,20112.397057,2842.481751,539.840203,116932.541031,3697.966717,0.000000
89.400000,29.800000,24.342709,0.339775,83.695938,1673.918765,1351.486911,0.192621,1421.200768,20112.388151,2846.453568,540.594764,116932.489248,3701.895466,0.000000
89.500000,29.833333,24.376687,0.339775,83.788951,1675.779029,1353.373313,0.192392,1421.145130,20112.376374,2850.424972,541.349325,116932.420778,3705.823709,0.000000
89.600000,29.866667,24.410664,0.339774,83.881965,1677.639292,1355.259714,0.192163,1421.089389,20112.361750,2854.395965,542.103886,116932.335759,3709.751447,0.000000
89.700000,29.900000,24.444641,0.339774,83.974978,1679.499553,1357.146114,0.191934,1421.033547,20112.344303,2858.366547,542.858445,116932.234322,3713.678684,0.000000
89.800000,29.933333,24.478619,0.339774,84.067991,1681.359813,1359.032511,0.191706,1420.977606,20112.324056,2862.336720,543.613005,116932.116604,3717.605422,0.000000
89.900000,29.966667,24.512596,0.339773,84.161004,1683.220072,1360.918907,0.191479,1420.921567,20112.301030,2866.306485,544.367563,116931.982735,3721.531664,0.000000
90.000000,30.000000,24.546574,0.339773,84.254016,1685.080330,1362.805300,0.191252,1420.865431,20112.275250,2870.275842,545.122120,116931.832848,3725.457413,0.000000
90.100000,30.033333,24.580551,0.339772,84.347029,1686.940586,1364.691690,0.191026,1420.809201,20112.246737,2874.244792,545.876676,116931.667074,3729.382672,0.000000
90.200000,30.066667,24.614528,0.339772,84.440042,1688.800842,1366.578077,0.190800,1420.752876,20112.215514,2878.213337,546.631231,116931.485544,3733.307442,0.000000
90.300000,30.100000,24.648505,0.339771,84.533055,1690.661096,1368.464460,0.190574,1420.696460,20112.181602,2882.181478,547.385784,116931.288386,3737.231727,0.000000
90.400000,30.133333,24.682482,0.339770,84.626067,1692.521349,1370.350840,0.190349,1420.639953,20112.145026,2886.149215,548.140336,116931.075730,3741.155529,0.000000
90.500000,30.166667,24.716459,0.339769,84.719080,1694.381601,1372.237217,0.190125,1420.583356,20112.105805,2890.116549,548.894887,116930.847703,3745.078850,0.000000
90.600000,30.200000,24.750436,0.339769,84.812093,1696.241852,1374.123588,0.189901,1420.526672,20112.063962,2894.083481,549.649435,116930.604432,3749.001695,0.000000
90.700000,30.233333,24.784413,0.339768,84.905105,1698.102101,1376.009956,0.189678,1420.469901,20112.019520,2898.050013,550.403982,116930.346044,3752.924064,0.000000
90.800000,30.266667,24.818390,0.339767,84.998117,1699.962350,1377.896318,0.189455,1420.413044,20111.972498,2902.016145,551.158527,116930.072665,3756.845961,0.000000
90.900000,30.300000,24.852367,0.339766,85.091130,1701.822597,1379.782676,0.189232,1420.356105,20111.922920,2905.981878,551.913070,116929.784418,3760.767388,0.000000
91.000000,30.333333,24.886343,0.339765,85.184142,1703.682844,1381.669028,0.189010,1420.299082,20111.870806,2909.947214,552.667611,116929.481429,3764.688348,0.000000
91.100000,30.366667,24.920320,0.339764,85.277154,1705.543089,1383.555375,0.188789,1420.241979,20111.816177,2913.912153,553.422150,116929.163819,3768.608843,0.000000
91.200000,30.400000,24.954296,0.339763,85.370167,1707.403333,1385.441716,0.188568,1420.184796,20111.759054,2917.876696,554.176686,116928.831712,3772.528877,0.000000
91.300000,30.433333,24.988272,0.339762,85.463179,1709.263576,1387.328050,0.188348,1420.127535,20111.699459,2921.840844,554.931220,116928.485229,3776.448450,0.000000
91.400000,30.466667,25.022249,0.339760,85.556191,1711.123818,1389.214378,0.188127,1420.070196,20111.637413,2925.804599,555.685751,116928.124492,3780.367567,0.000000
91.500000,30.500000,25.056225,0.339759,85.649203,1712.984059,1391.100700,0.187908,1420.012782,20111.572935,2929.767961,556.440280,116927.749619,3784.286229,0.000000
91.600000,30.533333,25.090201,0.339758,85.742215,1714.844299,1392.987014,0.187689,1419.955294,20111.506046,2933.730931,557.194806,116927.360732,3788.204439,0.000000
91.700000,30.566667,25.124176,0.339757,85.835227,1716.704538,1394.873322,0.187470,1419.897732,20111.436767,2937.693510,557.949329,116926.957947,3792.122200,0.000000
91.800000,30.600000,25.158152,0.339755,85.928239,1718.564776,1396.759622,0.187252,1419.840099,20111.365118,2941.655700,558.703849,116926.541384,3796.039513,0.000000
91.900000,30.633333,25.192128,0.339754,86.021251,1720.425013,1398.645914,0.187035,1419.782395,20111.291119,2945.617501,559.458366,116926.111159,3799.956383,0.000000
92.000000,30.666667,25.226103,0.339752,86.114262,1722.285249,1400.532198,0.186818,1419.724622,20111.214791,2949.578915,560.212879,116925.667389,3803.872810,0.000000
92.100000,30.700000,25.260078,0.339751,86.207274,1724.145484,1402.418474,0.186601,1419.666781,20111.136153,2953.539941,560.967390,116925.210189,3807.788798,0.000000
92.200000,30.733333,25.294053,0.339749,86.300286,1726.005718,1404.304742,0.186385,1419.608873,20111.055224,2957.500582,561.721897,116924.739675,3811.704348,0.000000
92.300000,30.766667,25.328028,0.339748,86.393298,1727.865951,1406.191001,0.186169,1419.550899,20110.972025,2961.460839,562.476400,116924.255961,3815.619464,0.000000
92.400000,30.800000,25.362003,0.339746,86.486309,1729.726183,1408.077250,0.185954,1419.492862,20110.886575,2965.420711,563.230900,116923.759160,3819.534148,0.000000
92.500000,30.833333,25.395977,0.339744,86.579321,1731.586414,1409.963491,0.185739,1419.434761,20110.798894,2969.380201,563.985396,116923.249385,3823.448402,0.000000
92.600000,30.866667,25.429952,0.339742,86.672332,1733.446644,1411.849722,0.185525,1419.376599,20110.709001,2973.339310,564.739889,116922.726748,3827.362229,0.000000
92.700000,30.900000,25.463926,0.339741,86.765344,1735.306873,1413.735944,0.185311,1419.318376,20110.616914,2977.298038,565.494378,116922.191361,3831.275631,0.000000
92.800000,30.933333,25.497900,0.339739,86.858355,1737.167102,1415.622156,0.185097,1419.260093,20110.522653,2981.256386,566.248862,116921.643334,3835.188611,0.000000
92.900000,30.966667,25.531874,0.339737,86.951366,1739.027329,1417.508357,0.184884,1419.201753,20110.426238,2985.214356,567.003343,116921.082777,3839.101170,0.000000
93.000000,31.000000,25.565848,0.339735,87.044378,1740.887555,1419.394548,0.184672,1419.143355,20110.327686,2989.171949,567.757819,116920.509800,3843.013312,0.000000
93.100000,31.033333,25.599821,0.339733,87.137389,1742.747781,1421.280729,0.184460,1419.084901,20110.227016,2993.129165,568.512292,116919.924512,3846.925039,0.000000
93.200000,31.066667,25.633795,0.339731,87.230400,1744.608006,1423.166899,0.184248,1419.026393,20110.124247,2997.086005,569.266760,116919.327019,3850.836352,0.000000
93.300000,31.100000,25.667768,0.339729,87.323411,1746.468229,1425.053057,0.184037,1418.967831,20110.019398,3001.042472,570.021223,116918.717430,3854.747255,0.000000
93.400000,31.133333,25.701741,0.339727,87.416423,1748.328452,1426.939205,0.183827,1418.909217,20109.912486,3004.998565,570.775682,116918.095851,3858.657751,0.000000
93.500000,31.166667,25.735713,0.339725,87.509434,1750.188674,1428.825341,0.183616,1418.850551,20109.803531,3008.954285,571.530136,116917.462388,3862.567840,0.000000
93.600000,31.200000,25.769686,0.339723,87.602445,1752.048896,1430.711465,0.183407,1418.791836,20109.692549,3012.909635,572.284586,116916.817146,3866.477525,0.000000
93.700000,31.233333,25.803658,0.339721,87.695456,1753.909116,1432.597577,0.183197,1418.733071,20109.579559,3016.864614,573.039031,116916.160229,3870.386810,0.000000
93.800000,31.266667,25.837630,0.339718,87.788467,1755.769335,1434.483677,0.182989,1418.674259,20109.464580,3020.819224,573.793471,116915.491742,3874.295696,0.000000
93.900000,31.300000,25.871602,0.339716,87.881478,1757.629554,1436.369765,0.182780,1418.615400,20109.347628,3024.773465,574.547906,116914.811788,3878.204185,0.000000
94.000000,31.333333,25.905573,0.339714,87.974489,1759.489772,1438.255840,0.182572,1418.556495,20109.228721,3028.727340,575.302336,116914.120469,3882.112280,0.000000
94.100000,31.366667,25.939545,0.339711,88.067499,1761.349989,1440.141902,0.182365,1418.497545,20109.107877,3032.680849,576.056761,116913.417887,3886.019984,0.000000
94.200000,31.400000,25.973516,0.339709,88.160510,1763.210205,1442.027952,0.182158,1418.438552,20108.985113,3036.633992,576.811181,116912.704144,3889.927297,0.000000
94.300000,31.433333,26.007487,0.339707,88.253521,1765.070421,1443.913988,0.181951,1418.379517,20108.860446,3040.586772,577.565595,116911.979340,3893.834224,0.000000
94.400000,31.466667,26.041458,0.339704,88.346532,1766.930635,1445.800011,0.181745,1418.320440,20108.733895,3044.539189,578.320004,116911.243574,3897.740765,0.000000
94.500000,31.500000,26.075428,0.339702,88.439542,1768.790849,1447.686020,0.181539,1418.261323,20108.605475,3048.491243,579.074408,116910.496948,3901.646924,0.000000
94.600000,31.533333,26.109398,0.339699,88.532553,1770.651062,1449.572015,0.181334,1418.202167,20108.475204,3052.442937,579.828806,116909.739558,3905.552702,0.000000
94.700000,31.566667,26.143368,0.339697,88.625564,1772.511275,1451.457996,0.181129,1418.142972,20108.343099,3056.394271,580.583198,116908.971503,3909.458101,0.000000
94.800000,31.600000,26.177338,0.339694,88.718574,1774.371486,1453.343963,0.180925,1418.083740,20108.209176,3060.345247,581.337585,116908.192881,3913.363125,0.000000
94.900000,31.633333,26.211307,0.339691,88.811585,1776.231697,1455.229916,0.180721,1418.024473,20108.073452,3064.295865,582.091966,116907.403788,3917.267775,0.000000
95.000000,31.666667,26.245276,0.339689,88.904595,1778.091907,1457.115854,0.180517,1417.965170,20107.935943,3068.246126,582.846342,116906.604321,3921.172054,0.000000
95.100000,31.700000,26.279245,0.339686,88.997606,1779.952116,1459.001777,0.180314,1417.905832,20107.796667,3072.196031,583.600711,116905.794575,3925.075963,0.000000
95.200000,31.733333,26.313214,0.339683,89.090616,1781.812325,1460.887685,0.180111,1417.846462,20107.655639,3076.145582,584.355074,116904.974645,3928.979505,0.000000
95.300000,31.766667,26.347182,0.339680,89.183627,1783.672533,1462.773578,0.179909,1417.787060,20107.512875,3080.094780,585.109431,116904.144625,3932.882682,0.000000
95.400000,31.800000,26.381150,0.339678,89.276637,1785.532740,1464.659456,0.179707,1417.727626,20107.368393,3084.043625,585.863782,116903.304609,3936.785496,0.000000
95.500000,31.833333,26.415118,0.339675,89.369647,1787.392946,1466.545318,0.179506,1417.668163,20107.222207,3087.992118,586.618127,116902.454691,3940.687950,0.000000
95.600000,31.866667,26.449085,0.339672,89.462658,1789.253152,1468.431165,0.179305,1417.608670,20107.074333,3091.940262,587.372466,116901.594962,3944.590045,0.000000
95.700000,31.900000,26.483053,0.339669,89.555668,1791.113357,1470.316995,0.179104,1417.549149,20106.924789,3095.888056,588.126798,116900.725515,3948.491784,0.000000
95.800000,31.933333,26.517019,0.339666,89.648678,1792.973561,1472.202810,0.178904,1417.489600,20106.773588,3099.835502,588.881124,116899.846440,3952.393169,0.000000
95.900000,31.966667,26.550986,0.339663,89.741688,1794.833765,1474.088608,0.178705,1417.430025,20106.620747,3103.782600,589.635443,116898.957830,3956.294202,0.000000
96.000000,32.000000,26.584952,0.339660,89.834698,1796.693968,1475.974390,0.178505,1417.370425,20106.466281,3107.729353,590.389756,116898.059773,3960.194886,0.000000
96.100000,32.033333,26.618918,0.339657,89.927709,1798.554170,1477.860155,0.178307,1417.310801,20106.310206,3111.675760,591.144062,116897.152360,3964.095221,0.000000
96.200000,32.066667,26.652884,0.339654,90.020719,1800.414372,1479.745903,0.178108,1417.251153,20106.152537,3115.621824,591.898361,116896.235679,3967.995211,0.000000
96.300000,32.100000,26.686850,0.339651,90.113729,1802.274573,1481.631634,0.177910,1417.191482,20105.993289,3119.567544,592.652654,116895.309818,3971.894858,0.000000
96.400000,32.133333,26.720815,0.339648,90.206739,1804.134773,1483.517349,0.177713,1417.131790,20105.832477,3123.512923,593.406939,116894.374867,3975.794163,0.000000
96.500000,32.166667,26.754779,0.339645,90.299749,1805.994973,1485.403046,0.177515,1417.072077,20105.670117,3127.457960,594.161218,116893.430911,3979.693130,0.000000
96.600000,32.200000,26.788744,0.339642,90.392759,1807.855172,1487.288725,0.177319,1417.012344,20105.506222,3131.402658,594.915490,116892.478037,3983.591759,0.000000
96.700000,32.233333,26.822708,0.339638,90.485769,1809.715371,1489.174387,0.177122,1416.952593,20105.340809,3135.347018,595.669755,116891.516333,3987.490053,0.000000
96.800000,32.266667,26.856672,0.339635,90.578778,1811.575569,1491.060031,0.176926,1416.892823,20105.173892,3139.291039,596.424012,116890.545882,3991.388014,0.000000
96.900000,32.300000,26.890635,0.339632,90.671788,1813.435766,1492.945657,0.176731,1416.833036,20105.005485,3143.234724,597.178263,116889.566770,3995.285644,0.000000
97.000000,32.333333,26.924599,0.339629,90.764798,1815.295962,1494.831265,0.176536,1416.773232,20104.835602,3147.178073,597.932506,116888.579082,3999.182946,0.000000
97.100000,32.366667,26.958561,0.339625,90.857808,1817.156158,1496.716854,0.176341,1416.713414,20104.664259,3151.121088,598.686742,116887.582902,4003.079920,0.000000
97.200000,32.400000,26.992524,0.339622,90.950818,1819.016354,1498.602426,0.176147,1416.653580,20104.491470,3155.063770,599.440970,116886.578312,4006.976570,0.000000
97.300000,32.433333,27.026486,0.339619,91.043827,1820.876549,1500.487978,0.175953,1416.593733,20104.317248,3159.006119,600.195191,116885.565396,4010.872897,0.000000
97.400000,32.466667,27.060448,0.339615,91.136837,1822.736743,1502.373512,0.175759,1416.533873,20104.141608,3162.948136,600.949405,116884.544235,4014.768904,0.000000
97.500000,32.500000,27.094410,0.339612,91.229847,1824.596937,1504.259027,0.175566,1416.474001,20103.964565,3166.889823,601.703611,116883.514912,4018.664592,0.000000
97.600000,32.533333,27.128371,0.339608,91.322856,1826.457130,1506.144523,0.175374,1416.414118,20103.786131,3170.831181,602.457809,116882.477508,4022.559963,0.000000
97.700000,32.566667,27.162332,0.339605,91.415866,1828.317322,1508.030000,0.175181,1416.354224,20103.606322,3174.772211,603.212000,116881.432102,4026.455019,0.000000
97.800000,32.600000,27.196292,0.339601,91.508876,1830.177514,1509.915457,0.174990,1416.294320,20103.425150,3178.712914,603.966183,116880.378777,4030.349763,0.000000
97.900000,32.633333,27.230252,0.339598,91.601885,1832.037706,1511.800895,0.174798,1416.234408,20103.242629,3182.653290,604.720358,116879.317609,4034.244196,0.000000
98.000000,32.666667,27.264212,0.339594,91.694895,1833.897897,1513.686313,0.174607,1416.174488,20103.058773,3186.593342,605.474525,116878.248680,4038.138321,0.000000
98.100000,32.700000,27.298171,0.339591,91.787904,1835.758087,1515.571712,0.174416,1416.114561,20102.873596,3190.533070,606.228685,116877.172068,4042.032139,0.000000
98.200000,32.733333,27.332130,0.339587,91.880914,1837.618277,1517.457090,0.174226,1416.054628,20102.687110,3194.472474,606.982836,116876.087849,4045.925652,0.000000
98.300000,32.766667,27.366089,0.339583,91.973923,1839.478466,1519.342449,0.174036,1415.994689,20102.499330,3198.411557,607.736980,116874.996103,4049.818862,0.000000
98.400000,32.800000,27.400047,0.339580,92.066933,1841.338655,1521.227787,0.173847,1415.934745,20102.310268,3202.350319,608.491115,116873.896905,4053.711772,0.000000
98.500000,32.833333,27.434005,0.339576,92.159942,1843.198843,1523.113105,0.173658,1415.874797,20102.119937,3206.288761,609.245242,116872.790333,4057.604382,0.000000
98.600000,32.866667,27.467963,0.339572,92.252952,1845.059031,1524.998402,0.173469,1415.814846,20101.928351,3210.226884,609.999361,116871.676462,4061.496696,0.000000
98.700000,32.900000,27.501920,0.339569,92.345961,1846.919218,1526.883679,0.173281,1415.754892,20101.735523,3214.164690,610.753472,116870.555367,4065.388714,0.000000
98.800000,32.933333,27.535877,0.339565,92.438970,1848.779405,1528.768935,0.173093,1415.694937,20101.541465,3218.102179,611.507574,116869.427124,4069.280439,0.000000
98.900000,32.966667,27.569834,0.339561,92.531980,1850.639591,1530.654171,0.172905,1415.634980,20101.346191,3222.039352,612.261668,116868.291807,4073.171874,0.000000
99.000000,33.000000,27.603790,0.339557,92.624989,1852.499777,1532.539385,0.172718,1415.575024,20101.149712,3225.976211,613.015754,116867.149490,4077.063018,0.000000
99.100000,33.033333,27.637745,0.339553,92.717998,1854.359962,1534.424578,0.172531,1415.515068,20100.952042,3229.912756,613.769831,116866.000247,4080.953876,0.000000
99.200000,33.066667,27.671701,0.339549,92.811007,1856.220147,1536.309750,0.172345,1415.455113,20100.753194,3233.848989,614.523900,116864.844149,4084.844447,0.000000
99.300000,33.100000,27.705656,0.339546,92.904017,1858.080331,1538.194900,0.172159,1415.395160,20100.553179,3237.784910,615.277960,116863.681270,4088.734735,0.000000
99.400000,33.133333,27.739610,0.339542,92.997026,1859.940515,1540.080029,0.171974,1415.335210,20100.352009,3241.720521,616.032012,116862.511682,4092.624742,0.000000
99.500000,33.166667,27.773564,0.339538,93.090035,1861.800699,1541.965136,0.171788,1415.275263,20100.149699,3245.655823,616.786054,116861.335457,4096.514468,0.000000
99.600000,33.200000,27.807518,0.339534,93.183044,1863.660882,1543.850222,0.171603,1415.215320,20099.946258,3249.590816,617.540089,116860.152664,4100.403916,0.000000
99.700000,33.233333,27.841472,0.339530,93.276053,1865.521064,1545.735285,0.171419,1415.155382,20099.741701,3253.525502,618.294114,116858.963375,4104.293088,0.000000
99.800000,33.266667,27.875425,0.339526,93.369062,1867.381246,1547.620327,0.171235,1415.095450,20099.536038,3257.459882,619.048131,116857.767660,4108.181986,0.000000
99.900000,33.300000,27.909377,0.339522,93.462071,1869.241428,1549.505346,0.171051,1415.035524,20099.329281,3261.393957,619.802139,116856.565588,4112.070610,0.000000
100.000000,33.333333,27.943329,0.339518,93.555080,1871.101609,1551.390344,0.170868,1414.975605,20099.121443,3265.327728,620.556137,116855.357229,4115.958965,0.000000
100.100000,33.366667,27.977281,0.339514,93.648089,1872.961790,1553.275318,0.170685,1414.915693,20098.912536,3269.261195,621.310127,116854.142651,4119.847050,0.000000
100.200000,33.400000,28.011232,0.339510,93.741099,1874.821970,1555.160271,0.170502,1414.855790,20098.702571,3273.194360,622.064108,116852.921922,4123.734868,0.000000
100.300000,33.433333,28.045183,0.339506,93.834107,1876.682150,1557.045200,0.170320,1414.795895,20098.491559,3277.127225,622.818080,116851.695110,4127.622421,0.000000
100.400000,33.466667,28.079134,0.339502,93.927116,1878.542329,1558.930108,0.170138,1414.736010,20098.279512,3281.059789,623.572043,116850.462282,4131.509710,0.000000
100.500000,33.500000,28.113084,0.339497,94.020125,1880.402509,1560.814992,0.169957,1414.676135,20098.066443,3284.992055,624.325997,116849.223505,4135.396737,0.000000
100.600000,33.533333,28.147034,0.339493,94.113134,1882.262687,1562.699853,0.169776,1414.616272,20097.852361,3288.924022,625.079941,116847.978846,4139.283505,0.000000
100.700000,33.566667,28.180983,0.339489,94.206143,1884.122865,1564.584691,0.169595,1414.556419,20097.637280,3292.855692,625.833877,116846.728370,4143.170014,0.000000
100.800000,33.600000,28.214932,0.339485,94.299152,1885.983043,1566.469507,0.169415,1414.496579,20097.421208,3296.787067,626.587803,116845.472142,4147.056267,0.000000
100.900000,33.633333,28.248881,0.339481,94.392161,1887.843221,1568.354298,0.169235,1414.436752,20097.204159,3300.718147,627.341719,116844.210228,4150.942265,0.000000
101.000000,33.666667,28.282829,0.339476,94.485170,1889.703398,1570.239067,0.169055,1414.376938,20096.986143,3304.648933,628.095627,116842.942693,4154.828010,0.000000
101.100000,33.700000,28.316776,0.339472,94.578179,1891.563575,1572.123812,0.168876,1414.317138,20096.767171,3308.579426,628.849525,116841.669600,4158.713504,0.000000
101.200000,33.733333,28.350724,0.339468,94.671188,1893.423751,1574.008534,0.168697,1414.257353,20096.547254,3312.509627,629.603413,116840.391013,4162.598749,0.000000
101.300000,33.766667,28.384670,0.339464,94.764196,1895.283927,1575.893231,0.168519,1414.197583,20096.326403,3316.439538,630.357293,116839.106995,4166.483745,0.000000
101.400000,33.800000,28.418617,0.339459,94.857205,1897.144102,1577.777906,0.168341,1414.137829,20096.104629,3320.369159,631.111162,116837.817610,4170.368496,0.000000
101.500000,33.833333,28.452563,0.339455,94.950214,1899.004278,1579.662556,0.168163,1414.078092,20095.881942,3324.298491,631.865022,116836.522918,4174.253003,0.000000
101.600000,33.866667,28.486508,0.339451,95.043223,1900.864452,1581.547182,0.167985,1414.018372,20095.658353,3328.227535,632.618873,116835.222984,4178.137266,0.000000
101.700000,33.900000,28.520453,0.339446,95.136231,1902.724627,1583.431784,0.167808,1413.958669,20095.433873,3332.156293,633.372714,116833.917867,4182.021289,0.000000
101.800000,33.933333,28.554398,0.339442,95.229240,1904.584801,1585.316362,0.167632,1413.898985,20095.208512,3336.084765,634.126545,116832.607629,4185.905073,0.000000
101.900000,33.966667,28.588342,0.339438,95.322249,1906.444975,1587.200916,0.167455,1413.839320,20094.982281,3340.012953,634.880366,116831.292331,4189.788619,0.000000
102.000000,34.000000,28.622286,0.339433,95.415257,1908.305148,1589.085446,0.167279,1413.779674,20094.755190,3343.940857,635.634178,116829.972033,4193.671929,0.000000
102.100000,34.033333,28.656229,0.339429,95.508266,1910.165321,1590.969951,0.167104,1413.720048,20094.527249,3347.868478,636.387980,116828.646795,4197.555005,0.000000
102.200000,34.066667,28.690172,0.339424,95.601275,1912.025494,1592.854431,0.166928,1413.660443,20094.298468,3351.795818,637.141772,116827.316675,4201.437849,0.000000
102.300000,34.100000,28.724115,0.339420,95.694283,1913.885667,1594.738887,0.166753,1413.600859,20094.068858,3355.722877,637.895555,116825.981735,4205.320462,0.000000
102.400000,34.133333,28.758057,0.339415,95.787292,1915.745839,1596.623318,0.166579,1413.541296,20093.838429,3359.649656,638.649327,116824.642031,4209.202845,0.000000
102.500000,34.166667,28.791998,0.339411,95.880301,1917.606010,1598.507725,0.166405,1413.481756,20093.607191,3363.576157,639.403090,116823.297622,4213.085001,0.000000
102.600000,34.200000,28.825939,0.339406,95.973309,1919.466182,1600.392106,0.166231,1413.422239,20093.375153,3367.502381,640.156843,116821.948565,4216.966931,0.000000
102.700000,34.233333,28.859880,0.339402,96.066318,1921.326353,1602.276463,0.166057,1413.362745,20093.142326,3371.428327,640.910585,116820.594920,4220.848636,0.000000
102.800000,34.266667,28.893820,0.339397,96.159326,1923.186524,1604.160794,0.165884,1413.303275,20092.908719,3375.353998,641.664318,116819.236741,4224.730119,0.000000
102.900000,34.300000,28.927760,0.339393,96.252335,1925.046694,1606.045101,0.165711,1413.243830,20092.674343,3379.279395,642.418040,116817.874086,4228.611381,0.000000
103.000000,34.333333,28.961699,0.339388,96.345343,1926.906865,1607.929382,0.165539,1413.184409,20092.439206,3383.204518,643.171753,116816.507011,4232.492423,0.000000
103.100000,34.366667,28.995638,0.339384,96.438352,1928.767035,1609.813638,0.165366,1413.125014,20092.203318,3387.129369,643.925455,116815.135572,4236.373247,0.000000
103.200000,34.400000,29.029576,0.339379,96.531360,1930.627204,1611.697868,0.165195,1413.065646,20091.966690,3391.053948,644.679147,116813.759824,4240.253855,0.000000
103.300000,34.433333,29.063514,0.339375,96.624369,1932.487373,1613.582073,0.165023,1413.006303,20091.729329,3394.978256,645.432829,116812.379823,4244.134248,0.000000
103.400000,34.466667,29.097452,0.339370,96.717377,1934.347543,1615.466253,0.164852,1412.946988,20091.491247,3398.902295,646.186501,116810.995622,4248.014428,0.000000
103.500000,34.500000,29.131389,0.339365,96.810386,1936.207711,1617.350407,0.164681,1412.887700,20091.252452,3402.826065,646.940163,116809.607276,4251.894397,0.000000
103.600000,34.533333,29.165325,0.339361,96.903394,1938.067880,1619.234535,0.164511,1412.828440,20091.012952,3406.749567,647.693814,116808.214840,4255.774155,0.000000
103.700000,34.566667,29.199261,0.339356,96.996402,1939.928048,1621.118637,0.164341,1412.769209,20090.772759,3410.672803,648.447455,116806.818366,4259.653705,0.000000
103.800000,34.600000,29.233197,0.339351,97.089411,1941.788216,1623.002714,0.164171,1412.710007,20090.531880,3414.595774,649.201085,116805.417908,4263.533048,0.000000
103.900000,34.633333,29.267132,0.339347,97.182419,1943.648384,1624.886764,0.164002,1412.650835,20090.290325,3418.518479,649.954706,116804.013518,4267.412186,0.000000
104.000000,34.666667,29.301067,0.339342,97.275428,1945.508551,1626.770789,0.163833,1412.591692,20090.048103,3422.440921,650.708316,116802.605249,4271.291120,0.000000
104.100000,34.700000,29.335001,0.339337,97.368436,1947.368718,1628.654788,0.163664,1412.532580,20089.805222,3426.363101,651.461915,116801.193152,4275.169852,0.000000
104.200000,34.733333,29.368935,0.339333,97.461444,1949.228885,1630.538760,0.163495,1412.473499,20089.561692,3430.285018,652.215504,116799.777280,4279.048382,0.000000
104.300000,34.766667,29.402868,0.339328,97.554453,1951.089052,1632.422706,0.163327,1412.414450,20089.317522,3434.206675,652.969083,116798.357684,4282.926714,0.000000
104.400000,34.800000,29.436801,0.339323,97.647461,1952.949218,1634.306626,0.163160,1412.355432,20089.072719,3438.128072,653.722651,116796.934414,4286.804847,0.000000
104.500000,34.833333,29.470733,0.339318,97.740469,1954.809384,1636.190520,0.162992,1412.296447,20088.827294,3442.049211,654.476208,116795.507522,4290.682785,0.000000
104.600000,34.866667,29.504665,0.339314,97.833477,1956.669550,1638.074387,0.162825,1412.237495,20088.581254,3445.970091,655.229755,116794.077056,4294.560527,0.000000
104.700000,34.900000,29.538596,0.339309,97.926486,1958.529716,1639.958228,0.162658,1412.178576,20088.334608,3449.890715,655.983291,116792.643068,4298.438077,0.000000
104.800000,34.933333,29.572527,0.339304,98.019494,1960.389881,1641.842042,0.162492,1412.119691,20088.087364,3453.811083,656.736817,116791.205606,4302.315434,0.000000
104.900000,34.966667,29.606457,0.339299,98.112502,1962.250046,1643.725830,0.162326,1412.060840,20087.839532,3457.731196,657.490332,116789.764720,4306.192602,0.000000
105.000000,35.000000,29.640387,0.339294,98.205511,1964.110211,1645.609591,0.162160,1412.002024,20087.591119,3461.651055,658.243836,116788.320459,4310.069580,0.000000
105.100000,35.033333,29.674317,0.339290,98.298519,1965.970376,1647.493325,0.161995,1411.943242,20087.342134,3465.570661,658.997330,116786.872870,4313.946371,0.000000
105.200000,35.066667,29.708246,0.339285,98.391527,1967.830540,1649.377032,0.161830,1411.884497,20087.092584,3469.490015,659.750813,116785.422003,4317.822976,0.000000
105.300000,35.100000,29.742174,0.339280,98.484535,1969.690704,1651.260713,0.161665,1411.825787,20086.842479,3473.409118,660.504285,116783.967904,4321.699396,0.000000
105.400000,35.133333,29.776102,0.339275,98.577543,1971.550869,1653.144367,0.161501,1411.767113,20086.591827,3477.327971,661.257747,116782.510621,4325.575634,0.000000
105.500000,35.166667,29.810030,0.339270,98.670552,1973.411032,1655.027993,0.161336,1411.708477,20086.340635,3481.246575,662.011197,116781.050201,4329.451689,0.000000
105.600000,35.200000,29.843957,0.339265,98.763560,1975.271196,1656.911593,0.161173,1411.649877,20086.088911,3485.164931,662.764637,116779.586691,4333.327565,0.000000
105.700000,35.233333,29.877883,0.339260,98.856568,1977.131359,1658.795166,0.161009,1411.591316,20085.836664,3489.083039,663.518066,116778.120137,4337.203262,0.000000
105.800000,35.266667,29.911809,0.339256,98.949576,1978.991522,1660.678711,0.160846,1411.532792,20085.583901,3493.000902,664.271484,116776.650585,4341.078781,0.000000
105.900000,35.300000,29.945735,0.339251,99.042584,1980.851685,1662.562229,0.160683,1411.474307,20085.330630,3496.918519,665.024892,116775.178081,4344.954125,0.000000
106.000000,35.333333,29.979660,0.339246,99.135592,1982.711848,1664.445720,0.160521,1411.415860,20085.076859,3500.835891,665.778288,116773.702670,4348.829294,0.000000
106.100000,35.366667,30.013584,0.339241,99.228601,1984.572011,1666.329184,0.160358,1411.357453,20084.822596,3504.753020,666.531674,116772.224398,4352.704289,0.000000
106.200000,35.400000,30.047509,0.339236,99.321609,1986.432173,1668.212620,0.160197,1411.299086,20084.567849,3508.669907,667.285048,116770.743308,4356.579114,0.000000
106.300000,35.433333,30.081432,0.339231,99.414617,1988.292335,1670.096029,0.160035,1411.240758,20084.312625,3512.586552,668.038412,116769.259446,4360.453767,0.000000
106.400000,35.466667,30.115355,0.339226,99.507625,1990.152497,1671.979411,0.159874,1411.182471,20084.056931,3516.502956,668.791764,116767.772855,4364.328252,0.000000
106.500000,35.500000,30.149278,0.339221,99.600633,1992.012659,1673.862765,0.159713,1411.124225,20083.800776,3520.419121,669.545106,116766.283580,4368.202569,0.000000
106.600000,35.533333,30.183200,0.339216,99.693641,1993.872821,1675.746091,0.159552,1411.066020,20083.544166,3524.335047,670.298436,116764.791663,4372.076720,0.000000
106.700000,35.566667,30.217121,0.339211,99.786649,1995.732982,1677.629390,0.159392,1411.007856,20083.287109,3528.250736,671.051756,116763.297147,4375.950705,0.000000
106.800000,35.600000,30.251043,0.339206,99.879657,1997.593143,1679.512661,0.159232,1410.949735,20083.029613,3532.166187,671.805064,116761.800076,4379.824528,0.000000
106.900000,35.633333,30.284963,0.339201,99.972665,1999.453305,1681.395905,0.159072,1410.891656,20082.771685,3536.081402,672.558362,116760.300492,4383.698188,0.000000
107.000000,35.666667,30.318883,0.338685,100.065673,2001.313465,1683.279120,0.158913,1409.907687,20056.161606,3535.351296,673.311648,116605.590735,4381.854730,0.000000
107.100000,35.700000,30.352752,0.337961,100.158686,2003.173728,1685.159473,0.158755,1408.551458,20018.805794,3532.708395,674.063789,116388.405781,4377.668800,0.000000
107.200000,35.733333,30.386548,0.337243,100.251707,2005.034135,1687.035806,0.158600,1407.213154,19981.741164,3530.093815,674.814322,116172.913747,4373.533360,0.000000
107.300000,35.766667,30.420272,0.336530,100.344734,2006.894685,1688.908151,0.158447,1405.892608,19944.964908,3527.507341,675.563261,115959.098303,4369.447946,0.000000
107.400000,35.800000,30.453925,0.335823,100.437769,2008.755377,1690.776540,0.158296,1404.589656,19908.474241,3524.948763,676.310616,115746.943261,4365.412095,0.000000
107.500000,35.833333,30.487508,0.335121,100.530810,2010.616209,1692.641002,0.158148,1403.304132,19872.266403,3522.417867,677.056401,115536.432578,4361.425351,0.000000
107.600000,35.866667,30.521020,0.334425,100.623859,2012.477182,1694.501568,0.158002,1402.035875,19836.338660,3519.914442,677.800627,115327.550348,4357.487260,0.000000
107.700000,35.900000,30.554462,0.333734,100.716915,2014.338293,1696.358269,0.157858,1400.784724,19800.688299,3517.438276,678.543307,115120.280810,4353.597371,0.000000
107.800000,35.933333,30.587836,0.333049,100.809977,2016.199543,1698.211133,0.157717,1399.550520,19765.312634,3514.989159,679.284453,114914.608339,4349.755238,0.000000
107.900000,35.966667,30.621141,0.332368,100.903046,2018.060930,1700.060192,0.157577,1398.333104,19730.209002,3512.566879,680.024077,114710.517452,4345.960416,0.000000
108.000000,36.000000,30.654377,0.331693,100.996123,2019.922453,1701.905474,0.157440,1397.132320,19695.374762,3510.171227,680.762189,114507.992802,4342.212467,0.000000
108.100000,36.033333,30.687547,0.331023,101.089206,2021.784111,1703.747007,0.157305,1395.948013,19660.807299,3507.801993,681.498803,114307.019182,4338.510953,0.000000
108.200000,36.066667,30.720649,0.330359,101.182295,2023.645904,1705.584822,0.157172,1394.780030,19626.504021,3505.458969,682.233929,114107.581518,4334.855442,0.000000
108.300000,36.100000,30.753685,0.329699,101.275392,2025.507831,1707.418945,0.157042,1393.628218,19592.462359,3503.141945,682.967578,113909.664876,4331.245504,0.000000
108.400000,36.133333,30.786655,0.329044,101.368494,2027.369890,1709.249406,0.156913,1392.492427,19558.679766,3500.850714,683.699762,113713.254454,4327.680713,0.000000
108.500000,36.166667,30.819559,0.328394,101.461604,2029.232081,1711.076232,0.156786,1391.372507,19525.153721,3498.585069,684.430493,113518.335584,4324.160647,0.000000
108.600000,36.200000,30.852399,0.327750,101.554720,2031.094403,1712.899450,0.156662,1390.268311,19491.881722,3496.344803,685.159780,113324.893734,4320.684886,0.000000
108.700000,36.233333,30.885174,0.327110,101.647843,2032.956855,1714.719089,0.156539,1389.179691,19458.861294,3494.129710,685.887636,113132.914503,4317.253014,0.000000
108.800000,36.266667,30.917885,0.326475,101.740972,2034.819436,1716.535175,0.156419,1388.106502,19426.089982,3491.939586,686.614070,112942.383619,4313.864618,0.000000
108.900000,36.300000,30.950532,0.325844,101.834107,2036.682145,1718.347735,0.156300,1387.048602,19393.565355,3489.774225,687.339094,112753.286945,4310.519291,0.000000
109.000000,36.333333,30.983117,0.325219,101.927249,2038.544982,1720.156795,0.156184,1386.005846,19361.285001,3487.633425,688.062718,112565.610471,4307.216625,0.000000
109.100000,36.366667,31.015638,0.324598,102.020397,2040.407946,1721.962382,0.156070,1384.978095,19329.246534,3485.516981,688.784953,112379.340316,4303.956218,0.000000
109.200000,36.400000,31.048098,0.323982,102.113552,2042.271036,1723.764522,0.155957,1383.965207,19297.447589,3483.424692,689.505809,112194.462729,4300.737672,0.000000
109.300000,36.433333,31.080496,0.323370,102.206713,2044.134251,1725.563240,0.155846,1382.967045,19265.885823,3481.356357,690.225296,112010.964085,4297.560590,0.000000
109.400000,36.466667,31.112833,0.322763,102.299880,2045.997590,1727.358563,0.155738,1381.983471,19234.558912,3479.311774,690.943425,111828.830884,4294.424579,0.000000
109.500000,36.500000,31.145110,0.322160,102.393053,2047.861053,1729.150515,0.155631,1381.014349,19203.464558,3477.290744,691.660206,111648.049753,4291.329250,0.000000
109.600000,36.533333,31.177326,0.321562,102.486232,2049.724638,1730.939121,0.155526,1380.059545,19172.600480,3475.293068,692.375649,111468.607443,4288.274218,0.000000
109.700000,36.566667,31.209482,0.320968,102.579417,2051.588346,1732.724407,0.155423,1379.118925,19141.964423,3473.318548,693.089763,111290.490829,4285.259098,0.000000
109.800000,36.600000,31.241579,0.320379,102.672609,2053.452175,1734.506396,0.155322,1378.192357,19111.554148,3471.366987,693.802558,111113.686908,4282.283511,0.000000
109.900000,36.633333,31.273617,0.319794,102.765806,2055.316124,1736.285113,0.155222,1377.279710,19081.367441,3469.438187,694.514045,110938.182799,4279.347082,0.000000
110.000000,36.666667,31.305596,0.319213,102.859010,2057.180193,1738.060583,0.155125,1376.380855,19051.402108,3467.531954,695.224233,110763.965742,4276.449435,0.000000
110.100000,36.700000,31.337517,0.318637,102.952219,2059.044381,1739.832828,0.155029,1375.495662,19021.655972,3465.648093,695.933131,110591.023096,4273.590202,0.000000
110.200000,36.733333,31.369381,0.318064,103.045434,2060.908687,1741.601873,0.154935,1374.624005,18992.126882,3463.786411,696.640749,110419.342340,4270.769014,0.000000
110.300000,36.766667,31.401187,0.317496,103.138656,2062.773110,1743.367740,0.154843,1373.765757,18962.812704,3461.946713,697.347096,110248.911070,4267.985507,0.000000
110.400000,36.800000,31.432937,0.316932,103.231883,2064.637651,1745.130453,0.154752,1372.920794,18933.711324,3460.128810,698.052181,110079.717002,4265.239322,0.000000
110.500000,36.833333,31.464630,0.316372,103.325115,2066.502307,1746.890036,0.154663,1372.088992,18904.820650,3458.332509,698.756014,109911.747966,4262.530099,0.000000
110.600000,36.866667,31.496267,0.315817,103.418354,2068.367079,1748.646509,0.154576,1371.270229,18876.138608,3456.557621,699.458604,109744.991906,4259.857484,0.000000
110.700000,36.900000,31.527849,0.315265,103.511598,2070.231965,1750.399897,0.154491,1370.464383,18847.663144,3454.803956,700.159959,109579.436884,4257.221125,0.000000
110.800000,36.933333,31.559376,0.314717,103.604848,2072.096966,1752.150221,0.154407,1369.671334,18819.392224,3453.071328,700.860088,109415.071072,4254.620672,0.000000
110.900000,36.966667,31.590847,0.314173,103.698104,2073.962080,1753.897503,0.154325,1368.890962,18791.323834,3451.359548,701.559001,109251.882757,4252.055781,0.000000
111.000000,37.000000,31.622265,0.313633,103.791365,2075.827306,1755.641765,0.154245,1368.123151,18763.455978,3449.668431,702.256706,109089.860338,4249.526108,0.000000
111.100000,37.033333,31.653628,0.313097,103.884632,2077.692645,1757.383028,0.154166,1367.367783,18735.786679,3447.997791,702.953211,108928.992322,4247.031313,0.000000
111.200000,37.066667,31.684938,0.312564,103.977905,2079.558094,1759.121315,0.154089,1366.624743,18708.313981,3446.347445,703.648526,108769.267329,4244.571059,0.000000
111.300000,37.100000,31.716194,0.312036,104.071183,2081.423655,1760.856645,0.154013,1365.893915,18681.035943,3444.717209,704.342658,108610.674086,4242.145012,0.000000
111.400000,37.133333,31.747398,0.311511,104.164466,2083.289325,1762.589041,0.153939,1365.175187,18653.950646,3443.106901,705.035616,108453.201429,4239.752840,0.000000
111.500000,37.166667,31.778549,0.310989,104.257755,2085.155104,1764.318522,0.153867,1364.468445,18627.056188,3441.516341,705.727409,108296.838301,4237.394215,0.000000
111.600000,37.200000,31.809648,0.310472,104.351050,2087.020993,1766.045110,0.153796,1363.773580,18600.350685,3439.945348,706.418044,108141.573752,4235.068812,0.000000
111.700000,37.233333,31.840695,0.309958,104.444349,2088.886989,1767.768824,0.153727,1363.090480,18573.832273,3438.393743,707.107530,107987.396935,4232.776307,0.000000
111.800000,37.266667,31.871691,0.309448,104.537655,2090.753093,1769.489685,0.153659,1362.419035,18547.499103,3436.861348,707.795874,107834.297110,4230.516380,0.000000
111.900000,37.300000,31.902635,0.308941,104.630965,2092.619304,1771.207712,0.153593,1361.759139,18521.349346,3435.347987,708.483085,107682.263640,4228.288715,0.000000
112.000000,37.333333,31.933529,0.308438,104.724281,2094.485621,1772.922926,0.153528,1361.110684,18495.381190,3433.853483,709.169171,107531.285990,4226.092996,0.000000
112.100000,37.366667,31.964373,0.307938,104.817602,2096.352043,1774.635346,0.153465,1360.473563,18469.592841,3432.377662,709.854139,107381.353728,4223.928912,0.000000
112.200000,37.400000,31.995167,0.307442,104.910929,2098.218571,1776.344991,0.153403,1359.847671,18443.982522,3430.920349,710.537997,107232.456521,4221.796154,0.000000
112.300000,37.433333,32.025911,0.306949,105.004260,2100.085203,1778.051881,0.153343,1359.232905,18418.548472,3429.481372,711.220752,107084.584137,4219.694416,0.000000
112.400000,37.466667,32.056606,0.306459,105.097597,2101.951939,1779.756034,0.153284,1358.629161,18393.288949,3428.060560,711.902414,106937.726445,4217.623393,0.000000
112.500000,37.500000,32.087252,0.305973,105.190939,2103.818778,1781.457470,0.153227,1358.036338,18368.202227,3426.657740,712.582988,106791.873410,4215.582785,0.000000
112.600000,37.533333,32.117849,0.305490,105.284286,2105.685720,1783.156206,0.153171,1357.454333,18343.286596,3425.272745,713.262482,106647.015095,4213.572293,0.000000
112.700000,37.566667,32.148398,0.305010,105.377638,2107.552764,1784.852261,0.153116,1356.883046,18318.540365,3423.905405,713.940904,106503.141660,4211.591621,0.000000
112.800000,37.600000,32.178899,0.304534,105.470996,2109.419910,1786.545654,0.153063,1356.322379,18293.961858,3422.555552,714.618261,106360.243360,4209.640477,0.000000
112.900000,37.633333,32.209353,0.304061,105.564358,2111.287157,1788.236402,0.153011,1355.772233,18269.549414,3421.223020,715.294561,106218.310546,4207.718570,0.000000
113.000000,37.666667,32.239759,0.303591,105.657725,2113.154504,1789.924523,0.152961,1355.232511,18245.301390,3419.907645,715.969809,106077.333663,4205.825611,0.000000
113.100000,37.700000,32.270118,0.303124,105.751098,2115.021951,1791.610036,0.152912,1354.703117,18221.216158,3418.609260,716.644014,105937.303246,4203.961315,0.000000
113.200000,37.733333,32.300430,0.302661,105.844475,2116.889497,1793.292957,0.152864,1354.183953,18197.292108,3417.327704,717.317183,105798.209928,4202.125399,0.000000
113.300000,37.766667,32.330696,0.302200,105.937857,2118.757143,1794.973304,0.152818,1353.674928,18173.527642,3416.062813,717.989322,105660.044428,4200.317583,0.000000
113.400000,37.800000,32.360916,0.301743,106.031244,2120.624886,1796.651094,0.152773,1353.175945,18149.921180,3414.814427,718.660438,105522.797559,4198.537587,0.000000
113.500000,37.833333,32.391091,0.301288,106.124636,2122.492728,1798.326344,0.152729,1352.686913,18126.471158,3413.582385,719.330538,105386.460223,4196.785137,0.000000
113.600000,37.866667,32.421219,0.300837,106.218033,2124.360667,1799.999071,0.152687,1352.207740,18103.176027,3412.366528,719.999628,105251.023410,4195.059960,0.000000
113.700000,37.900000,32.451303,0.300388,106.311435,2126.228702,1801.669292,0.152646,1351.738335,18080.034250,3411.166698,720.667717,105116.478200,4193.361784,0.000000
113.800000,37.933333,32.481342,0.299943,106.404842,2128.096834,1803.337022,0.152606,1351.278607,18057.044310,3409.982738,721.334809,104982.815758,4191.690341,0.000000
113.900000,37.966667,32.511336,0.299500,106.498253,2129.965062,1805.002279,0.152567,1350.828468,18034.204702,3408.814492,722.000912,104850.027338,4190.045365,0.000000
114.000000,38.000000,32.541286,0.299060,106.591669,2131.833385,1806.665079,0.152530,1350.387828,18011.513936,3407.661805,722.666031,104718.104279,4188.426593,0.000000
114.100000,38.033333,32.571192,0.298623,106.685090,2133.701802,1808.325437,0.152494,1349.956600,17988.970536,3406.524524,723.330175,104587.038003,4186.833762,0.000000
114.200000,38.066667,32.601055,0.298189,106.778516,2135.570315,1809.983369,0.152459,1349.534698,17966.573043,3405.402494,723.993348,104456.820018,4185.266615,0.000000
114.300000,38.100000,32.630874,0.297758,106.871946,2137.438920,1811.638892,0.152425,1349.122035,17944.320010,3404.295566,724.655557,104327.441916,4183.724893,0.000000
114.400000,38.133333,32.660649,0.297330,106.965381,2139.307620,1813.292020,0.152393,1348.718526,17922.210004,3403.203586,725.316808,104198.895371,4182.208343,0.000000
114.500000,38.166667,32.690382,0.296904,107.058821,2141.176412,1814.942770,0.152362,1348.324088,17900.241608,3402.126407,725.977108,104071.172137,4180.716713,0.000000
114.600000,38.200000,32.720073,0.296481,107.152265,2143.045297,1816.591156,0.152332,1347.938635,17878.413417,3401.063879,726.636462,103944.264051,4179.249752,0.000000
114.700000,38.233333,32.749721,0.296061,107.245714,2144.914273,1818.237193,0.152303,1347.562087,17856.724041,3400.015855,727.294877,103818.163030,4177.807213,0.000000
114.800000,38.266667,32.779327,0.295643,107.339167,2146.783341,1819.880896,0.152275,1347.194360,17835.172104,3398.982187,727.952358,103692.861071,4176.388849,0.000000
114.900000,38.300000,32.808891,0.295228,107.432625,2148.652500,1821.522281,0.152249,1346.835374,17813.756242,3397.962730,728.608912,103568.350247,4174.994418,0.000000
115.000000,38.333333,32.838414,0.294815,107.526088,2150.521750,1823.161361,0.152224,1346.485048,17792.475106,3396.957340,729.264544,103444.622712,4173.623679,0.000000
115.100000,38.366667,32.867895,0.294406,107.619555,2152.391090,1824.798152,0.152200,1346.143303,17771.327360,3395.965873,729.919261,103321.670696,4172.276392,0.000000
115.200000,38.400000,32.897336,0.293998,107.713026,2154.260520,1826.432667,0.152177,1345.810060,17750.311679,3394.988186,730.573067,103199.486506,4170.952319,0.000000
115.300000,38.433333,32.926736,0.293594,107.806502,2156.130039,1828.064921,0.152155,1345.485240,17729.426754,3394.024138,731.225968,103078.062524,4169.651227,0.000000
115.400000,38.466667,32.956095,0.293191,107.899982,2157.999647,1829.694928,0.152134,1345.168767,17708.671288,3393.073588,731.877971,102957.391208,4168.372883,0.000000
115.500000,38.500000,32.985414,0.292792,107.993467,2159.869344,1831.322701,0.152114,1344.860564,17688.043995,3392.136397,732.529081,102837.465089,4167.117055,0.000000
115.600000,38.533333,33.014694,0.292394,108.086956,2161.739128,1832.948256,0.152096,1344.560554,17667.543605,3391.212425,733.179302,102718.276772,4165.883516,0.000000
115.700000,38.566667,33.043933,0.291999,108.180450,2163.609000,1834.571604,0.152078,1344.268663,17647.168857,3390.301536,733.828642,102599.818936,4164.672037,0.000000
115.800000,38.600000,33.073133,0.291607,108.273948,2165.478960,1836.192760,0.152062,1343.984816,17626.918505,3389.403592,734.477104,102482.084331,4163.482395,0.000000
115.900000,38.633333,33.102294,0.291217,108.367450,2167.349006,1837.811738,0.152046,1343.708939,17606.791314,3388.518458,735.124695,102365.065779,4162.314368,0.000000
116.000000,38.666667,33.131415,0.290829,108.460957,2169.219138,1839.428550,0.152032,1343.440960,17586.786062,3387.646000,735.771420,102248.756172,4161.167733,0.000000
116.100000,38.700000,33.160498,0.290444,108.554468,2171.089357,1841.043209,0.152019,1343.180806,17566.901537,3386.786083,736.417284,102133.148473,4160.042274,0.000000
116.200000,38.733333,33.189543,0.290061,108.647983,2172.959662,1842.655729,0.152006,1342.928406,17547.136543,3385.938576,737.062292,102018.235714,4158.937772,0.000000
116.300000,38.766667,33.218549,0.289680,108.741503,2174.830051,1844.266122,0.151995,1342.683687,17527.489891,3385.103345,737.706449,101904.010995,4157.854013,0.000000
116.400000,38.800000,33.247517,0.289302,108.835026,2176.700526,1845.874402,0.151985,1342.446581,17507.960407,3384.280261,738.349761,101790.467485,4156.790784,0.000000
116.500000,38.833333,33.276447,0.288925,108.928554,2178.571085,1847.480580,0.151976,1342.217017,17488.546928,3383.469194,738.992232,101677.598420,4155.747874,0.000000
116.600000,38.866667,33.305339,0.288551,109.022086,2180.441728,1849.084669,0.151968,1341.994927,17469.248302,3382.670014,739.633868,101565.397103,4154.725074,0.000000
116.700000,38.900000,33.334194,0.288180,109.115623,2182.312455,1850.686682,0.151961,1341.780241,17450.063387,3381.882594,740.274673,101453.856903,4153.722176,0.000000
116.800000,38.933333,33.363012,0.287810,109.209163,2184.183265,1852.286631,0.151955,1341.572893,17430.991055,3381.106808,740.914652,101342.971253,4152.738975,0.000000
116.900000,38.966667,33.391793,0.287442,109.302708,2186.054158,1853.884527,0.151949,1341.372816,17412.030188,3380.342527,741.553811,101232.733652,4151.775267,0.000000
117.000000,39.000000,33.420538,0.287077,109.396257,2187.925134,1855.480384,0.151945,1341.179942,17393.179678,3379.589629,742.192154,101123.137664,4150.830851,0.000000
117.100000,39.033333,33.449245,0.286714,109.489810,2189.796193,1857.074212,0.151942,1340.994206,17374.438429,3378.847988,742.829685,101014.176915,4149.905526,0.000000
117.200000,39.066667,33.477917,0.286353,109.583367,2191.667333,1858.666024,0.151940,1340.815543,17355.805356,3378.117482,743.466410,100905.845093,4148.999094,0.000000
117.300000,39.100000,33.506552,0.285994,109.676928,2193.538555,1860.255831,0.151938,1340.643888,17337.279383,3377.397987,744.102332,100798.135950,4148.111359,0.000000
117.400000,39.133333,33.535151,0.285637,109.770493,2195.409858,1861.843645,0.151938,1340.479178,17318.859448,3376.689383,744.737458,100691.043300,4147.242125,0.000000
117.500000,39.166667,33.563715,0.285282,109.864062,2197.281242,1863.429476,0.151939,1340.321349,17300.544495,3375.991548,745.371791,100584.561015,4146.391200,0.000000
117.600000,39.200000,33.592243,0.284929,109.957635,2199.152707,1865.013337,0.151940,1340.170338,17282.333481,3375.304365,746.005335,100478.683031,4145.558393,0.000000
117.700000,39.233333,33.620736,0.284578,110.051213,2201.024251,1866.595239,0.151942,1340.026083,17264.225375,3374.627712,746.638096,100373.403340,4144.743512,0.000000
117.800000,39.266667,33.649194,0.284229,110.144794,2202.895876,1868.175193,0.151946,1339.888523,17246.219151,3373.961474,747.270077,100268.715997,4143.946372,0.000000
117.900000,39.300000,33.677617,0.283882,110.238379,2204.767581,1869.753209,0.151950,1339.757596,17228.313799,3373.305533,747.901283,100164.615113,4143.166784,0.000000
118.000000,39.333333,33.706005,0.283537,110.331968,2206.639365,1871.329298,0.151955,1339.633242,17210.508315,3372.659772,748.531719,100061.094856,4142.404566,0.000000
118.100000,39.366667,33.734359,0.283194,110.425561,2208.511227,1872.903472,0.151961,1339.515402,17192.801706,3372.024077,749.161389,99958.149455,4141.659532,0.000000
118.200000,39.400000,33.762678,0.282853,110.519158,2210.383169,1874.475740,0.151968,1339.404015,17175.192989,3371.398333,749.790296,99855.773194,4140.931503,0.000000
118.300000,39.433333,33.790963,0.282513,110.612759,2212.255189,1876.046114,0.151976,1339.299024,17157.681191,3370.782428,750.418446,99753.960411,4140.220298,0.000000
118.400000,39.466667,33.819215,0.282176,110.706364,2214.127286,1877.614604,0.151984,1339.200369,17140.265346,3370.176247,751.045842,99652.705503,4139.525739,0.000000
118.500000,39.500000,33.847432,0.281840,110.799973,2215.999462,1879.181220,0.151994,1339.107994,17122.944502,3369.579680,751.672488,99552.002920,4138.847650,0.000000
118.600000,39.533333,33.875616,0.281506,110.893586,2217.871715,1880.745972,0.152004,1339.021842,17105.717713,3368.992616,752.298389,99451.847168,4138.185855,0.000000
118.700000,39.566667,33.903767,0.281174,110.987202,2219.744045,1882.308871,0.152015,1338.941854,17088.584043,3368.414945,752.923548,99352.232806,4137.540180,0.000000
118.800000,39.600000,33.931884,0.280844,111.080823,2221.616452,1883.869926,0.152027,1338.867977,17071.542565,3367.846557,753.547970,99253.154447,4136.910454,0.000000
118.900000,39.633333,33.959969,0.280515,111.174447,2223.488935,1885.429148,0.152040,1338.800153,17054.592362,3367.287344,754.171659,99154.606755,4136.296506,0.000000
119.000000,39.666667,33.988020,0.280189,111.268075,2225.361495,1886.986545,0.152054,1338.738329,17037.732525,3366.737199,754.794618,99056.584450,4135.698168,0.000000
119.100000,39.700000,34.016039,0.279864,111.361707,2227.234131,1888.542129,0.152068,1338.682448,17020.962156,3366.196015,755.416852,98959.082301,4135.115271,0.000000
119.200000,39.733333,34.044025,0.279540,111.455342,2229.106842,1890.095909,0.152084,1338.632459,17004.280362,3365.663686,756.038363,98862.095129,4134.547649,0.000000
119.300000,39.766667,34.071980,0.279219,111.548981,2230.979629,1891.647893,0.152100,1338.588307,16987.686263,3365.140107,756.659157,98765.617806,4133.995138,0.000000
119.400000,39.800000,34.099901,0.278899,111.642625,2232.852491,1893.198092,0.152117,1338.549938,16971.178984,3364.625173,757.279237,98669.645253,4133.457575,0.000000
119.500000,39.833333,34.127791,0.278581,111.736271,2234.725428,1894.746515,0.152135,1338.517301,16954.757660,3364.118782,757.898606,98574.172444,4132.934798,0.000000
119.600000,39.866667,34.155649,0.278264,111.829922,2236.598440,1896.293171,0.152153,1338.490344,16938.421437,3363.620830,758.517269,98479.194399,4132.426647,0.000000
119.700000,39.900000,34.183476,0.277949,111.923576,2238.471525,1897.838070,0.152172,1338.469015,16922.169464,3363.131216,759.135228,98384.706187,4131.932962,0.000000
119.800000,39.933333,34.211271,0.277636,112.017234,2240.344685,1899.381220,0.152192,1338.453262,16906.000904,3362.649838,759.752488,98290.702928,4131.453587,0.000000
119.900000,39.966667,34.239034,0.277324,112.110896,2242.217919,1900.922630,0.152213,1338.443036,16889.914923,3362.176596,760.369052,98197.179786,4130.988365,0.000000
120.000000,40.000000,34.266767,0.277014,112.204561,2244.091226,1902.462309,0.152235,1338.438286,16873.910700,3361.711392,760.984924,98104.131976,4130.537141,0.000000
120.100000,40.000000,34.294468,0.275958,112.202362,2244.047234,1904.000266,0.151533,1333.292601,16819.414105,3353.563129,761.600107,97787.291307,4116.742887,0.000000
120.200000,40.000000,34.322064,0.274901,112.200170,2244.003399,1905.532360,0.150834,1328.156776,16764.878804,3345.379295,762.212944,97470.225605,4102.945327,0.000000
120.300000,40.000000,34.349554,0.273843,112.197986,2243.959719,1907.058586,0.150137,1323.030952,16710.307657,3337.160535,762.823435,97152.951496,4089.145140,0.000000
120.400000,40.000000,34.376938,0.272785,112.195810,2243.916197,1908.578941,0.149443,1317.915270,16655.703515,3328.907495,763.431576,96835.485552,4075.343004,0.000000
120.500000,40.000000,34.404217,0.271726,112.193642,2243.872832,1910.093420,0.148751,1312.809870,16601.069218,3320.620822,764.037368,96517.844289,4061.539591,0.000000
120.600000,40.000000,34.431389,0.270667,112.191481,2243.829624,1911.602021,0.148063,1307.714890,16546.407597,3312.301165,764.640808,96200.044166,4047.735571,0.000000
120.700000,40.000000,34.458456,0.269607,112.189329,2243.786573,1913.104741,0.147377,1302.630465,16491.721471,3303.949170,765.241896,95882.101577,4033.931612,0.000000
120.800000,40.000000,34.485417,0.268547,112.187184,2243.743681,1914.601576,0.146693,1297.556732,16437.013651,3295.565486,765.840630,95564.032854,4020.128378,0.000000
120.900000,40.000000,34.512271,0.267486,112.185047,2243.700947,1916.092525,0.146013,1292.493824,16382.286933,3287.150761,766.437010,95245.854261,4006.326529,0.000000
121.000000,40.000000,34.539020,0.266425,112.182919,2243.658372,1917.577586,0.145334,1287.441874,16327.544103,3278.705644,767.031035,94927.581992,3992.526722,0.000000
121.100000,40.000000,34.565662,0.265364,112.180798,2243.615955,1919.056757,0.144659,1282.401012,16272.787933,3270.230782,767.622703,94609.232169,3978.729611,0.000000
121.200000,40.000000,34.592199,0.264303,112.178685,2243.573698,1920.530037,0.143986,1277.371368,16218.021184,3261.726824,768.212015,94290.820839,3964.935845,0.000000
121.300000,40.000000,34.618629,0.263241,112.176580,2243.531600,1921.997424,0.143316,1272.353070,16163.246603,3253.194416,768.798969,93972.363970,3951.146071,0.000000
121.400000,40.000000,34.644953,0.262180,112.174483,2243.489662,1923.458917,0.142649,1267.346246,16108.466922,3244.634205,769.383567,93653.877454,3937.360931,0.000000
121.500000,40.000000,34.671171,0.261118,112.172394,2243.447884,1924.914516,0.141984,1262.351019,16053.684861,3236.046838,769.965806,93335.377098,3923.581062,0.000000
121.600000,40.000000,34.697283,0.260056,112.170313,2243.406266,1926.364221,0.141322,1257.367514,15998.903123,3227.432961,770.545688,93016.878624,3909.807100,0.000000
121.700000,40.000000,34.723289,0.258995,112.168240,2243.364808,1927.808032,0.140662,1252.395853,15944.124399,3218.793217,771.123213,92698.397668,3896.039674,0.000000
121.800000,40.000000,34.749188,0.257933,112.166176,2243.323511,1929.245948,0.140005,1247.436156,15889.351362,3210.128250,771.698379,92379.949778,3882.279409,0.000000
121.900000,40.000000,34.774981,0.256872,112.164119,2243.282374,1930.677972,0.139351,1242.488544,15834.586670,3201.438703,772.271189,92061.550409,3868.526929,0.000000
122.000000,40.000000,34.800669,0.255811,112.162070,2243.241398,1932.104103,0.138700,1237.553133,15779.832967,3192.725217,772.841641,91743.214922,3854.782849,0.000000
122.100000,40.000000,34.826250,0.254750,112.160029,2243.200584,1933.524343,0.138051,1232.630040,15725.092876,3183.988432,773.409737,91424.958584,3841.047783,0.000000
122.200000,40.000000,34.851725,0.253689,112.157997,2243.159930,1934.938693,0.137405,1227.719379,15670.369009,3175.228987,773.975477,91106.796563,3827.322338,0.000000
122.300000,40.000000,34.877094,0.252629,112.155972,2243.119438,1936.347155,0.136761,1222.821264,15615.663956,3166.447518,774.538862,90788.743928,3813.607119,0.000000
122.400000,40.000000,34.902356,0.251569,112.153955,2243.079108,1937.749731,0.136121,1217.935806,15560.980291,3157.644660,775.099892,90470.815646,3799.902724,0.000000
122.500000,40.000000,34.927513,0.250510,112.151947,2243.038939,1939.146423,0.135482,1213.063115,15506.320572,3148.821046,775.658569,90153.026579,3786.209747,0.000000
122.600000,40.000000,34.952564,0.249451,112.149947,2242.998932,1940.537234,0.134847,1208.203299,15451.687336,3139.977310,776.214894,89835.391486,3772.528777,0.000000
122.700000,40.000000,34.977510,0.248393,112.147954,2242.959086,1941.922167,0.134214,1203.356466,15397.083103,3131.114079,776.768867,89517.925016,3758.860399,0.000000
122.800000,40.000000,35.002349,0.247335,112.145970,2242.919403,1943.301224,0.133584,1198.522721,15342.510374,3122.231981,777.320490,89200.641709,3745.205193,0.000000
122.900000,40.000000,35.027082,0.246279,112.143994,2242.879882,1944.674410,0.132957,1193.702167,15287.971631,3113.331642,777.869764,88883.555997,3731.563732,0.000000
123.000000,40.000000,35.051710,0.245222,112.142026,2242.840523,1946.041728,0.132332,1188.894908,15233.469338,3104.413684,778.416691,88566.682195,3717.936587,0.000000
123.100000,40.000000,35.076233,0.244167,112.140066,2242.801326,1947.403182,0.131709,1184.101042,15179.005935,3095.478729,778.961273,88250.034507,3704.324321,0.000000
123.200000,40.000000,35.100649,0.243112,112.138115,2242.762291,1948.758775,0.131090,1179.320670,15124.583847,3086.527393,779.503510,87933.627020,3690.727493,0.000000
123.300000,40.000000,35.124960,0.242058,112.136171,2242.723419,1950.108513,0.130473,1174.553888,15070.205477,3077.560293,780.043405,87617.473703,3677.146657,0.000000
123.400000,40.000000,35.149166,0.241005,112.134235,2242.684709,1951.452401,0.129859,1169.800794,15015.873206,3068.578042,780.580960,87301.588407,3663.582361,0.000000
123.500000,40.000000,35.173267,0.239953,112.132308,2242.646161,1952.790442,0.129247,1165.061480,14961.589396,3059.581248,781.116177,86985.984861,3650.035149,0.000000
123.600000,40.000000,35.197262,0.238902,112.130389,2242.607776,1954.122643,0.128638,1160.336039,14907.356388,3050.570521,781.649057,86670.676675,3636.505559,0.000000
123.700000,40.000000,35.221152,0.237852,112.128478,2242.569553,1955.449008,0.128032,1155.624563,14853.176501,3041.546463,782.179603,86355.677334,3622.994121,0.000000
123.800000,40.000000,35.244938,0.236803,112.126575,2242.531493,1956.769544,0.127428,1150.927142,14799.052034,3032.509676,782.707818,86041.000198,3609.501364,0.000000
123.900000,40.000000,35.268618,0.235756,112.124680,2242.493595,1958.084256,0.126827,1146.243862,14744.985262,3023.460759,783.233702,85726.658503,3596.027807,0.000000
124.000000,40.000000,35.292193,0.234709,112.122793,2242.455860,1959.393151,0.126229,1141.574810,14690.978441,3014.400305,783.757261,85412.665357,3582.573968,0.000000
124.100000,40.000000,35.315664,0.233663,112.120914,2242.418287,1960.696235,0.125633,1136.920071,14637.033803,3005.328908,784.278494,85099.033741,3569.140355,0.000000
124.200000,40.000000,35.339031,0.232619,112.119044,2242.380876,1961.993515,0.125040,1132.279729,14583.153559,2996.247154,784.797406,84785.776505,3555.727474,0.000000
124.300000,40.000000,35.362293,0.231576,112.117181,2242.343627,1963.284998,0.124450,1127.653863,14529.339896,2987.155629,785.313999,84472.906372,3542.335822,0.000000
124.400000,40.000000,35.385450,0.230535,112.115327,2242.306541,1964.570691,0.123862,1123.042555,14475.594980,2978.054915,785.828276,84160.435931,3528.965892,0.000000
124.500000,40.000000,35.408504,0.229495,112.113481,2242.269617,1965.850601,0.123276,1118.445883,14421.920954,2968.945588,786.340240,83848.377639,3515.618173,0.000000
124.600000,40.000000,35.431453,0.228456,112.111643,2242.232855,1967.124735,0.122694,1113.863923,14368.319937,2959.828224,786.849894,83536.743822,3502.293144,0.000000
124.700000,40.000000,35.454299,0.227418,112.109813,2242.196256,1968.393103,0.122114,1109.296750,14314.794027,2950.703393,787.357241,83225.546671,3488.991282,0.000000
124.800000,40.000000,35.477041,0.226383,112.107991,2242.159818,1969.655712,0.121536,1104.744439,14261.345298,2941.571661,787.862285,82914.798242,3475.713056,0.000000
124.900000,40.000000,35.499679,0.225348,112.106177,2242.123542,1970.912569,0.120962,1100.207060,14207.975798,2932.433592,788.365028,82604.510455,3462.458930,0.000000
125.000000,40.000000,35.522214,0.224316,112.104371,2242.087428,1972.163685,0.120389,1095.684685,14154.687556,2923.289743,788.865474,82294.695095,3449.229362,0.000000
125.100000,40.000000,35.544645,0.223285,112.102574,2242.051475,1973.409066,0.119820,1091.177382,14101.482575,2914.140671,789.363627,81985.363810,3436.024804,0.000000
125.200000,40.000000,35.566974,0.222255,112.100784,2242.015685,1974.648724,0.119253,1086.685218,14048.362835,2904.986927,789.859489,81676.528110,3422.845702,0.000000
125.300000,40.000000,35.589199,0.221227,112.099003,2241.980055,1975.882665,0.118689,1082.208259,13995.330291,2895.829056,790.353066,81368.199367,3409.692497,0.000000
125.400000,40.000000,35.611322,0.220201,112.097229,2241.944587,1977.110901,0.118127,1077.746570,13942.386876,2886.667602,790.844360,81060.388813,3396.565622,0.000000
125.500000,40.000000,35.633342,0.219177,112.095464,2241.909280,1978.333440,0.117568,1073.300212,13889.534498,2877.503104,791.333376,80753.107544,3383.465505,0.000000
125.600000,40.000000,35.655260,0.218155,112.093707,2241.874134,1979.550293,0.117011,1068.869247,13836.775041,2868.336095,791.820117,80446.366515,3370.392570,0.000000
125.700000,40.000000,35.677075,0.217134,112.091957,2241.839149,1980.761469,0.116457,1064.453733,13784.110365,2859.167107,792.304587,80140.176538,3357.347232,0.000000
125.800000,40.000000,35.698789,0.216115,112.090216,2241.804325,1981.966978,0.115905,1060.053730,13731.542306,2849.996664,792.786791,79834.548290,3344.329902,0.000000
125.900000,40.000000,35.720400,0.215098,112.088483,2241.769661,1983.166831,0.115357,1055.669294,13679.072676,2840.825287,793.266733,79529.492302,3331.340984,0.000000
126.000000,40.000000,35.741910,0.214083,112.086758,2241.735157,1984.361039,0.114810,1051.300478,13626.703262,2831.653495,793.744416,79225.018968,3318.380877,0.000000
126.100000,40.000000,35.763318,0.213070,112.085041,2241.700814,1985.549613,0.114266,1046.947337,13574.435829,2822.481798,794.219845,78921.138538,3305.449972,0.000000
126.200000,40.000000,35.784625,0.212060,112.083332,2241.666631,1986.732562,0.113725,1042.609922,13522.272113,2813.310706,794.693025,78617.861122,3292.548656,0.000000
126.300000,40.000000,35.805831,0.211051,112.081630,2241.632607,1987.909899,0.113187,1038.288284,13470.213830,2804.140721,795.163960,78315.196689,3279.677309,0.000000
126.400000,40.000000,35.826936,0.210044,112.079937,2241.598743,1989.081634,0.112650,1033.982471,13418.262671,2794.972342,795.632654,78013.155063,3266.836306,0.000000
126.500000,40.000000,35.847941,0.209039,112.078252,2241.565039,1990.247780,0.112117,1029.692531,13366.420300,2785.806064,796.099112,77711.745931,3254.026015,0.000000
126.600000,40.000000,35.868845,0.208037,112.076575,2241.531493,1991.408348,0.111586,1025.418510,13314.688359,2776.642375,796.563339,77410.978833,3241.246798,0.000000
126.700000,40.000000,35.889648,0.207036,112.074905,2241.498106,1992.563350,0.111057,1021.160451,13263.068465,2767.481761,797.025340,77110.863170,3228.499012,0.000000
126.800000,40.000000,35.910352,0.206038,112.073244,2241.464878,1993.712798,0.110531,1016.918398,13211.562210,2758.324702,797.485119,76811.408201,3215.783006,0.000000
126.900000,40.000000,35.930956,0.205042,112.071590,2241.431809,1994.856704,0.110008,1012.692391,13160.171163,2749.171673,797.942682,76512.623042,3203.099126,0.000000
127.000000,40.000000,35.951460,0.204048,112.069945,2241.398898,1995.995080,0.109487,1008.482472,13108.896867,2740.023144,798.398032,76214.516668,3190.447710,0.000000
127.100000,40.000000,35.971865,0.203057,112.068307,2241.366144,1997.127940,0.108968,1004.288679,13057.740841,2730.879582,798.851176,75917.097912,3177.829090,0.000000
127.200000,40.000000,35.992170,0.202068,112.066677,2241.333548,1998.255296,0.108453,1000.111047,13006.704580,2721.741447,799.302118,75620.375465,3165.243593,0.000000
127.300000,40.000000,36.012377,0.201081,112.065056,2241.301110,1999.377160,0.107939,995.949615,12955.789555,2712.609195,799.750864,75324.357879,3152.691540,0.000000
127.400000,40.000000,36.032485,0.200097,112.063441,2241.268829,2000.493546,0.107428,991.804414,12904.997213,2703.483278,800.197418,75029.053561,3140.173244,0.000000
127.500000,40.000000,36.052495,0.199115,112.061835,2241.236705,2001.604467,0.106920,987.675479,12854.328974,2694.364141,800.641787,74734.470782,3127.689016,0.000000
127.600000,40.000000,36.072407,0.198135,112.060237,2241.204737,2002.709936,0.106414,983.562840,12803.786239,2685.252227,801.083974,74440.617667,3115.239158,0.000000
127.700000,40.000000,36.092220,0.197158,112.058646,2241.172925,2003.809967,0.105910,979.466528,12753.370379,2676.147971,801.523987,74147.502205,3102.823968,0.000000
127.800000,40.000000,36.111936,0.196184,112.057063,2241.141270,2004.904574,0.105409,975.386571,12703.082746,2667.051806,801.961830,73855.132244,3090.443735,0.000000
127.900000,40.000000,36.131554,0.195212,112.055488,2241.109770,2005.993770,0.104911,971.322997,12652.924664,2657.964157,802.397508,73563.515491,3078.098747,0.000000
128.000000,40.000000,36.151076,0.194242,112.053921,2241.078425,2007.077569,0.104414,967.275831,12602.897437,2648.885447,802.831028,73272.659516,3065.789283,0.000000
128.100000,40.000000,36.170500,0.193275,112.052362,2241.047236,2008.155986,0.103921,963.245098,12553.002341,2639.816091,803.262394,72982.571750,3053.515617,0.000000
128.200000,40.000000,36.189827,0.192311,112.050810,2241.016201,2009.229034,0.103429,959.230822,12503.240631,2630.756503,803.691613,72693.259484,3041.278018,0.000000
128.300000,40.000000,36.209058,0.191349,112.049266,2240.985321,2010.296728,0.102941,955.233024,12453.613538,2621.707088,804.118691,72404.729873,3029.076747,0.000000
128.400000,40.000000,36.228193,0.190390,112.047730,2240.954595,2011.359082,0.102454,951.251724,12404.122269,2612.668248,804.543633,72116.989936,3016.912061,0.000000
128.500000,40.000000,36.247232,0.189433,112.046201,2240.924022,2012.416111,0.101970,947.286943,12354.768007,2603.640379,804.966444,71830.046552,3004.784213,0.000000
128.600000,40.000000,36.266176,0.188480,112.044680,2240.893603,2013.467830,0.101489,943.338698,12305.551912,2594.623874,805.387132,71543.906466,2992.693447,0.000000
128.700000,40.000000,36.285024,0.187529,112.043167,2240.863337,2014.514253,0.101010,939.407005,12256.475121,2585.619119,805.805701,71258.576287,2980.640004,0.000000
128.800000,40.000000,36.303776,0.186580,112.041661,2240.833224,2015.555397,0.100533,935.491881,12207.538749,2576.626496,806.222159,70974.062491,2968.624119,0.000000
128.900000,40.000000,36.322434,0.185635,112.040163,2240.803263,2016.591274,0.100059,931.593340,12158.743884,2567.646381,806.636510,70690.371418,2956.646019,0.000000
129.000000,40.000000,36.340998,0.184692,112.038673,2240.773454,2017.621902,0.099587,927.711394,12110.091595,2558.679146,807.048761,70407.509273,2944.705930,0.000000
129.100000,40.000000,36.359467,0.183752,112.037190,2240.743797,2018.647295,0.099117,923.846055,12061.582927,2549.725158,807.458918,70125.482132,2932.804068,0.000000
129.200000,40.000000,36.377842,0.182814,112.035715,2240.714291,2019.667468,0.098650,919.997334,12013.218901,2540.784778,807.866987,69844.295935,2920.940646,0.000000
129.300000,40.000000,36.396124,0.181880,112.034247,2240.684936,2020.682438,0.098185,916.165240,11965.000517,2531.858363,808.272975,69563.956493,2909.115872,0.000000
129.400000,40.000000,36.414312,0.180948,112.032787,2240.655731,2021.692220,0.097723,912.349781,11916.928752,2522.946264,808.676888,69284.469486,2897.329948,0.000000
129.500000,40.000000,36.432406,0.180019,112.031334,2240.626677,2022.696830,0.097263,908.550964,11869.004560,2514.048828,809.078732,69005.840464,2885.583069,0.000000
129.600000,40.000000,36.450408,0.179094,112.029889,2240.597772,2023.696283,0.096805,904.768794,11821.228874,2505.166398,809.478513,68728.074846,2873.875428,0.000000
129.700000,40.000000,36.468318,0.178171,112.028451,2240.569017,2024.690595,0.096350,901.003277,11773.602603,2496.299309,809.876238,68451.177926,2862.207211,0.000000
129.800000,40.000000,36.486135,0.177251,112.027021,2240.540410,2025.679784,0.095897,897.254416,11726.126637,2487.447893,810.271913,68175.154869,2850.578597,0.000000
129.900000,40.000000,36.503860,0.176333,112.025598,2240.511952,2026.663864,0.095446,893.522212,11678.801842,2478.612477,810.665545,67900.010711,2838.989764,0.000000
130.000000,40.000000,36.521493,0.175419,112.024182,2240.483643,2027.642852,0.094998,889.806668,11631.629063,2469.793384,811.057141,67625.750367,2827.440882,0.000000
130.100000,40.000000,36.539035,0.174508,112.022774,2240.455481,2028.616764,0.094552,886.107783,11584.609123,2460.990929,811.446706,67352.378623,2815.932115,0.000000
130.200000,40.000000,36.556486,0.173600,112.021373,2240.427466,2029.585618,0.094108,882.425555,11537.742824,2452.205426,811.834247,67079.900142,2804.463625,0.000000
130.300000,40.000000,36.573846,0.172694,112.019980,2240.399599,2030.549429,0.093666,878.759984,11491.030948,2443.437181,812.219772,66808.319466,2793.035567,0.000000
130.400000,40.000000,36.591115,0.171792,112.018594,2240.371878,2031.508214,0.093227,875.111065,11444.474254,2434.686497,812.603285,66537.641011,2781.648091,0.000000
130.500000,40.000000,36.608295,0.170893,112.017215,2240.344303,2032.461989,0.092790,871.478795,11398.073481,2425.953670,812.984796,66267.869075,2770.301343,0.000000
130.600000,40.000000,36.625384,0.169997,112.015844,2240.316873,2033.410772,0.092356,867.863168,11351.829347,2417.238995,813.364309,65999.007834,2758.995464,0.000000
130.700000,40.000000,36.642384,0.169104,112.014479,2240.289589,2034.354580,0.091923,864.264177,11305.742551,2408.542758,813.741832,65731.061345,2747.730590,0.000000
130.800000,40.000000,36.659294,0.168213,112.013122,2240.262450,2035.293429,0.091493,860.681816,11259.813770,2399.865243,814.117371,65464.033547,2736.506852,0.000000
130.900000,40.000000,36.676115,0.167326,112.011773,2240.235455,2036.227336,0.091065,857.116076,11214.043661,2391.206728,814.490934,65197.928260,2725.324375,0.000000
131.000000,40.000000,36.692848,0.166442,112.010430,2240.208604,2037.156318,0.090640,853.566947,11168.432860,2382.567487,814.862527,64932.749189,2714.183283,0.000000
131.100000,40.000000,36.709492,0.165562,112.009095,2240.181896,2038.080393,0.090217,850.034419,11122.981987,2373.947787,815.232157,64668.499923,2703.083691,0.000000
131.200000,40.000000,36.726048,0.164684,112.007767,2240.155332,2038.999577,0.089795,846.518480,11077.691637,2365.347894,815.599831,64405.183937,2692.025712,0.000000
131.300000,40.000000,36.742517,0.163809,112.006446,2240.128910,2039.913889,0.089377,843.019119,11032.562390,2356.768066,815.965556,64142.804591,2681.009454,0.000000
131.400000,40.000000,36.758898,0.162938,112.005132,2240.102631,2040.823345,0.088960,839.536322,10987.594803,2348.208559,816.329338,63881.365135,2670.035021,0.000000
131.500000,40.000000,36.775191,0.162070,112.003825,2240.076493,2041.727962,0.088545,836.070074,10942.789417,2339.669623,816.691185,63620.868706,2659.102511,0.000000
131.600000,40.000000,36.791398,0.161204,112.002525,2240.050496,2042.627759,0.088133,832.620361,10898.146753,2331.151502,817.051104,63361.318330,2648.212018,0.000000
131.700000,40.000000,36.807519,0.160342,112.001232,2240.024640,2043.522752,0.087723,829.187167,10853.667311,2322.654438,817.409101,63102.716925,2637.363633,0.000000
131.800000,40.000000,36.823553,0.159484,111.999946,2239.998924,2044.412960,0.087315,825.770473,10809.351576,2314.178668,817.765184,62845.067300,2626.557441,0.000000
131.900000,40.000000,36.839501,0.158628,111.998667,2239.973349,2045.298399,0.086909,822.370264,10765.200011,2305.724422,818.119360,62588.372158,2615.793524,0.000000
132.000000,40.000000,36.855364,0.157775,111.997396,2239.947912,2046.179088,0.086506,818.986519,10721.213064,2297.291929,818.471635,62332.634093,2605.071959,0.000000
132.100000,40.000000,36.871142,0.156926,111.996131,2239.922615,2047.055044,0.086105,815.619219,10677.391163,2288.881411,818.822018,62077.855598,2594.392819,0.000000
132.200000,40.000000,36.886834,0.156080,111.994873,2239.897456,2047.926286,0.085705,812.268344,10633.734718,2280.493086,819.170514,61824.039059,2583.756173,0.000000
132.300000,40.000000,36.902442,0.155237,111.993622,2239.872435,2048.792829,0.085308,808.933873,10590.244123,2272.127169,819.517132,61571.186759,2573.162085,0.000000
132.400000,40.000000,36.917966,0.154398,111.992378,2239.847552,2049.654694,0.084913,805.615782,10546.919752,2263.783869,819.861878,61319.300881,2562.610616,0.000000
132.500000,40.000000,36.933406,0.153561,111.991140,2239.822805,2050.511897,0.084520,802.314050,10503.761963,2255.463392,820.204759,61068.383506,2552.101823,0.000000
132.600000,40.000000,36.948762,0.152728,111.989910,2239.798196,2051.364456,0.084130,799.028653,10460.771098,2247.165938,820.545783,60818.436615,2541.635758,0.000000
132.700000,40.000000,36.964035,0.151898,111.988686,2239.773722,2052.212390,0.083741,795.759566,10417.947480,2238.891703,820.884956,60569.462092,2531.212471,0.000000
132.800000,40.000000,36.979225,0.151072,111.987469,2239.749384,2053.055716,0.083355,792.506763,10375.291416,2230.640881,821.222287,60321.461722,2520.832007,0.000000
132.900000,40.000000,36.994332,0.150248,111.986259,2239.725181,2053.894453,0.082970,789.270219,10332.803197,2222.413659,821.557781,60074.437194,2510.494405,0.000000
133.000000,40.000000,37.009357,0.149428,111.985056,2239.701113,2054.728618,0.082588,786.049906,10290.483098,2214.210222,821.891447,59828.390102,2500.199705,0.000000
133.100000,40.000000,37.024299,0.148611,111.983859,2239.677178,2055.558230,0.082208,782.845798,10248.331375,2206.030749,822.223292,59583.321946,2489.947939,0.000000
133.200000,40.000000,37.039160,0.147797,111.982669,2239.653378,2056.383306,0.081830,779.657866,10206.348271,2197.875415,822.553322,59339.234132,2479.739137,0.000000
133.300000,40.000000,37.053940,0.146987,111.981486,2239.629710,2057.203865,0.081454,776.486080,10164.534012,2189.744393,822.881546,59096.127975,2469.573326,0.000000
133.400000,40.000000,37.068639,0.146180,111.980309,2239.606176,2058.019925,0.081080,773.330411,10122.888808,2181.637849,823.207970,58854.004699,2459.450528,0.000000
133.500000,40.000000,37.083257,0.145376,111.979139,2239.582773,2058.831504,0.080708,770.190829,10081.412855,2173.555948,823.532602,58612.865438,2449.370763,0.000000
133.600000,40.000000,37.097795,0.144576,111.977975,2239.559502,2059.638621,0.080338,767.067302,10040.106333,2165.498849,823.855448,58372.711237,2439.334047,0.000000
133.700000,40.000000,37.112252,0.143778,111.976818,2239.536363,2060.441293,0.079970,763.959799,9998.969405,2157.466706,824.176517,58133.543053,2429.340391,0.000000
133.800000,40.000000,37.126630,0.142985,111.975668,2239.513354,2061.239539,0.079604,760.868287,9958.002222,2149.459673,824.495816,57895.361758,2419.389805,0.000000
133.900000,40.000000,37.140928,0.142194,111.974524,2239.490475,2062.033378,0.079240,757.792734,9917.204920,2141.477896,824.813351,57658.168138,2409.482294,0.000000
134.000000,40.000000,37.155148,0.141407,111.973386,2239.467726,2062.822826,0.078878,754.733104,9876.577618,2133.521519,825.129130,57421.962894,2399.617860,0.000000
134.100000,40.000000,37.169288,0.140622,111.972255,2239.445106,2063.607904,0.078518,751.689364,9836.120423,2125.590682,825.443161,57186.746644,2389.796503,0.000000
134.200000,40.000000,37.183351,0.139842,111.971131,2239.422615,2064.388628,0.078160,748.661479,9795.833427,2117.685522,825.755451,56952.519926,2380.018218,0.000000
134.300000,40.000000,37.197335,0.139064,111.970013,2239.400252,2065.165017,0.077804,745.649414,9755.716709,2109.806171,826.066007,56719.283194,2370.282998,0.000000
134.400000,40.000000,37.211241,0.138290,111.968901,2239.378016,2065.937091,0.077450,742.653132,9715.770334,2101.952758,826.374836,56487.036823,2360.590832,0.000000
134.500000,40.000000,37.225070,0.137519,111.967795,2239.355908,2066.704866,0.077099,739.672595,9675.994351,2094.125408,826.681946,56255.781110,2350.941706,0.000000
134.600000,40.000000,37.238822,0.136752,111.966696,2239.333927,2067.468362,0.076749,736.707768,9636.388799,2086.324242,826.987345,56025.516275,2341.335605,0.000000
134.700000,40.000000,37.252497,0.135987,111.965604,2239.312071,2068.227596,0.076400,733.758612,9596.953703,2078.549378,827.291038,55796.242458,2331.772508,0.000000
134.800000,40.000000,37.266096,0.135227,111.964517,2239.290342,2068.982587,0.076054,730.825089,9557.689073,2070.800931,827.593035,55567.959726,2322.252394,0.000000
134.900000,40.000000,37.279619,0.134469,111.963437,2239.268737,2069.733353,0.075710,727.907159,9518.594908,2063.079011,827.893341,55340.668072,2312.775236,0.000000
135.000000,40.000000,37.293066,0.133715,111.962363,2239.247257,2070.479913,0.075368,725.004783,9479.671195,2055.383726,828.191965,55114.367413,2303.341006,0.000000
135.100000,40.000000,37.306437,0.132964,111.961295,2239.225902,2071.222285,0.075028,722.117921,9440.917906,2047.715179,828.488914,54889.057596,2293.949674,0.000000
135.200000,40.000000,37.319734,0.132216,111.960233,2239.204669,2071.960488,0.074689,719.246532,9402.335004,2040.073470,828.784195,54664.738395,2284.601205,0.000000
135.300000,40.000000,37.332955,0.131471,111.959178,2239.183560,2072.694539,0.074353,716.390576,9363.922437,2032.458697,829.077816,54441.409516,2275.295563,0.000000
135.400000,40.000000,37.346102,0.130730,111.958129,2239.162574,2073.424457,0.074018,713.550010,9325.680142,2024.870954,829.369783,54219.070592,2266.032709,0.000000
135.500000,40.000000,37.359175,0.129992,111.957085,2239.141709,2074.150260,0.073685,710.724794,9287.608045,2017.310330,829.660104,53997.721191,2256.812601,0.000000
135.600000,40.000000,37.372175,0.129258,111.956048,2239.120967,2074.871967,0.073354,707.914883,9249.706060,2009.776913,829.948787,53777.360812,2247.635195,0.000000
135.700000,40.000000,37.385100,0.128527,111.955017,2239.100345,2075.589596,0.073025,705.120236,9211.974089,2002.270786,830.235838,53557.988890,2238.500443,0.000000
135.800000,40.000000,37.397953,0.127799,111.953992,2239.079844,2076.303165,0.072698,702.340808,9174.412024,1994.792031,830.521266,53339.604792,2229.408297,0.000000
135.900000,40.000000,37.410733,0.127074,111.952973,2239.059462,2077.012693,0.072373,699.576557,9137.019746,1987.340724,830.805077,53122.207823,2220.358703,0.000000
136.000000,40.000000,37.423440,0.126353,111.951960,2239.039201,2077.718197,0.072049,696.827438,9099.797122,1979.916940,831.087279,52905.797224,2211.351609,0.000000
136.100000,40.000000,37.436075,0.125635,111.950953,2239.019058,2078.419697,0.071728,694.093405,9062.744014,1972.520750,831.367879,52690.372174,2202.386957,0.000000
136.200000,40.000000,37.448639,0.124920,111.949952,2238.999034,2079.117209,0.071408,691.374415,9025.860268,1965.152223,831.646884,52475.931791,2193.464689,0.000000
136.300000,40.000000,37.461131,0.124208,111.948956,2238.979128,2079.810754,0.071090,688.670421,8989.145723,1957.811423,831.924301,52262.475133,2184.584742,0.000000
136.400000,40.000000,37.473552,0.123500,111.947967,2238.959339,2080.500347,0.070774,685.981377,8952.600206,1950.498413,832.200139,52050.001200,2175.747054,0.000000
136.500000,40.000000,37.485902,0.122795,111.946983,2238.939667,2081.186009,0.070459,683.307238,8916.223536,1943.213253,832.474404,51838.508931,2166.951559,0.000000
136.600000,40.000000,37.498181,0.122093,111.946006,2238.920112,2081.867757,0.070146,680.647957,8880.015520,1935.955997,832.747103,51627.997210,2158.198188,0.000000
136.700000,40.000000,37.510391,0.121395,111.945034,2238.900672,2082.545609,0.069836,678.003486,8843.975957,1928.726700,833.018244,51418.464865,2149.486872,0.000000
136.800000,40.000000,37.522530,0.120700,111.944067,2238.881348,2083.219583,0.069527,675.373778,8808.104635,1921.525413,833.287833,51209.910667,2140.817539,0.000000
136.900000,40.000000,37.534600,0.120008,111.943107,2238.862139,2083.889698,0.069219,672.758786,8772.401334,1914.352183,833.555879,51002.333335,2132.190113,0.000000
137.000000,40.000000,37.546601,0.119319,111.942152,2238.843044,2084.555971,0.068914,670.158462,8736.865824,1907.207055,833.822388,50795.731532,2123.604520,0.000000
137.100000,40.000000,37.558533,0.118634,111.941203,2238.824063,2085.218421,0.068610,667.572757,8701.497866,1900.090072,834.087368,50590.103872,2115.060681,0.000000
137.200000,40.000000,37.570396,0.117951,111.940260,2238.805196,2085.877065,0.068308,665.001622,8666.297213,1893.001273,834.350826,50385.448914,2106.558516,0.000000
137.300000,40.000000,37.582191,0.117273,111.939322,2238.786441,2086.531922,0.068008,662.445008,8631.263609,1885.940696,834.612769,50181.765169,2098.097942,0.000000
137.400000,40.000000,37.593919,0.116597,111.938390,2238.767799,2087.183009,0.067709,659.902867,8596.396789,1878.908374,834.873204,49979.051097,2089.678876,0.000000
137.500000,40.000000,37.605578,0.115924,111.937463,2238.749268,2087.830345,0.067412,657.375148,8561.696479,1871.904339,835.132138,49777.305109,2081.301232,0.000000
137.600000,40.000000,37.617171,0.115255,111.936542,2238.730849,2088.473948,0.067117,654.861802,8527.162398,1864.928621,835.389579,49576.525571,2072.964922,0.000000
137.700000,40.000000,37.628696,0.114589,111.935627,2238.712541,2089.113834,0.066824,652.362778,8492.794257,1857.981247,835.645534,49376.710798,2064.669859,0.000000
137.800000,40.000000,37.640155,0.113926,111.934717,2238.694343,2089.750023,0.066532,649.878026,8458.591759,1851.062239,835.900009,49177.859061,2056.415949,0.000000
137.900000,40.000000,37.651548,0.113267,111.933813,2238.676254,2090.382532,0.066242,647.407496,8424.554597,1844.171621,836.153013,48979.968587,2048.203101,0.000000
138.000000,40.000000,37.662874,0.112610,111.932914,2238.658275,2091.011378,0.065953,644.951136,8390.682460,1837.309412,836.404551,48783.037557,2040.031221,0.000000
138.100000,40.000000,37.674135,0.111957,111.932020,2238.640405,2091.636580,0.065667,642.508895,8356.975027,1830.475628,836.654632,48587.064108,2031.900212,0.000000
138.200000,40.000000,37.685331,0.111307,111.931132,2238.622643,2092.258156,0.065381,640.080722,8323.431970,1823.670284,836.903262,48392.046336,2023.809977,0.000000
138.300000,40.000000,37.696462,0.110660,111.930249,2238.604989,2092.876122,0.065098,637.666564,8290.052955,1816.893393,837.150449,48197.982295,2015.760417,0.000000
138.400000,40.000000,37.707528,0.110016,111.929372,2238.587442,2093.490496,0.064816,635.266371,8256.837639,1810.144965,837.396199,48004.869997,2007.751431,0.000000
138.500000,40.000000,37.718529,0.109376,111.928500,2238.570001,2094.101297,0.064536,632.880090,8223.785675,1803.425006,837.640519,47812.707415,1999.782918,0.000000
138.600000,40.000000,37.729467,0.108738,111.927633,2238.552667,2094.708542,0.064258,630.507669,8190.896707,1796.733523,837.883417,47621.492483,1991.854775,0.000000
138.700000,40.000000,37.740341,0.108104,111.926772,2238.535439,2095.312248,0.063981,628.149054,8158.170372,1790.070520,838.124899,47431.223095,1983.966895,0.000000
138.800000,40.000000,37.751151,0.107473,111.925916,2238.518316,2095.912433,0.063705,625.804194,8125.606303,1783.435997,838.364973,47241.897108,1976.119173,0.000000
138.900000,40.000000,37.761898,0.106845,111.925065,2238.501297,2096.509114,0.063432,623.473036,8093.204123,1776.829953,838.603646,47053.512344,1968.311502,0.000000
139.000000,40.000000,37.772583,0.106220,111.924219,2238.484383,2097.102309,0.063160,621.155526,8060.963453,1770.252386,838.840924,46866.066586,1960.543772,0.000000
139.100000,40.000000,37.783205,0.105599,111.923379,2238.467573,2097.692035,0.062889,618.851612,8028.883904,1763.703291,839.076814,46679.557583,1952.815873,0.000000
139.200000,40.000000,37.793765,0.104980,111.922543,2238.450865,2098.278309,0.062620,616.561239,7996.965085,1757.182660,839.311324,46493.983050,1945.127695,0.000000
139.300000,40.000000,37.804263,0.104364,111.921713,2238.434261,2098.861149,0.062353,614.284354,7965.206595,1750.690484,839.544459,46309.340668,1937.479124,0.000000
139.400000,40.000000,37.814699,0.103752,111.920888,2238.417759,2099.440572,0.062087,612.020903,7933.608031,1744.226753,839.776229,46125.628084,1929.870046,0.000000
139.500000,40.000000,37.825074,0.103143,111.920068,2238.401358,2100.016595,0.061823,609.770833,7902.168981,1737.791454,840.006638,45942.842915,1922.300347,0.000000
139.600000,40.000000,37.835389,0.102537,111.919253,2238.385059,2100.589235,0.061560,607.534090,7870.889032,1731.384571,840.235694,45760.982743,1914.769910,0.000000
139.700000,40.000000,37.845642,0.101933,111.918443,2238.368860,2101.158510,0.061299,605.310619,7839.767761,1725.006088,840.463404,45580.045122,1907.278619,0.000000
139.800000,40.000000,37.855836,0.101333,111.917638,2238.352762,2101.724436,0.061040,603.100366,7808.804743,1718.655986,840.689774,45400.027575,1899.826354,0.000000
139.900000,40.000000,37.865969,0.100736,111.916838,2238.336763,2102.287030,0.060782,600.903276,7777.999547,1712.334246,840.914812,45220.927596,1892.412997,0.000000
140.000000,40.000000,37.876043,0.100142,111.916043,2238.320864,2102.846311,0.060525,598.719295,7747.351736,1706.040845,841.138524,45042.742650,1885.038428,0.000000
140.100000,40.000000,37.886057,0.099552,111.915253,2238.305063,2103.402293,0.060270,596.548369,7716.860870,1699.775759,841.360917,44865.470175,1877.702524,0.000000
140.200000,40.000000,37.896012,0.098964,111.914468,2238.289361,2103.954995,0.060017,594.390443,7686.526504,1693.538963,841.581998,44689.107579,1870.405164,0.000000
140.300000,40.000000,37.905908,0.098379,111.913688,2238.273756,2104.504434,0.059765,592.245461,7656.348186,1687.330429,841.801773,44513.652246,1863.146225,0.000000
140.400000,40.000000,37.915746,0.097797,111.912912,2238.258249,2105.050625,0.059514,590.113369,7626.325464,1681.150128,842.020250,44339.101534,1855.925582,0.000000
140.500000,40.000000,37.925526,0.097218,111.912142,2238.242839,2105.593585,0.059265,587.994112,7596.457877,1674.998031,842.237434,44165.452774,1848.743110,0.000000
140.600000,40.000000,37.935248,0.096642,111.911376,2238.227524,2106.133333,0.059017,585.887635,7566.744963,1668.874104,842.453333,43992.703275,1841.598684,0.000000
140.700000,40.000000,37.944912,0.096070,111.910615,2238.212306,2106.669883,0.058771,583.793882,7537.186255,1662.778315,842.667953,43820.850318,1834.492177,0.000000
140.800000,40.000000,37.954519,0.095500,111.909859,2238.197183,2107.203253,0.058527,581.712798,7507.781280,1656.710627,842.881301,43649.891166,1827.423461,0.000000
140.900000,40.000000,37.964069,0.094933,111.909108,2238.182155,2107.733459,0.058283,579.644328,7478.529565,1650.671005,843.093384,43479.823054,1820.392409,0.000000
141.000000,40.000000,37.973562,0.094369,111.908361,2238.167221,2108.260517,0.058042,577.588417,7449.430630,1644.659409,843.304207,43310.643199,1813.398890,0.000000
141.100000,40.000000,37.982999,0.093808,111.907619,2238.152382,2108.784445,0.057801,575.545009,7420.483993,1638.675800,843.513778,43142.348794,1806.442776,0.000000
141.200000,40.000000,37.992380,0.093250,111.906882,2238.137635,2109.305258,0.057562,573.514049,7391.689166,1632.720137,843.722103,42974.937012,1799.523936,0.000000
141.300000,40.000000,38.001705,0.092695,111.906149,2238.122982,2109.822974,0.057325,571.495481,7363.045661,1626.792377,843.929189,42808.405007,1792.642238,0.000000
141.400000,40.000000,38.010974,0.092142,111.905421,2238.108421,2110.337607,0.057089,569.489249,7334.552985,1620.892477,844.135043,42642.749912,1785.797552,0.000000
141.500000,40.000000,38.020189,0.091593,111.904698,2238.093952,2110.849174,0.056854,567.495298,7306.210640,1615.020390,844.339670,42477.968839,1778.989744,0.000000
141.600000,40.000000,38.029348,0.091047,111.903979,2238.079575,2111.357692,0.056621,565.513573,7278.018128,1609.176071,844.543077,42314.058886,1772.218682,0.000000
141.700000,40.000000,38.038453,0.090503,111.903264,2238.065289,2111.863177,0.056389,563.544017,7249.974946,1603.359471,844.745271,42151.017130,1765.484232,0.000000
141.800000,40.000000,38.047503,0.089963,111.902555,2238.051093,2112.365644,0.056158,561.586575,7222.080588,1597.570541,844.946258,41988.840631,1758.786260,0.000000
141.900000,40.000000,38.056499,0.089425,111.901849,2238.036987,2112.865110,0.055929,559.641191,7194.334546,1591.809231,845.146044,41827.526432,1752.124631,0.000000
142.000000,40.000000,38.065442,0.088890,111.901149,2238.022971,2113.361591,0.055702,557.707810,7166.736308,1586.075488,845.344636,41667.071561,1745.499209,0.000000
142.100000,40.000000,38.074331,0.088358,111.900452,2238.009045,2113.855102,0.055475,555.786376,7139.285361,1580.369261,845.542041,41507.473029,1738.909860,0.000000
142.200000,40.000000,38.083167,0.087829,111.899760,2237.995207,2114.345659,0.055250,553.876832,7111.981187,1574.690494,845.738264,41348.727832,1732.356447,0.000000
142.300000,40.000000,38.091950,0.087303,111.899073,2237.981457,2114.833279,0.055026,551.979125,7084.823268,1569.039132,845.933312,41190.832952,1725.838832,0.000000
142.400000,40.000000,38.100680,0.086779,111.898390,2237.967795,2115.317977,0.054804,550.093196,7057.811081,1563.415119,846.127191,41033.785357,1719.356880,0.000000
142.500000,40.000000,38.109358,0.086259,111.897711,2237.954221,2115.799768,0.054583,548.218992,7030.944104,1557.818398,846.319907,40877.581999,1712.910452,0.000000
142.600000,40.000000,38.117984,0.085741,111.897037,2237.940733,2116.278669,0.054363,546.356456,7004.221809,1552.248909,846.511468,40722.219820,1706.499411,0.000000
142.700000,40.000000,38.126558,0.085226,111.896367,2237.927332,2116.754694,0.054145,544.505533,6977.643669,1546.706593,846.701878,40567.695747,1700.123617,0.000000
142.800000,40.000000,38.135080,0.084713,111.895701,2237.914016,2117.227860,0.053928,542.666167,6951.209152,1541.191390,846.891144,40414.006696,1693.782934,0.000000
142.900000,40.000000,38.143552,0.084204,111.895039,2237.900787,2117.698182,0.053712,540.838302,6924.917726,1535.703237,847.079273,40261.149571,1687.477220,0.000000
143.000000,40.000000,38.151972,0.083697,111.894382,2237.887642,2118.165674,0.053498,539.021883,6898.768858,1530.242071,847.266270,40109.121265,1681.206337,0.000000
143.100000,40.000000,38.160342,0.083193,111.893729,2237.874582,2118.630353,0.053285,537.216855,6872.762009,1524.807830,847.452141,39957.918660,1674.970146,0.000000
143.200000,40.000000,38.168661,0.082692,111.893080,2237.861606,2119.092234,0.053073,535.423161,6846.896644,1519.400448,847.636894,39807.538626,1668.768506,0.000000
143.300000,40.000000,38.176930,0.082193,111.892436,2237.848714,2119.551332,0.052862,533.640746,6821.172221,1514.019859,847.820533,39657.978027,1662.601277,0.000000
143.400000,40.000000,38.185150,0.081697,111.891795,2237.835905,2120.007662,0.052653,531.869555,6795.588199,1508.665997,848.003065,39509.233714,1656.468318,0.000000
143.500000,40.000000,38.193319,0.081204,111.891159,2237.823179,2120.461240,0.052445,530.109533,6770.144035,1503.338794,848.184496,39361.302531,1650.369489,0.000000
143.600000,40.000000,38.201440,0.080714,111.890527,2237.810535,2120.912079,0.052238,528.360624,6744.839186,1498.038183,848.364832,39214.181312,1644.304649,0.000000
143.700000,40.000000,38.209511,0.080226,111.889899,2237.797973,2121.360197,0.052032,526.622773,6719.673104,1492.764093,848.544079,39067.866885,1638.273656,0.000000
143.800000,40.000000,38.217534,0.079741,111.889275,2237.785493,2121.805606,0.051828,524.895924,6694.645244,1487.516455,848.722242,38922.356067,1632.276369,0.000000
143.900000,40.000000,38.225508,0.079259,111.888655,2237.773093,2122.248322,0.051625,523.180023,6669.755056,1482.295198,848.899329,38777.645672,1626.312647,0.000000
144.000000,40.000000,38.233434,0.078779,111.888039,2237.760775,2122.688361,0.051423,521.475015,6645.001990,1477.100251,849.075344,38633.732503,1620.382348,0.000000
144.100000,40.000000,38.241312,0.078302,111.887427,2237.748536,2123.125736,0.051222,519.780844,6620.385498,1471.931540,849.250294,38490.613358,1614.485330,0.000000
144.200000,40.000000,38.249142,0.077828,111.886819,2237.736378,2123.560462,0.051023,518.097456,6595.905025,1466.788993,849.424185,38348.285031,1608.621451,0.000000
144.300000,40.000000,38.256925,0.077356,111.886215,2237.724298,2123.992555,0.050825,516.424795,6571.560021,1461.672536,849.597022,38206.744307,1602.790568,0.000000
144.400000,40.000000,38.264660,0.076887,111.885615,2237.712298,2124.422028,0.050628,514.762807,6547.349930,1456.582094,849.768811,38065.987967,1596.992541,0.000000
144.500000,40.000000,38.272349,0.076420,111.885019,2237.700376,2124.848896,0.050432,513.111437,6523.274200,1451.517591,849.939558,37926.012788,1591.227226,0.000000
144.600000,40.000000,38.279991,0.075956,111.884427,2237.688532,2125.273173,0.050237,511.470631,6499.332273,1446.478953,850.109269,37786.815541,1585.494480,0.000000
144.700000,40.000000,38.287586,0.075495,111.883838,2237.676765,2125.694875,0.050044,509.840334,6475.523595,1441.466101,850.277950,37648.392994,1579.794163,0.000000
144.800000,40.000000,38.295136,0.075036,111.883254,2237.665076,2126.114015,0.049852,508.220492,6451.847608,1436.478959,850.445606,37510.741908,1574.126130,0.000000
144.900000,40.000000,38.302639,0.074580,111.882673,2237.653464,2126.530608,0.049660,506.611050,6428.303756,1431.517449,850.612243,37373.859045,1568.490240,0.000000
145.000000,40.000000,38.310097,0.074126,111.882096,2237.641928,2126.944667,0.049470,505.011954,6404.891480,1426.581492,850.777867,37237.741161,1562.886350,0.000000
145.100000,40.000000,38.317510,0.073675,111.881523,2237.630467,2127.356207,0.049282,503.423149,6381.610222,1421.671010,850.942483,37102.385010,1557.314318,0.000000
145.200000,40.000000,38.324877,0.073226,111.880954,2237.619083,2127.765243,0.049094,501.844583,6358.459423,1416.785921,851.106097,36967.787343,1551.774001,0.000000
145.300000,40.000000,38.332200,0.072780,111.880389,2237.607773,2128.171787,0.048908,500.276200,6335.438524,1411.926146,851.268715,36833.944908,1546.265256,0.000000
145.400000,40.000000,38.339478,0.072336,111.879827,2237.596538,2128.575854,0.048722,498.717948,6312.546966,1407.091604,851.430342,36700.854454,1540.787942,0.000000
145.500000,40.000000,38.346712,0.071895,111.879269,2237.585378,2128.977459,0.048538,497.169772,6289.784189,1402.282214,851.590984,36568.512724,1535.341915,0.000000
145.600000,40.000000,38.353901,0.071456,111.878715,2237.574291,2129.376614,0.048355,495.631618,6267.149632,1397.497894,851.750646,36436.916465,1529.927033,0.000000
145.700000,40.000000,38.361047,0.071020,111.878164,2237.563277,2129.773334,0.048173,494.103434,6244.642736,1392.738560,851.909334,36306.062418,1524.543154,0.000000
145.800000,40.000000,38.368149,0.070586,111.877617,2237.552337,2130.167632,0.047992,492.585165,6222.262940,1388.004132,852.067053,36175.947327,1519.190137,0.000000
145.900000,40.000000,38.375207,0.070155,111.877073,2237.541469,2130.559523,0.047812,491.076759,6200.009685,1383.294524,852.223809,36046.567934,1513.867837,0.000000
146.000000,40.000000,38.382223,0.069726,111.876534,2237.530674,2130.949019,0.047634,489.578163,6177.882409,1378.609653,852.379607,35917.920980,1508.576115,0.000000
146.100000,40.000000,38.389196,0.069300,111.875998,2237.519950,2131.336134,0.047456,488.089322,6155.880552,1373.949436,852.534454,35790.003209,1503.314826,0.000000
146.200000,40.000000,38.396126,0.068876,111.875465,2237.509298,2131.720882,0.047280,486.610185,6134.003554,1369.313786,852.688353,35662.811363,1498.083831,0.000000
146.300000,40.000000,38.403013,0.068454,111.874936,2237.498717,2132.103276,0.047104,485.140699,6112.250856,1364.702620,852.841310,35536.342185,1492.882987,0.000000
146.400000,40.000000,38.409859,0.068035,111.874410,2237.488206,2132.483329,0.046930,483.680811,6090.621896,1360.115852,852.993332,35410.592421,1487.712153,0.000000
146.500000,40.000000,38.416662,0.067619,111.873888,2237.477766,2132.861056,0.046757,482.230468,6069.116116,1355.553395,853.144422,35285.558815,1482.571187,0.000000
146.600000,40.000000,38.423424,0.067204,111.873370,2237.467395,2133.236468,0.046584,480.789618,6047.732956,1351.015164,853.294587,35161.238116,1477.459948,0.000000
146.700000,40.000000,38.430145,0.066792,111.872855,2237.457094,2133.609580,0.046413,479.358210,6026.471856,1346.501072,853.443832,35037.627072,1472.378294,0.000000
146.800000,40.000000,38.436824,0.066382,111.872343,2237.446862,2133.980404,0.046243,477.936189,6005.332259,1342.011031,853.592162,34914.722434,1467.326086,0.000000
146.900000,40.000000,38.443462,0.065975,111.871835,2237.436699,2134.348953,0.046074,476.523506,5984.313605,1337.544956,853.739581,34792.520957,1462.303183,0.000000
147.000000,40.000000,38.450059,0.065570,111.871330,2237.426603,2134.715241,0.045906,475.120108,5963.415336,1333.102757,853.886097,34671.019395,1457.309443,0.000000
147.100000,40.000000,38.456616,0.065167,111.870829,2237.416576,2135.079281,0.045739,473.725942,5942.636895,1328.684348,854.031712,34550.214508,1452.344727,0.000000
147.200000,40.000000,38.463133,0.064767,111.870331,2237.406616,2135.441085,0.045573,472.340959,5921.977726,1324.289640,854.176434,34430.103057,1447.408894,0.000000
147.300000,40.000000,38.469610,0.064369,111.869836,2237.396724,2135.800666,0.045408,470.965106,5901.437271,1319.918545,854.320266,34310.681807,1442.501805,0.000000
147.400000,40.000000,38.476047,0.063973,111.869345,2237.386898,2136.158037,0.045244,469.598331,5881.014974,1315.570973,854.463215,34191.947525,1437.623320,0.000000
147.500000,40.000000,38.482444,0.063580,111.868857,2237.377138,2136.513211,0.045081,468.240585,5860.710281,1311.246837,854.605284,34073.896985,1432.773300,0.000000
147.600000,40.000000,38.488802,0.063188,111.868372,2237.367445,2136.866200,0.044919,466.891816,5840.522637,1306.946046,854.746480,33956.526962,1427.951605,0.000000
147.700000,40.000000,38.495121,0.062799,111.867891,2237.357817,2137.217016,0.044759,465.551972,5820.451488,1302.668511,854.886807,33839.834234,1423.158097,0.000000
147.800000,40.000000,38.501401,0.062413,111.867413,2237.348254,2137.565674,0.044599,464.221004,5800.496281,1298.414143,855.026269,33723.815587,1418.392637,0.000000
147.900000,40.000000,38.507642,0.062028,111.866938,2237.338756,2137.912184,0.044440,462.898862,5780.656463,1294.182851,855.164874,33608.467809,1413.655087,0.000000
148.000000,40.000000,38.513845,0.061646,111.866466,2237.329323,2138.256559,0.044282,461.585494,5760.931483,1289.974546,855.302624,33493.787693,1408.945308,0.000000
148.100000,40.000000,38.520010,0.061266,111.865998,2237.319954,2138.598813,0.044125,460.280850,5741.320790,1285.789138,855.439525,33379.772036,1404.263163,0.000000
148.200000,40.000000,38.526136,0.060888,111.865532,2237.310648,2138.938956,0.043969,458.984881,5721.823834,1281.626535,855.575582,33266.417641,1399.608515,0.000000
148.300000,40.000000,38.532225,0.060512,111.865070,2237.301406,2139.277001,0.043814,457.697536,5702.440067,1277.486648,855.710801,33153.721317,1394.981225,0.000000
148.400000,40.000000,38.538276,0.060139,111.864611,2237.292227,2139.612961,0.043660,456.418766,5683.168939,1273.369385,855.845184,33041.679877,1390.381158,0.000000
148.500000,40.000000,38.544290,0.059768,111.864156,2237.283111,2139.946847,0.043506,455.148522,5664.009904,1269.274656,855.978739,32930.290140,1385.808176,0.000000
148.600000,40.000000,38.550267,0.059398,111.863703,2237.274057,2140.278672,0.043354,453.886754,5644.962416,1265.202369,856.111469,32819.548931,1381.262143,0.000000
148.700000,40.000000,38.556207,0.059032,111.863253,2237.265065,2140.608448,0.043203,452.633412,5626.025930,1261.152434,856.243379,32709.453080,1376.742923,0.000000
148.800000,40.000000,38.562110,0.058667,111.862807,2237.256134,2140.936186,0.043053,451.388448,5607.199901,1257.124759,856.374474,32599.999424,1372.250381,0.000000
148.900000,40.000000,38.567977,0.058304,111.862363,2237.247265,2141.261898,0.042903,450.151813,5588.483786,1253.119253,856.504759,32491.184805,1367.784382,0.000000
149.000000,40.000000,38.573807,0.057943,111.861923,2237.238457,2141.585597,0.042755,448.923458,5569.877045,1249.135824,856.634239,32383.006074,1363.344789,0.000000
149.100000,40.000000,38.579601,0.057585,111.861485,2237.229709,2141.907294,0.042607,447.703335,5551.379135,1245.174380,856.762917,32275.460085,1358.931470,0.000000
149.200000,40.000000,38.585360,0.057228,111.861051,2237.221021,2142.227000,0.042461,446.491395,5532.989517,1241.234831,856.890800,32168.543701,1354.544288,0.000000
149.300000,40.000000,38.591083,0.056874,111.860620,2237.212393,2142.544728,0.042315,445.287590,5514.707652,1237.317084,857.017891,32062.253792,1350.183111,0.000000
149.400000,40.000000,38.596770,0.056522,111.860191,2237.203825,2142.860488,0.042170,444.091872,5496.533004,1233.421048,857.144195,31956.587232,1345.847805,0.000000
149.500000,40.000000,38.602422,0.056172,111.859766,2237.195316,2143.174294,0.042026,442.904194,5478.465036,1229.546630,857.269717,31851.540907,1341.538237,0.000000
149.600000,40.000000,38.608039,0.055824,111.859343,2237.186865,2143.486155,0.041883,441.724507,5460.503213,1225.693739,857.394462,31747.111706,1337.254273,0.000000
149.700000,40.000000,38.613622,0.055478,111.858924,2237.178473,2143.796083,0.041741,440.552764,5442.647003,1221.862283,857.518433,31643.296526,1332.995782,0.000000
149.800000,40.000000,38.619170,0.055134,111.858507,2237.170139,2144.104091,0.041600,439.388918,5424.895871,1218.052170,857.641636,31540.092274,1328.762631,0.000000
149.900000,40.000000,38.624683,0.054792,111.858093,2237.161863,2144.410188,0.041460,438.232922,5407.249288,1214.263308,857.764075,31437.495862,1324.554688,0.000000
150.000000,40.000000,38.630162,0.054452,111.857682,2237.153645,2144.714387,0.041320,437.084728,5389.706724,1210.495605,857.885755,31335.504211,1320.371823,0.000000
150.100000,40.000000,38.635607,0.054114,111.857274,2237.145483,2145.016698,0.041181,435.944290,5372.267651,1206.748970,858.006679,31234.114249,1316.213904,0.000000
150.200000,40.000000,38.641019,0.053778,111.856869,2237.137378,2145.317133,0.041044,434.811561,5354.931541,1203.023309,858.126853,31133.322913,1312.080800,0.000000
150.300000,40.000000,38.646396,0.053444,111.856466,2237.129330,2145.615702,0.040907,433.686496,5337.697869,1199.318532,858.246281,31033.127148,1307.972382,0.000000
150.400000,40.000000,38.651741,0.053112,111.856067,2237.121338,2145.912418,0.040771,432.569047,5320.566112,1195.634546,858.364967,30933.523905,1303.888520,0.000000
150.500000,40.000000,38.657052,0.052782,111.855670,2237.113401,2146.207290,0.040635,431.459168,5303.535745,1191.971259,858.482916,30834.510147,1299.829084,0.000000
150.600000,40.000000,38.662330,0.052454,111.855276,2237.105520,2146.500329,0.040501,430.356815,5286.606249,1188.328580,858.600132,30736.082842,1295.793945,0.000000
150.700000,40.000000,38.667575,0.052127,111.854885,2237.097694,2146.791547,0.040368,429.261940,5269.777103,1184.706417,858.716619,30638.238970,1291.782976,0.000000
150.800000,40.000000,38.672788,0.051803,111.854496,2237.089923,2147.080955,0.040235,428.174499,5253.047789,1181.104677,858.832382,30540.975515,1287.796047,0.000000
150.900000,40.000000,38.677969,0.051481,111.854110,2237.082207,2147.368562,0.040103,427.094447,5236.417790,1177.523270,858.947425,30444.289475,1283.833032,0.000000
151.000000,40.000000,38.683117,0.051161,111.853727,2237.074544,2147.654380,0.039972,426.021737,5219.886590,1173.962103,859.061752,30348.177852,1279.893803,0.000000
151.100000,40.000000,38.688233,0.050842,111.853347,2237.066936,2147.938419,0.039842,424.956326,5203.453677,1170.421085,859.175368,30252.637660,1275.978232,0.000000
151.200000,40.000000,38.693317,0.050526,111.852969,2237.059381,2148.220691,0.039712,423.898168,5187.118538,1166.900124,859.288276,30157.665920,1272.086195,0.000000
151.300000,40.000000,38.698369,0.050211,111.852594,2237.051879,2148.501204,0.039584,422.847219,5170.880662,1163.399129,859.400482,30063.259665,1268.217563,0.000000
151.400000,40.000000,38.703391,0.049898,111.852221,2237.044430,2148.779971,0.039456,421.803435,5154.739541,1159.918009,859.511988,29969.415933,1264.372214,0.000000
151.500000,40.000000,38.708380,0.049587,111.851852,2237.037033,2149.057001,0.039329,420.766771,5138.694665,1156.456672,859.622800,29876.131776,1260.550020,0.000000
151.600000,40.000000,38.713339,0.049278,111.851484,2237.029689,2149.332304,0.039203,419.737183,5122.745531,1153.015026,859.732922,29783.404250,1256.750857,0.000000
151.700000,40.000000,38.718267,0.048971,111.851120,2237.022397,2149.605891,0.039077,418.714628,5106.891633,1149.592982,859.842357,29691.230425,1252.974602,0.000000
151.800000,40.000000,38.723164,0.048665,111.850758,2237.015157,2149.877773,0.038953,417.699062,5091.132469,1146.190448,859.951109,29599.607378,1249.221129,0.000000
151.900000,40.000000,38.728030,0.048362,111.850398,2237.007968,2150.147959,0.038829,416.690441,5075.467538,1142.807334,860.059184,29508.532197,1245.490317,0.000000
152.000000,40.000000,38.732867,0.048060,111.850041,2237.000829,2150.416460,0.038706,415.688722,5059.896340,1139.443547,860.166584,29418.001977,1241.782042,0.000000
152.100000,40.000000,38.737673,0.047760,111.849687,2236.993742,2150.683285,0.038583,414.693863,5044.418378,1136.098999,860.273314,29328.013826,1238.096182,0.000000
152.200000,40.000000,38.742449,0.047462,111.849335,2236.986705,2150.948445,0.038462,413.705820,5029.033156,1132.773597,860.379378,29238.564860,1234.432614,0.000000
152.300000,40.000000,38.747195,0.047166,111.848986,2236.979718,2151.211949,0.038341,412.724550,5013.740179,1129.467253,860.484780,29149.652205,1230.791217,0.000000
152.400000,40.000000,38.751911,0.046871,111.848639,2236.972782,2151.473808,0.038221,411.750012,4998.538955,1126.179876,860.589523,29061.272996,1227.171871,0.000000
152.500000,40.000000,38.756598,0.046578,111.848295,2236.965894,2151.734031,0.038102,410.782163,4983.428993,1122.911375,860.693613,28973.424380,1223.574453,0.000000
152.600000,40.000000,38.761256,0.046287,111.847953,2236.959056,2151.992629,0.037983,409.820960,4968.409804,1119.661661,860.797052,28886.103512,1219.998845,0.000000
152.700000,40.000000,38.765885,0.045998,111.847613,2236.952267,2152.249611,0.037865,408.866362,4953.480900,1116.430644,860.899844,28799.307558,1216.444927,0.000000
152.800000,40.000000,38.770485,0.045710,111.847276,2236.945526,2152.504986,0.037748,407.918328,4938.641795,1113.218235,861.001994,28713.033694,1212.912579,0.000000
152.900000,40.000000,38.775056,0.045424,111.846942,2236.938834,2152.758765,0.037632,406.976815,4923.892006,1110.024343,861.103506,28627.279105,1209.401682,0.000000
153.000000,40.000000,38.779598,0.045140,111.846610,2236.932190,2153.010956,0.037516,406.041783,4909.231050,1106.848881,861.204383,28542.040989,1205.912119,0.000000
153.100000,40.000000,38.784112,0.044858,111.846280,2236.925594,2153.261571,0.037401,405.113190,4894.658447,1103.691758,861.304628,28457.316552,1202.443771,0.000000
153.200000,40.000000,38.788598,0.044577,111.845952,2236.919045,2153.510617,0.037287,404.190995,4880.173718,1100.552886,861.404247,28373.103010,1198.996522,0.000000
153.300000,40.000000,38.793056,0.044298,111.845627,2236.912544,2153.758105,0.037174,403.275158,4865.776385,1097.432176,861.503242,28289.397590,1195.570253,0.000000
153.400000,40.000000,38.797485,0.044021,111.845304,2236.906089,2154.004044,0.037061,402.365637,4851.465975,1094.329539,861.601617,28206.197530,1192.164849,0.000000
153.500000,40.000000,38.801888,0.043745,111.844984,2236.899681,2154.248443,0.036949,401.462394,4837.242013,1091.244887,861.699377,28123.500078,1188.780194,0.000000
153.600000,40.000000,38.806262,0.043471,111.844666,2236.893320,2154.491311,0.036838,400.565387,4823.104029,1088.178132,861.796524,28041.302492,1185.416172,0.000000
153.700000,40.000000,38.810609,0.043199,111.844350,2236.887004,2154.732659,0.036727,399.674576,4809.051551,1085.129186,861.893063,27959.602041,1182.072669,0.000000
153.800000,40.000000,38.814929,0.042928,111.844037,2236.880735,2154.972494,0.036617,398.789922,4795.084113,1082.097962,861.988998,27878.396004,1178.749569,0.000000
153.900000,40.000000,38.819222,0.042659,111.843726,2236.874511,2155.210827,0.036508,397.911386,4781.201247,1079.084370,862.084331,27797.681671,1175.446759,0.000000
154.000000,40.000000,38.823488,0.042392,111.843417,2236.868332,2155.447666,0.036399,397.038927,4767.402491,1076.088325,862.179066,27717.456342,1172.164125,0.000000
154.100000,40.000000,38.827727,0.042126,111.843110,2236.862198,2155.683020,0.036292,396.172507,4753.687381,1073.109739,862.273208,27637.717329,1168.901554,0.000000
154.200000,40.000000,38.831939,0.041862,111.842805,2236.856109,2155.916898,0.036184,395.312086,4740.055456,1070.148525,862.366759,27558.461953,1165.658934,0.000000
154.300000,40.000000,38.836126,0.041599,111.842503,2236.850064,2156.149310,0.036078,394.457627,4726.506258,1067.204596,862.459724,27479.687546,1162.436151,0.000000
154.400000,40.000000,38.840285,0.041338,111.842203,2236.844064,2156.380264,0.035972,393.609089,4713.039330,1064.277866,862.552106,27401.391452,1159.233096,0.000000
154.500000,40.000000,38.844419,0.041079,111.841905,2236.838108,2156.609769,0.035867,392.766435,4699.654216,1061.368249,862.643908,27323.571023,1156.049655,0.000000
154.600000,40.000000,38.848527,0.040821,111.841610,2236.832195,2156.837834,0.035762,391.929627,4686.350464,1058.475658,862.735134,27246.223626,1152.885720,0.000000
154.700000,40.000000,38.852609,0.040564,111.841316,2236.826326,2157.064467,0.035658,391.098626,4673.127621,1055.600007,862.825787,27169.346634,1149.741179,0.000000
154.800000,40.000000,38.856666,0.040310,111.841025,2236.820499,2157.289678,0.035555,390.273395,4659.985239,1052.741211,862.915871,27092.937434,1146.615922,0.000000
154.900000,40.000000,38.860697,0.040057,111.840736,2236.814716,2157.513474,0.035453,389.453896,4646.922869,1049.899185,863.005390,27016.993423,1143.509841,0.000000
155.000000,40.000000,38.864702,0.039805,111.840449,2236.808975,2157.735866,0.035351,388.640092,4633.940066,1047.073843,863.094346,26941.512009,1140.422827,0.000000
155.100000,40.000000,38.868683,0.039555,111.840164,2236.803277,2157.956860,0.035250,387.831945,4621.036385,1044.265101,863.182744,26866.490609,1137.354771,0.000000
155.200000,40.000000,38.872638,0.039306,111.839881,2236.797621,2158.176466,0.035149,387.029418,4608.211384,1041.472874,863.270586,26791.926653,1134.305566,0.000000
155.300000,40.000000,38.876569,0.039059,111.839600,2236.792006,2158.394692,0.035049,386.232475,4595.464624,1038.697077,863.357877,26717.817582,1131.275104,0.000000
155.400000,40.000000,38.880475,0.038814,111.839322,2236.786433,2158.611546,0.034950,385.441078,4582.795666,1035.937626,863.444618,26644.160846,1128.263279,0.000000
155.500000,40.000000,38.884356,0.038570,111.839045,2236.780902,2158.827038,0.034851,384.655191,4570.204072,1033.194438,863.530815,26570.953908,1125.269983,0.000000
155.600000,40.000000,38.888213,0.038327,111.838771,2236.775411,2159.041174,0.034753,383.874779,4557.689409,1030.467428,863.616470,26498.194239,1122.295111,0.000000
155.700000,40.000000,38.892046,0.038086,111.838498,2236.769962,2159.253964,0.034655,383.099804,4545.251244,1027.756514,863.701586,26425.879324,1119.338558,0.000000
155.800000,40.000000,38.895855,0.037847,111.838228,2236.764553,2159.465416,0.034558,382.330231,4532.889145,1025.061611,863.786166,26354.006658,1116.400219,0.000000
155.900000,40.000000,38.899639,0.037609,111.837959,2236.759184,2159.675538,0.034462,381.566024,4520.602684,1022.382638,863.870215,26282.573745,1113.479990,0.000000
156.000000,40.000000,38.903400,0.037372,111.837693,2236.753856,2159.884337,0.034367,380.807148,4508.391434,1019.719511,863.953735,26211.578103,1110.577765,0.000000
156.100000,40.000000,38.907137,0.037137,111.837428,2236.748567,2160.091823,0.034272,380.053568,4496.254968,1017.072148,864.036729,26141.017258,1107.693443,0.000000
156.200000,40.000000,38.910851,0.036903,111.837166,2236.743318,2160.298003,0.034177,379.305247,4484.192865,1014.440467,864.119201,26070.888749,1104.826919,0.000000
156.300000,40.000000,38.914541,0.036671,111.836905,2236.738108,2160.502885,0.034083,378.562151,4472.204702,1011.824387,864.201154,26001.190125,1101.978092,0.000000
156.400000,40.000000,38.918208,0.036440,111.836647,2236.732938,2160.706478,0.033990,377.824246,4460.290059,1009.223825,864.282591,25931.918947,1099.146859,0.000000
156.500000,40.000000,38.921852,0.036210,111.836390,2236.727806,2160.908788,0.033897,377.091497,4448.448519,1006.638700,864.363515,25863.072784,1096.333118,0.000000
156.600000,40.000000,38.925473,0.035982,111.836136,2236.722713,2161.109824,0.033805,376.363869,4436.679666,1004.068931,864.443930,25794.649220,1093.536770,0.000000
156.700000,40.000000,38.929072,0.035755,111.835883,2236.717659,2161.309594,0.033714,375.641329,4424.983086,1001.514437,864.523838,25726.645847,1090.757712,0.000000
156.800000,40.000000,38.932647,0.035530,111.835632,2236.712642,2161.508106,0.033623,374.923841,4413.358366,998.975139,864.603242,25659.060269,1087.995845,0.000000
156.900000,40.000000,38.936200,0.035306,111.835383,2236.707664,2161.705366,0.033532,374.211373,4401.805097,996.450955,864.682147,25591.890100,1085.251069,0.000000
157.000000,40.000000,38.939731,0.035084,111.835136,2236.702723,2161.901384,0.033443,373.503891,4390.322870,993.941805,864.760554,25525.132967,1082.523286,0.000000
157.100000,40.000000,38.943239,0.034863,111.834891,2236.697820,2162.096166,0.033353,372.801361,4378.911279,991.447611,864.838466,25458.786505,1079.812396,0.000000
157.200000,40.000000,38.946725,0.034643,111.834648,2236.692954,2162.289721,0.033265,372.103750,4367.569918,988.968292,864.915888,25392.848362,1077.118301,0.000000
157.300000,40.000000,38.950190,0.034424,111.834406,2236.688125,2162.482055,0.033177,371.411025,4356.298386,986.503770,864.992822,25327.316197,1074.440903,0.000000
157.400000,40.000000,38.953632,0.034207,111.834167,2236.683333,2162.673176,0.033089,370.723153,4345.096281,984.053966,865.069270,25262.187678,1071.780105,0.000000
157.500000,40.000000,38.957053,0.033992,111.833929,2236.678577,2162.863092,0.033002,370.040101,4333.963204,981.618800,865.145237,25197.460485,1069.135811,0.000000
157.600000,40.000000,38.960452,0.033777,111.833693,2236.673858,2163.051810,0.032916,369.361837,4322.898757,979.198195,865.220724,25133.132310,1066.507924,0.000000
157.700000,40.000000,38.963830,0.033564,111.833459,2236.669175,2163.239338,0.032830,368.688328,4311.902547,976.792073,865.295735,25069.200855,1063.896347,0.000000
157.800000,40.000000,38.967186,0.033352,111.833226,2236.664528,2163.425682,0.032745,368.019543,4300.974179,974.400357,865.370273,25005.663830,1061.300987,0.000000
157.900000,40.000000,38.970521,0.033142,111.832996,2236.659916,2163.610851,0.032660,367.355449,4290.113261,972.022967,865.444340,24942.518961,1058.721747,0.000000
158.000000,40.000000,38.973836,0.032933,111.832767,2236.655340,2163.794851,0.032576,366.696015,4279.319405,969.659829,865.517940,24879.763981,1056.158533,0.000000
158.100000,40.000000,38.977129,0.032725,111.832540,2236.650800,2163.977690,0.032492,366.041208,4268.592221,967.310864,865.591076,24817.396636,1053.611252,0.000000
158.200000,40.000000,38.980401,0.032518,111.832315,2236.646294,2164.159375,0.032409,365.390998,4257.931325,964.975997,865.663750,24755.414680,1051.079809,0.000000
158.300000,40.000000,38.983653,0.032313,111.832091,2236.641823,2164.339912,0.032326,364.745353,4247.336331,962.655151,865.735965,24693.815881,1048.564113,0.000000
158.400000,40.000000,38.986884,0.032109,111.831869,2236.637387,2164.519310,0.032244,364.104243,4236.806859,960.348249,865.807724,24632.598016,1046.064069,0.000000
158.500000,40.000000,38.990095,0.031906,111.831649,2236.632985,2164.697574,0.032162,363.467635,4226.342526,958.055217,865.879030,24571.758872,1043.579587,0.000000
158.600000,40.000000,38.993286,0.031704,111.831431,2236.628617,2164.874713,0.032081,362.835501,4215.942955,955.775979,865.949885,24511.296249,1041.110574,0.000000
158.700000,40.000000,38.996456,0.031504,111.831214,2236.624283,2165.050733,0.032001,362.207808,4205.607768,953.510460,866.020293,24451.207956,1038.656939,0.000000
158.800000,40.000000,38.999607,0.031305,111.830999,2236.619983,2165.225640,0.031921,361.584527,4195.336592,951.258585,866.090256,24391.491813,1036.218591,0.000000
158.900000,40.000000,39.002737,0.031107,111.830786,2236.615717,2165.399443,0.031841,360.965628,4185.129052,949.020280,866.159777,24332.145651,1033.795441,0.000000
159.000000,40.000000,39.005848,0.030911,111.830574,2236.611484,2165.572147,0.031762,360.351080,4174.984777,946.795470,866.228859,24273.167311,1031.387398,0.000000
159.100000,40.000000,39.008939,0.030715,111.830364,2236.607284,2165.743760,0.031683,359.740854,4164.903399,944.584082,866.297504,24214.554645,1028.994373,0.000000
159.200000,40.000000,39.012010,0.030521,111.830156,2236.603116,2165.914288,0.031605,359.134920,4154.884549,942.386042,866.365715,24156.305516,1026.616277,0.000000
159.300000,40.000000,39.015062,0.030328,111.829949,2236.598982,2166.083738,0.031528,358.533249,4144.927861,940.201276,866.433495,24098.417797,1024.253021,0.000000
159.400000,40.000000,39.018095,0.030136,111.829744,2236.594880,2166.252117,0.031451,357.935811,4135.032972,938.029712,866.500847,24040.889371,1021.904519,0.000000
159.500000,40.000000,39.021109,0.029946,111.829541,2236.590811,2166.419431,0.031374,357.342578,4125.199519,935.871278,866.567773,23983.718134,1019.570681,0.000000
159.600000,40.000000,39.024103,0.029756,111.829339,2236.586773,2166.585688,0.031298,356.753520,4115.427142,933.725900,866.634275,23926.901989,1017.251421,0.000000
159.700000,40.000000,39.027079,0.029568,111.829138,2236.582768,2166.750892,0.031223,356.168608,4105.715483,931.593506,866.700357,23870.438852,1014.946653,0.000000
159.800000,40.000000,39.030036,0.029381,111.828940,2236.578794,2166.915052,0.031147,355.587815,4096.064184,929.474025,866.766021,23814.326649,1012.656290,0.000000
159.900000,40.000000,39.032974,0.029195,111.828743,2236.574852,2167.078173,0.031073,355.011111,4086.472890,927.367385,866.831269,23758.563315,1010.380246,0.000000
160.000000,40.000000,39.035894,0.029010,111.828547,2236.570941,2167.240263,0.030999,354.438469,4076.941249,925.273516,866.896105,23703.146798,1008.118436,0.000000
160.100000,40.000000,39.038795,0.028827,111.828353,2236.567062,2167.401327,0.030925,353.869860,4067.468909,923.192345,866.960531,23648.075054,1005.870776,0.000000
160.200000,40.000000,39.041677,0.028644,111.828161,2236.563213,2167.561371,0.030852,353.305257,4058.055521,921.123803,867.024549,23593.346051,1003.637181,0.000000
160.300000,40.000000,39.044542,0.028463,111.827970,2236.559395,2167.720403,0.030779,352.744631,4048.700736,919.067820,867.088161,23538.957766,1001.417566,0.000000
160.400000,40.000000,39.047388,0.028283,111.827780,2236.555608,2167.878428,0.030707,352.187956,4039.404208,917.024324,867.151371,23484.908187,999.211849,0.000000
160.500000,40.000000,39.050216,0.028104,111.827593,2236.551851,2168.035453,0.030635,351.635203,4030.165594,914.993247,867.214181,23431.195312,997.019946,0.000000
160.600000,40.000000,39.053027,0.027926,111.827406,2236.548124,2168.191484,0.030563,351.086346,4020.984550,912.974519,867.276594,23377.817151,994.841774,0.000000
160.700000,40.000000,39.055819,0.027749,111.827221,2236.544427,2168.346527,0.030493,350.541358,4011.860736,910.968072,867.338611,23324.771721,992.677252,0.000000
160.800000,40.000000,39.058594,0.027574,111.827038,2236.540760,2168.500589,0.030422,350.000211,4002.793813,908.973835,867.400236,23272.057051,990.526298,0.000000
160.900000,40.000000,39.061352,0.027399,111.826856,2236.537122,2168.653675,0.030352,349.462879,3993.783443,906.991742,867.461470,23219.671181,988.388830,0.000000
161.000000,40.000000,39.064092,0.027225,111.826676,2236.533514,2168.805791,0.030282,348.929336,3984.829291,905.021722,867.522317,23167.612159,986.264767,0.000000
161.100000,40.000000,39.066814,0.027053,111.826497,2236.529936,2168.956944,0.030213,348.399554,3975.931024,903.063710,867.582778,23115.878045,984.154029,0.000000
161.200000,40.000000,39.069519,0.026882,111.826319,2236.526386,2169.107140,0.030145,347.873509,3967.088308,901.117637,867.642856,23064.466909,982.056536,0.000000
161.300000,40.000000,39.072208,0.026711,111.826143,2236.522865,2169.256384,0.030076,347.351173,3958.300815,899.183436,867.702554,23013.376829,979.972208,0.000000
161.400000,40.000000,39.074879,0.026542,111.825969,2236.519373,2169.404683,0.030009,346.832521,3949.568214,897.261039,867.761873,22962.605896,977.900966,0.000000
161.500000,40.000000,39.077533,0.026374,111.825795,2236.515910,2169.552042,0.029941,346.317528,3940.890180,895.350381,867.820817,22912.152209,975.842732,0.000000
161.600000,40.000000,39.080170,0.026207,111.825624,2236.512475,2169.698467,0.029874,345.806167,3932.266387,893.451395,867.879387,22862.013876,973.797427,0.000000
161.700000,40.000000,39.082791,0.026041,111.825453,2236.509068,2169.843965,0.029808,345.298413,3923.696511,891.564014,867.937586,22812.189018,971.764972,0.000000
161.800000,40.000000,39.085395,0.025876,111.825284,2236.505689,2169.988540,0.029742,344.794242,3915.180231,889.688173,867.995416,22762.675763,969.745291,0.000000
161.900000,40.000000,39.087983,0.025712,111.825117,2236.502338,2170.132199,0.029676,344.293627,3906.717227,887.823807,868.052880,22713.472252,967.738307,0.000000
162.000000,40.000000,39.090554,0.025549,111.824951,2236.499014,2170.274948,0.029611,343.796544,3898.307181,885.970850,868.109979,22664.576631,965.743942,0.000000
162.100000,40.000000,39.093109,0.025387,111.824786,2236.495718,2170.416791,0.029546,343.302969,3889.949775,884.129237,868.166717,22615.987061,963.762121,0.000000
162.200000,40.000000,39.095647,0.025226,111.824622,2236.492450,2170.557736,0.029481,342.812876,3881.644694,882.298905,868.223094,22567.701710,961.792767,0.000000
162.300000,40.000000,39.098170,0.025066,111.824460,2236.489208,2170.697787,0.029417,342.326242,3873.391626,880.479788,868.279115,22519.718756,959.835806,0.000000
162.400000,40.000000,39.100676,0.024907,111.824300,2236.485994,2170.836949,0.029354,341.843041,3865.190259,878.671822,868.334780,22472.036387,957.891162,0.000000
162.500000,40.000000,39.103167,0.024749,111.824140,2236.482806,2170.975230,0.029290,341.363250,3857.040282,876.874944,868.390092,22424.652800,955.958761,0.000000
162.600000,40.000000,39.105642,0.024592,111.823982,2236.479645,2171.112633,0.029228,340.886845,3848.941387,875.089091,868.445053,22377.566203,954.038528,0.000000
162.700000,40.000000,39.108101,0.024436,111.823826,2236.476511,2171.249165,0.029165,340.413803,3840.893268,873.314199,868.499666,22330.774813,952.130390,0.000000
162.800000,40.000000,39.110545,0.024281,111.823670,2236.473402,2171.384832,0.029103,339.944098,3832.895619,871.550206,868.553933,22284.276856,950.234273,0.000000
162.900000,40.000000,39.112973,0.024127,111.823516,2236.470320,2171.519637,0.029042,339.477709,3824.948138,869.797049,868.607855,22238.070567,948.350104,0.000000
163.000000,40.000000,39.115385,0.023974,111.823363,2236.467264,2171.653588,0.028980,339.014610,3817.050521,868.054666,868.661435,22192.154193,946.477812,0.000000
163.100000,40.000000,39.117783,0.023822,111.823212,2236.464234,2171.786689,0.028920,338.554781,3809.202470,866.322995,868.714675,22146.525988,944.617323,0.000000
163.200000,40.000000,39.120165,0.023671,111.823061,2236.461229,2171.918945,0.028859,338.098196,3801.403685,864.601974,868.767578,22101.184217,942.768566,0.000000
163.300000,40.000000,39.122532,0.023520,111.822912,2236.458250,2172.050362,0.028799,337.644834,3793.653870,862.891543,868.820145,22056.127153,940.931469,0.000000
163.400000,40.000000,39.124884,0.023371,111.822765,2236.455296,2172.180946,0.028739,337.194671,3785.952730,861.191639,868.872378,22011.353079,939.105962,0.000000
163.500000,40.000000,39.127221,0.023223,111.822618,2236.452367,2172.310700,0.028680,336.747686,3778.299970,859.502203,868.924280,21966.860288,937.291974,0.000000
163.600000,40.000000,39.129544,0.023075,111.822473,2236.449464,2172.439632,0.028621,336.303855,3770.695298,857.823174,868.975853,21922.647082,935.489435,0.000000
163.700000,40.000000,39.131851,0.022929,111.822329,2236.446585,2172.567745,0.028563,335.863156,3763.138425,856.154491,869.027098,21878.711771,933.698275,0.000000
163.800000,40.000000,39.134144,0.022784,111.822187,2236.443731,2172.695045,0.028504,335.425567,3755.629060,854.496096,869.078018,21835.052675,931.918424,0.000000
163.900000,40.000000,39.136422,0.022639,111.822045,2236.440901,2172.821537,0.028447,334.991067,3748.166917,852.847928,869.128615,21791.668125,930.149813,0.000000
164.000000,40.000000,39.138686,0.022495,111.821905,2236.438096,2172.947227,0.028389,334.559632,3740.751711,851.209928,869.178891,21748.556458,928.392375,0.000000
164.100000,40.000000,39.140936,0.022352,111.821766,2236.435315,2173.072118,0.028332,334.131242,3733.383156,849.582037,869.228847,21705.716022,926.646040,0.000000
164.200000,40.000000,39.143171,0.022210,111.821628,2236.432558,2173.196217,0.028276,333.705875,3726.060970,847.964196,869.278487,21663.145175,924.910741,0.000000
164.300000,40.000000,39.145392,0.022069,111.821491,2236.429825,2173.319527,0.028219,333.283510,3718.784872,846.356348,869.327811,21620.842280,923.186411,0.000000
164.400000,40.000000,39.147599,0.021929,111.821356,2236.427116,2173.442055,0.028163,332.864124,3711.554583,844.758433,869.376822,21578.805715,921.472981,0.000000
164.500000,40.000000,39.149792,0.021790,111.821222,2236.424431,2173.563805,0.028108,332.447698,3704.369824,843.170395,869.425522,21537.033861,919.770387,0.000000
164.600000,40.000000,39.151971,0.021652,111.821088,2236.421769,2173.684782,0.028052,332.034210,3697.230319,841.592175,869.473913,21495.525113,918.078560,0.000000
164.700000,40.000000,39.154136,0.021514,111.820957,2236.419130,2173.804991,0.027997,331.623638,3690.135794,840.023716,869.521996,21454.277870,916.397435,0.000000
164.800000,40.000000,39.156288,0.021378,111.820826,2236.416515,2173.924436,0.027943,331.215964,3683.085974,838.464962,869.569774,21413.290545,914.726947,0.000000
164.900000,40.000000,39.158425,0.021242,111.820696,2236.413922,2174.043123,0.027889,330.811165,3676.080588,836.915855,869.617249,21372.561556,913.067030,0.000000
165.000000,40.000000,39.160550,0.021107,111.820568,2236.411353,2174.161056,0.027835,330.409221,3669.119365,835.376340,869.664422,21332.089331,911.417620,0.000000
165.100000,40.000000,39.162660,0.020973,111.820440,2236.408806,2174.278240,0.027781,330.010113,3662.202037,833.846360,869.711296,21291.872307,909.778652,0.000000
165.200000,40.000000,39.164757,0.020840,111.820314,2236.406282,2174.394680,0.027728,329.613819,3655.328336,832.325859,869.757872,21251.908930,908.150062,0.000000
165.300000,40.000000,39.166841,0.020707,111.820189,2236.403781,2174.510380,0.027675,329.220321,3648.497996,830.814783,869.804152,21212.197653,906.531785,0.000000
165.400000,40.000000,39.168912,0.020576,111.820065,2236.401301,2174.625346,0.027623,328.829597,3641.710754,829.313074,869.850138,21172.736941,904.923760,0.000000
165.500000,40.000000,39.170970,0.020445,111.819942,2236.398844,2174.739581,0.027571,328.441629,3634.966345,827.820679,869.895832,21133.525263,903.325922,0.000000
165.600000,40.000000,39.173014,0.020315,111.819820,2236.396409,2174.853090,0.027519,328.056396,3628.264509,826.337543,869.941236,21094.561101,901.738209,0.000000
165.700000,40.000000,39.175046,0.020186,111.819700,2236.393996,2174.965878,0.027467,327.673879,3621.604986,824.863612,869.986351,21055.842942,900.160559,0.000000
165.800000,40.000000,39.177064,0.020058,111.819580,2236.391605,2175.077950,0.027416,327.294059,3614.987517,823.398830,870.031180,21017.369284,898.592909,0.000000
165.900000,40.000000,39.179070,0.019930,111.819462,2236.389235,2175.189310,0.027366,326.916916,3608.411845,821.943145,870.075724,20979.138633,897.035199,0.000000
166.000000,40.000000,39.181063,0.019804,111.819344,2236.386887,2175.299962,0.027315,326.542432,3601.877714,820.496503,870.119985,20941.149501,895.487366,0.000000
166.100000,40.000000,39.183044,0.019678,111.819228,2236.384560,2175.409912,0.027265,326.170587,3595.384871,819.058850,870.163965,20903.400413,893.949351,0.000000
166.200000,40.000000,39.185011,0.019553,111.819113,2236.382254,2175.519162,0.027215,325.801363,3588.933062,817.630134,870.207665,20865.889898,892.421092,0.000000
166.300000,40.000000,39.186967,0.019429,111.818998,2236.379970,2175.627719,0.027165,325.434740,3582.522037,816.210302,870.251087,20828.616495,890.902529,0.000000
166.400000,40.000000,39.188910,0.019305,111.818885,2236.377706,2175.735585,0.027116,325.070701,3576.151545,814.799300,870.294234,20791.578752,889.393603,0.000000
166.500000,40.000000,39.190840,0.019183,111.818773,2236.375463,2175.842766,0.027067,324.709227,3569.821339,813.397078,870.337107,20754.775225,887.894253,0.000000
166.600000,40.000000,39.192758,0.019061,111.818662,2236.373241,2175.949267,0.027019,324.350299,3563.531170,812.003582,870.379707,20718.204476,886.404421,0.000000
166.700000,40.000000,39.194664,0.018940,111.818552,2236.371040,2176.055090,0.026970,323.993899,3557.280793,810.618762,870.422036,20681.865078,884.924048,0.000000
166.800000,40.000000,39.196558,0.018819,111.818443,2236.368859,2176.160241,0.026922,323.640010,3551.069965,809.242566,870.464096,20645.755611,883.453076,0.000000
166.900000,40.000000,39.198440,0.018700,111.818335,2236.366698,2176.264723,0.026875,323.288612,3544.898442,807.874942,870.505889,20609.874663,881.991446,0.000000
167.000000,40.000000,39.200310,0.018581,111.818228,2236.364558,2176.368542,0.026827,322.939689,3538.765983,806.515840,870.547417,20574.220830,880.539100,0.000000
167.100000,40.000000,39.202168,0.018463,111.818122,2236.362437,2176.471700,0.026780,322.593223,3532.672347,805.165210,870.588680,20538.792717,879.095981,0.000000
167.200000,40.000000,39.204015,0.018345,111.818017,2236.360337,2176.574203,0.026734,322.249196,3526.617297,803.823000,870.629681,20503.588935,877.662032,0.000000
167.300000,40.000000,39.205849,0.018229,111.817913,2236.358256,2176.676055,0.026687,321.907591,3520.600594,802.489162,870.670422,20468.608105,876.237196,0.000000
167.400000,40.000000,39.207672,0.018113,111.817810,2236.356195,2176.777259,0.026641,321.568390,3514.622003,801.163644,870.710904,20433.848855,874.821417,0.000000
167.500000,40.000000,39.209483,0.017998,111.817708,2236.354153,2176.877820,0.026595,321.231576,3508.681289,799.846398,870.751128,20399.309820,873.414638,0.000000
167.600000,40.000000,39.211283,0.017883,111.817607,2236.352131,2176.977742,0.026550,320.897132,3502.778219,798.537374,870.791097,20364.989644,872.016804,0.000000
167.700000,40.000000,39.213071,0.017770,111.817506,2236.350128,2177.077028,0.026504,320.565041,3496.912561,797.236523,870.830811,20330.886980,870.627859,0.000000
167.800000,40.000000,39.214848,0.017657,111.817407,2236.348145,2177.175684,0.026459,320.235286,3491.084084,795.943796,870.870274,20297.000486,869.247748,0.000000
167.900000,40.000000,39.216614,0.017544,111.817309,2236.346180,2177.273712,0.026415,319.907851,3485.292559,794.659146,870.909485,20263.328829,867.876416,0.000000
168.000000,40.000000,39.218368,0.017433,111.817212,2236.344235,2177.371117,0.026370,319.582718,3479.537758,793.382523,870.948447,20229.870684,866.513809,0.000000
168.100000,40.000000,39.220112,0.017322,111.817115,2236.342308,2177.467903,0.026326,319.259872,3473.819454,792.113879,870.987161,20196.624733,865.159873,0.000000
168.200000,40.000000,39.221844,0.017212,111.817020,2236.340400,2177.564074,0.026282,318.939295,3468.137423,790.853168,871.025630,20163.589667,863.814552,0.000000
168.300000,40.000000,39.223565,0.017103,111.816926,2236.338510,2177.659634,0.026239,318.620972,3462.491439,789.600341,871.063853,20130.764183,862.477795,0.000000
168.400000,40.000000,39.225275,0.016994,111.816832,2236.336639,2177.754586,0.026196,318.304887,3456.881281,788.355351,871.101834,20098.146985,861.149548,0.000000
168.500000,40.000000,39.226975,0.016886,111.816739,2236.334786,2177.848934,0.026153,317.991023,3451.306727,787.118152,871.139574,20065.736788,859.829757,0.000000
168.600000,40.000000,39.228663,0.016778,111.816648,2236.332952,2177.942682,0.026110,317.679364,3445.767557,785.888695,871.177073,20033.532310,858.518371,0.000000
168.700000,40.000000,39.230341,0.016672,111.816557,2236.331135,2178.035835,0.026067,317.369895,3440.263552,784.666937,871.214334,20001.532279,857.215336,0.000000
168.800000,40.000000,39.232008,0.016566,111.816467,2236.329337,2178.128395,0.026025,317.062600,3434.794494,783.452828,871.251358,19969.735430,855.920602,0.000000
168.900000,40.000000,39.233665,0.016460,111.816378,2236.327557,2178.220367,0.025983,316.757464,3429.360167,782.246325,871.288147,19938.140506,854.634115,0.000000
169.000000,40.000000,39.235311,0.016356,111.816290,2236.325794,2178.311754,0.025942,316.454470,3423.960356,781.047381,871.324702,19906.746256,853.355825,0.000000
169.100000,40.000000,39.236947,0.016252,111.816202,2236.324049,2178.402560,0.025900,316.153603,3418.594847,779.855951,871.361024,19875.551437,852.085681,0.000000
169.200000,40.000000,39.238572,0.016149,111.816116,2236.322321,2178.492789,0.025859,315.854849,3413.263428,778.671989,871.397116,19844.554813,850.823632,0.000000
169.300000,40.000000,39.240187,0.016046,111.816031,2236.320611,2178.582444,0.025818,315.558191,3407.965887,777.495451,871.432978,19813.755155,849.569627,0.000000
169.400000,40.000000,39.241791,0.015944,111.815946,2236.318918,2178.671530,0.025778,315.263616,3402.702014,776.326291,871.468612,19783.151243,848.323617,0.000000
169.500000,40.000000,39.243386,0.015842,111.815862,2236.317243,2178.760048,0.025737,314.971107,3397.471600,775.164466,871.504019,19752.741861,847.085550,0.000000
169.600000,40.000000,39.244970,0.015742,111.815779,2236.315584,2178.848005,0.025697,314.680651,3392.274438,774.009931,871.539202,19722.525803,845.855379,0.000000
169.700000,40.000000,39.246544,0.015642,111.815697,2236.313943,2178.935401,0.025658,314.392232,3387.110321,772.862642,871.574161,19692.501868,844.633053,0.000000
169.800000,40.000000,39.248108,0.015542,111.815616,2236.312319,2179.022243,0.025618,314.105836,3381.979045,771.722555,871.608897,19662.668864,843.418523,0.000000
169.900000,40.000000,39.249662,0.015443,111.815536,2236.310711,2179.108532,0.025579,313.821448,3376.880404,770.589628,871.643413,19633.025604,842.211741,0.000000
170.000000,40.000000,39.251207,0.015345,111.815456,2236.309120,2179.194272,0.025540,313.539054,3371.814196,769.463815,871.677709,19603.570909,841.012658,0.000000
170.100000,40.000000,39.252741,0.015248,111.815377,2236.307545,2179.279468,0.025501,313.258639,3366.780220,768.345076,871.711787,19574.303607,839.821227,0.000000
170.200000,40.000000,39.254266,0.015151,111.815299,2236.305987,2179.364122,0.025462,312.980189,3361.778276,767.233366,871.745649,19545.222533,838.637398,0.000000
170.300000,40.000000,39.255781,0.015054,111.815222,2236.304445,2179.448237,0.025424,312.703691,3356.808163,766.128643,871.779295,19516.326529,837.461126,0.000000
170.400000,40.000000,39.257287,0.014959,111.815146,2236.302920,2179.531818,0.025386,312.429129,3351.869684,765.030865,871.812727,19487.614442,836.292362,0.000000
170.500000,40.000000,39.258782,0.014864,111.815071,2236.301411,2179.614868,0.025348,312.156491,3346.962642,763.939990,871.845947,19459.085129,835.131059,0.000000
170.600000,40.000000,39.260269,0.014769,111.814996,2236.299917,2179.697389,0.025311,311.885763,3342.086841,762.855976,871.878956,19430.737451,833.977172,0.000000
170.700000,40.000000,39.261746,0.014675,111.814922,2236.298440,2179.779386,0.025273,311.616929,3337.242087,761.778781,871.911755,19402.570276,832.830652,0.000000
170.800000,40.000000,39.263213,0.014582,111.814849,2236.296979,2179.860862,0.025236,311.349978,3332.428187,760.708364,871.944345,19374.582481,831.691455,0.000000
170.900000,40.000000,39.264671,0.014489,111.814777,2236.295533,2179.941820,0.025200,311.084896,3327.644947,759.644683,871.976728,19346.772947,830.559534,0.000000
171.000000,40.000000,39.266120,0.014397,111.814705,2236.294103,2180.022263,0.025163,310.821668,3322.892177,758.587699,872.008905,19319.140563,829.434843,0.000000
171.100000,40.000000,39.267560,0.014306,111.814634,2236.292688,2180.102195,0.025127,310.560282,3318.169687,757.537369,872.040878,19291.684225,828.317338,0.000000
171.200000,40.000000,39.268991,0.014215,111.814564,2236.291289,2180.181618,0.025091,310.300725,3313.477287,756.493655,872.072647,19264.402834,827.206973,0.000000
171.300000,40.000000,39.270412,0.014124,111.814495,2236.289905,2180.260537,0.025055,310.042983,3308.814791,755.456514,872.104215,19237.295298,826.103704,0.000000
171.400000,40.000000,39.271825,0.014035,111.814427,2236.288537,2180.338954,0.025019,309.787043,3304.182012,754.425908,872.135582,19210.360533,825.007485,0.000000
171.500000,40.000000,39.273228,0.013945,111.814359,2236.287183,2180.416872,0.024984,309.532893,3299.578763,753.401797,872.166749,19183.597459,823.918274,0.000000
171.600000,40.000000,39.274623,0.013857,111.814292,2236.285845,2180.494296,0.024948,309.280519,3295.004861,752.384140,872.197718,19157.005005,822.836025,0.000000
171.700000,40.000000,39.276008,0.013769,111.814226,2236.284522,2180.571227,0.024913,309.029909,3290.460122,751.372900,872.228491,19130.582104,821.760695,0.000000
171.800000,40.000000,39.277385,0.013681,111.814161,2236.283213,2180.647669,0.024879,308.781050,3285.944364,750.368035,872.259068,19104.327697,820.692240,0.000000
171.900000,40.000000,39.278753,0.013594,111.814096,2236.281920,2180.723625,0.024844,308.533929,3281.457406,749.369509,872.289450,19078.240732,819.630618,0.000000
172.000000,40.000000,39.280113,0.013508,111.814032,2236.280640,2180.799099,0.024810,308.288534,3276.999067,748.377281,872.319640,19052.320159,818.575785,0.000000
172.100000,40.000000,39.281463,0.013422,111.813969,2236.279376,2180.874093,0.024776,308.044853,3272.569170,747.391314,872.349637,19026.564941,817.527699,0.000000
172.200000,40.000000,39.282806,0.013337,111.813906,2236.278126,2180.948610,0.024742,307.802873,3268.167535,746.411568,872.379444,19000.974040,816.486318,0.000000
172.300000,40.000000,39.284139,0.013252,111.813845,2236.276890,2181.022653,0.024708,307.562583,3263.793986,745.438007,872.409061,18975.546430,815.451598,0.000000
172.400000,40.000000,39.285464,0.013168,111.813783,2236.275669,2181.096226,0.024675,307.323969,3259.448347,744.470593,872.438491,18950.281089,814.423499,0.000000
172.500000,40.000000,39.286781,0.013084,111.813723,2236.274462,2181.169332,0.024641,307.087020,3255.130444,743.509287,872.467733,18925.177000,813.401978,0.000000
172.600000,40.000000,39.288090,0.013001,111.813663,2236.273269,2181.241973,0.024608,306.851724,3250.840102,742.554052,872.496789,18900.233153,812.386995,0.000000
172.700000,40.000000,39.289390,0.012918,111.813605,2236.272090,2181.314152,0.024576,306.618069,3246.577150,741.604852,872.525661,18875.448544,811.378507,0.000000
172.800000,40.000000,39.290681,0.012836,111.813546,2236.270925,2181.385872,0.024543,306.386043,3242.341414,740.661649,872.554349,18850.822176,810.376475,0.000000
172.900000,40.000000,39.291965,0.012755,111.813489,2236.269774,2181.457137,0.024511,306.155634,3238.132726,739.724406,872.582855,18826.353057,809.380857,0.000000
173.000000,40.000000,39.293240,0.012673,111.813432,2236.268637,2181.527949,0.024479,305.926832,3233.950915,738.793087,872.611180,18802.040201,808.391613,0.000000
173.100000,40.000000,39.294508,0.012593,111.813376,2236.267513,2181.598311,0.024447,305.699624,3229.795812,737.867656,872.639324,18777.882628,807.408703,0.000000
173.200000,40.000000,39.295767,0.012513,111.813320,2236.266403,2181.668226,0.024415,305.473999,3225.667251,736.948076,872.667290,18753.879364,806.432088,0.000000
173.300000,40.000000,39.297018,0.012433,111.813265,2236.265306,2181.737697,0.024383,305.249945,3221.565064,736.034312,872.695079,18730.029441,805.461726,0.000000
173.400000,40.000000,39.298262,0.012354,111.813211,2236.264223,2181.806726,0.024352,305.027452,3217.489086,735.126328,872.722691,18706.331896,804.497579,0.000000
173.500000,40.000000,39.299497,0.012276,111.813158,2236.263153,2181.875317,0.024321,304.806508,3213.439153,734.224087,872.750127,18682.785772,803.539609,0.000000
173.600000,40.000000,39.300725,0.012198,111.813105,2236.262096,2181.943472,0.024290,304.587102,3209.415101,733.327556,872.777389,18659.390120,802.587774,0.000000
173.700000,40.000000,39.301945,0.012120,111.813053,2236.261053,2182.011194,0.024259,304.369223,3205.416767,732.436699,872.804478,18636.143993,801.642038,0.000000
173.800000,40.000000,39.303157,0.012043,111.813001,2236.260023,2182.078486,0.024229,304.152859,3201.443990,731.551481,872.831394,18613.046453,800.702362,0.000000
173.900000,40.000000,39.304361,0.011967,111.812950,2236.259005,2182.145351,0.024198,303.938001,3197.496609,730.671866,872.858140,18590.096566,799.768706,0.000000
174.000000,40.000000,39.305558,0.011891,111.812900,2236.258001,2182.211790,0.024168,303.724638,3193.574465,729.797822,872.884716,18567.293403,798.841035,0.000000
174.100000,40.000000,39.306747,0.011815,111.812850,2236.257009,2182.277808,0.024138,303.512757,3189.677399,728.929313,872.911123,18544.636043,797.919308,0.000000
174.200000,40.000000,39.307928,0.011740,111.812801,2236.256030,2182.343406,0.024108,303.302350,3185.805254,728.066306,872.937363,18522.123568,797.003490,0.000000
174.300000,40.000000,39.309102,0.011666,111.812753,2236.255064,2182.408588,0.024079,303.093405,3181.957872,727.208766,872.963435,18499.755068,796.093542,0.000000
174.400000,40.000000,39.310269,0.011592,111.812705,2236.254110,2182.473356,0.024049,302.885912,3178.135097,726.356660,872.989342,18477.529636,795.189427,0.000000
174.500000,40.000000,39.311428,0.011518,111.812658,2236.253169,2182.537713,0.024020,302.679860,3174.336776,725.509954,873.015085,18455.446372,794.291110,0.000000
174.600000,40.000000,39.312580,0.011445,111.812612,2236.252240,2182.601660,0.023991,302.475240,3170.562753,724.668615,873.040664,18433.504381,793.398552,0.000000
174.700000,40.000000,39.313724,0.011372,111.812566,2236.251324,2182.665202,0.023962,302.272040,3166.812877,723.832610,873.066081,18411.702774,792.511718,0.000000
174.800000,40.000000,39.314862,0.011300,111.812521,2236.250419,2182.728341,0.023934,302.070251,3163.086995,723.001905,873.091336,18390.040667,791.630572,0.000000
174.900000,40.000000,39.315992,0.011228,111.812476,2236.249527,2182.791078,0.023905,301.869863,3159.384955,722.176469,873.116431,18368.517181,790.755077,0.000000
175.000000,40.000000,39.317115,0.011157,111.812432,2236.248647,2182.853417,0.023877,301.670866,3155.706608,721.356269,873.141367,18347.131443,789.885198,0.000000
175.100000,40.000000,39.318230,0.011086,111.812389,2236.247780,2182.915360,0.023849,301.473248,3152.051805,720.541271,873.166144,18325.882585,789.020899,0.000000
175.200000,40.000000,39.319339,0.011016,111.812346,2236.246924,2182.976910,0.023821,301.277002,3148.420396,719.731445,873.190764,18304.769744,788.162145,0.000000
175.300000,40.000000,39.320440,0.010946,111.812304,2236.246080,2183.038070,0.023793,301.082116,3144.812235,718.926758,873.215228,18283.792063,787.308900,0.000000
175.400000,40.000000,39.321535,0.010876,111.812262,2236.245247,2183.098841,0.023766,300.888582,3141.227175,718.127177,873.239536,18262.948689,786.461131,0.000000
175.500000,40.000000,39.322623,0.010807,111.812221,2236.244427,2183.159226,0.023739,300.696389,3137.665070,717.332673,873.263691,18242.238776,785.618801,0.000000
175.600000,40.000000,39.323703,0.010739,111.812181,2236.243618,2183.219228,0.023711,300.505528,3134.125775,716.543213,873.287691,18221.661482,784.781878,0.000000
175.700000,40.000000,39.324777,0.010671,111.812141,2236.242821,2183.278850,0.023684,300.315989,3130.609147,715.758766,873.311540,18201.215969,783.950326,0.000000
175.800000,40.000000,39.325844,0.010603,111.812102,2236.242035,2183.338093,0.023658,300.127763,3127.115042,714.979300,873.335237,18180.901407,783.124112,0.000000
175.900000,40.000000,39.326905,0.010536,111.812063,2236.241260,2183.396960,0.023631,299.940841,3123.643319,714.204786,873.358784,18160.716968,782.303201,0.000000
176.000000,40.000000,39.327958,0.010469,111.812025,2236.240497,2183.455453,0.023604,299.755213,3120.193835,713.435192,873.382181,18140.661832,781.487560,0.000000
176.100000,40.000000,39.329005,0.010402,111.811987,2236.239745,2183.513575,0.023578,299.570869,3116.766451,712.670488,873.405430,18120.735181,780.677156,0.000000
176.200000,40.000000,39.330045,0.010336,111.811950,2236.239005,2183.571329,0.023552,299.387802,3113.361027,711.910643,873.428532,18100.936204,779.871956,0.000000
176.300000,40.000000,39.331079,0.010271,111.811914,2236.238275,2183.628716,0.023526,299.206001,3109.977424,711.155628,873.451486,18081.264095,779.071926,0.000000
176.400000,40.000000,39.332106,0.010206,111.811878,2236.237557,2183.685739,0.023500,299.025457,3106.615505,710.405412,873.474296,18061.718052,778.277034,0.000000
176.500000,40.000000,39.333127,0.010141,111.811842,2236.236850,2183.742401,0.023474,298.846162,3103.275132,709.659966,873.496960,18042.297278,777.487247,0.000000
176.600000,40.000000,39.334141,0.010077,111.811808,2236.236153,2183.798702,0.023449,298.668107,3099.956169,708.919259,873.519481,18023.000982,776.702532,0.000000
176.700000,40.000000,39.335149,0.010013,111.811773,2236.235467,2183.854647,0.023424,298.491282,3096.658481,708.183263,873.541859,18003.828376,775.922858,0.000000
176.800000,40.000000,39.336150,0.009949,111.811740,2236.234793,2183.910237,0.023399,298.315680,3093.381933,707.451948,873.564095,17984.778679,775.148193,0.000000
176.900000,40.000000,39.337145,0.009886,111.811706,2236.234128,2183.965475,0.023374,298.141290,3090.126391,706.725285,873.586190,17965.851113,774.378504,0.000000
177.000000,40.000000,39.338133,0.009823,111.811674,2236.233475,2184.020362,0.023349,297.968105,3086.891724,706.003245,873.608145,17947.044905,773.613761,0.000000
177.100000,40.000000,39.339116,0.009761,111.811642,2236.232832,2184.074901,0.023324,297.796116,3083.677798,705.285800,873.629960,17928.359288,772.853931,0.000000
177.200000,40.000000,39.340092,0.009699,111.811610,2236.232200,2184.129095,0.023300,297.625315,3080.484482,704.572920,873.651638,17909.793499,772.098984,0.000000
177.300000,40.000000,39.341062,0.009638,111.811579,2236.231578,2184.182944,0.023275,297.455693,3077.311646,703.864578,873.673178,17891.346778,771.348888,0.000000
177.400000,40.000000,39.342026,0.009577,111.811548,2236.230966,2184.236453,0.023251,297.287241,3074.159160,703.160745,873.694581,17873.018373,770.603614,0.000000
177.500000,40.000000,39.342983,0.009516,111.811518,2236.230365,2184.289622,0.023227,297.119951,3071.026896,702.461393,873.715849,17854.807535,769.863129,0.000000
177.600000,40.000000,39.343935,0.009456,111.811489,2236.229774,2184.342454,0.023203,296.953815,3067.914725,701.766493,873.736982,17836.713518,769.127404,0.000000
177.700000,40.000000,39.344880,0.009396,111.811460,2236.229193,2184.394951,0.023179,296.788825,3064.822520,701.076020,873.757981,17818.735582,768.396408,0.000000
177.800000,40.000000,39.345820,0.009336,111.811431,2236.228622,2184.447116,0.023156,296.624973,3061.750155,700.389943,873.778846,17800.872994,767.670112,0.000000
177.900000,40.000000,39.346754,0.009277,111.811403,2236.228061,2184.498950,0.023132,296.462249,3058.697503,699.708238,873.799580,17783.125020,766.948485,0.000000
178.000000,40.000000,39.347681,0.009218,111.811376,2236.227510,2184.550456,0.023109,296.300648,3055.664441,699.030875,873.820182,17765.490936,766.231498,0.000000
178.100000,40.000000,39.348603,0.009160,111.811348,2236.226970,2184.601635,0.023086,296.140159,3052.650843,698.357828,873.840654,17747.970019,765.519121,0.000000
178.200000,40.000000,39.349519,0.009102,111.811322,2236.226439,2184.652490,0.023063,295.980776,3049.656587,697.689070,873.860996,17730.561552,764.811325,0.000000
178.300000,40.000000,39.350429,0.009044,111.811296,2236.225917,2184.703023,0.023040,295.822491,3046.681549,697.024575,873.881209,17713.264822,764.108081,0.000000
178.400000,40.000000,39.351334,0.008987,111.811270,2236.225406,2184.753235,0.023017,295.665295,3043.725609,696.364315,873.901294,17696.079121,763.409360,0.000000
178.500000,40.000000,39.352232,0.008930,111.811245,2236.224904,2184.803130,0.022995,295.509182,3040.788644,695.708264,873.921252,17679.003743,762.715132,0.000000
178.600000,40.000000,39.353125,0.008873,111.811221,2236.224412,2184.852709,0.022973,295.354142,3037.870534,695.056396,873.941084,17662.037990,762.025371,0.000000
178.700000,40.000000,39.354013,0.008817,111.811196,2236.223929,2184.901974,0.022950,295.200170,3034.971160,694.408684,873.960789,17645.181165,761.340046,0.000000
178.800000,40.000000,39.354894,0.008761,111.811173,2236.223456,2184.950926,0.022928,295.047256,3032.090403,693.765104,873.980371,17628.432577,760.659130,0.000000
178.900000,40.000000,39.355771,0.008706,111.811150,2236.222992,2184.999569,0.022906,294.895394,3029.228145,693.125628,873.999828,17611.791541,759.982595,0.000000
179.000000,40.000000,39.356641,0.008651,111.811127,2236.222537,2185.047904,0.022884,294.744576,3026.384268,692.490231,874.019162,17595.257371,759.310413,0.000000
179.100000,40.000000,39.357506,0.008596,111.811105,2236.222092,2185.095933,0.022863,294.594795,3023.558655,691.858888,874.038373,17578.829391,758.642556,0.000000
179.200000,40.000000,39.358366,0.008542,111.811083,2236.221656,2185.143658,0.022841,294.446043,3020.751191,691.231574,874.057463,17562.506926,757.978996,0.000000
179.300000,40.000000,39.359220,0.008488,111.811061,2236.221230,2185.191080,0.022820,294.298313,3017.961761,690.608262,874.076432,17546.289306,757.319707,0.000000
179.400000,40.000000,39.360069,0.008434,111.811041,2236.220812,2185.238203,0.022799,294.151597,3015.190249,689.988929,874.095281,17530.175865,756.664661,0.000000
179.500000,40.000000,39.360912,0.008381,111.811020,2236.220403,2185.285027,0.022777,294.005890,3012.436542,689.373548,874.114011,17514.165940,756.013830,0.000000
179.600000,40.000000,39.361750,0.008328,111.811000,2236.220004,2185.331555,0.022756,293.861182,3009.700526,688.762096,874.132622,17498.258875,755.367189,0.000000
179.700000,40.000000,39.362583,0.008275,111.810981,2236.219613,2185.377789,0.022736,293.717468,3006.982091,688.154548,874.151116,17482.454015,754.724710,0.000000
179.800000,40.000000,39.363411,0.008223,111.810962,2236.219231,2185.423730,0.022715,293.574740,3004.281122,687.550879,874.169492,17466.750711,754.086366,0.000000
179.900000,40.000000,39.364233,0.008170,111.810943,2236.218858,2185.469381,0.022694,293.432991,3001.597511,686.951064,874.187752,17451.148318,753.452133,0.000000
180.000000,40.000000,39.365050,0.008119,111.810925,2236.218494,2185.514743,0.022674,293.292214,2998.931145,686.355081,874.205897,17435.646193,752.821982,0.000000
180.100000,39.966667,39.365862,0.005994,111.715038,2234.300766,2185.559818,0.021815,287.547734,2889.294449,661.276545,874.223927,16798.223538,726.339177,0.000000
180.200000,39.933333,39.366461,0.003873,111.619170,2232.383396,2185.593097,0.020960,281.941548,2779.842192,636.235753,874.237239,16161.873211,699.953430,0.000000
180.300000,39.900000,39.366848,0.001755,111.523319,2230.466382,2185.614599,0.020109,276.479400,2670.580487,611.234518,874.245840,15526.630737,673.665948,0.000000
180.400000,39.866667,39.367024,-0.000358,111.427486,2228.549725,2185.624345,0.019262,271.167257,2561.515317,586.274621,874.249738,14892.530915,647.477901,0.000000
180.500000,39.833333,39.366988,-0.002468,111.331671,2226.633423,2185.622356,0.018418,266.011298,2452.652545,561.357812,874.248942,14259.607821,621.390423,0.000000
180.600000,39.800000,39.366741,-0.004574,111.235874,2224.717478,2185.608654,0.017579,261.017902,2343.997908,536.485810,874.243462,13627.894815,595.404618,0.000000
180.700000,39.766667,39.366284,-0.006675,111.140094,2222.801888,2185.583261,0.016744,256.193627,2235.557021,511.660305,874.233304,12997.424539,569.521551,0.000000
180.800000,39.733333,39.365616,-0.008773,111.044333,2220.886653,2185.546201,0.015913,251.545189,2127.335375,486.882956,874.218480,12368.228924,543.742258,0.000000
180.900000,39.700000,39.364739,-0.010866,110.948589,2218.971772,2185.497496,0.015085,247.079431,2019.338342,462.155390,874.198998,11740.339197,518.067740,0.000000
181.000000,39.666667,39.363653,-0.012954,110.852862,2217.057246,2185.437172,0.014262,242.803286,1911.571171,437.479207,874.174869,11113.785879,492.498964,0.000000
181.100000,39.633333,39.362357,-0.015038,110.757154,2215.143073,2185.365252,0.013443,238.723731,1804.038992,412.855972,874.146101,10488.598793,467.036868,0.000000
181.200000,39.600000,39.360853,-0.017117,110.661463,2213.229253,2185.281762,0.012627,234.847735,1696.746816,388.287225,874.112705,9864.807072,441.682355,0.000000
181.300000,39.566667,39.359142,-0.019192,110.565789,2211.315786,2185.186728,0.011816,231.182204,1589.699536,363.774472,874.074691,9242.439160,416.436296,0.000000
181.400000,39.533333,39.357222,-0.021262,110.470134,2209.402671,2185.080177,0.011009,227.733908,1482.901925,339.319192,874.032071,8621.522818,391.299534,0.000000
181.500000,39.500000,39.355096,-0.023326,110.374495,2207.489908,2184.962134,0.010205,224.509410,1376.358643,314.922831,873.984854,8002.085132,366.272879,0.000000
181.600000,39.466667,39.352764,-0.025386,110.278875,2205.577496,2184.832628,0.009406,221.514986,1270.074233,290.586809,873.933051,7384.152516,341.357109,0.000000
181.700000,39.433333,39.350225,-0.027441,110.183272,2203.665434,2184.691686,0.008610,218.756537,1164.053124,266.312514,873.876674,6767.750720,316.552974,0.000000
181.800000,39.400000,39.347481,-0.029490,110.087686,2201.753721,2184.539337,0.007818,216.239507,1058.299632,242.101306,873.815735,6152.904839,291.861194,0.000000
181.900000,39.366667,39.344532,-0.031535,109.992118,2199.842358,2184.375609,0.007031,213.968785,952.817962,217.954516,873.750244,5539.639312,267.282460,0.000000
182.000000,39.333333,39.341379,-0.033573,109.896567,2197.931343,2184.200532,0.006247,211.948627,847.612205,193.873445,873.680213,4927.977935,242.817432,0.000000
182.100000,39.300000,39.338021,-0.035607,109.801034,2196.020676,2184.014135,0.005467,210.182564,742.686345,169.859367,873.605654,4317.943867,218.466746,0.000000
182.200000,39.266667,39.334460,-0.037635,109.705518,2194.110357,2183.816449,0.004692,208.673332,638.044257,145.913527,873.526580,3709.559635,194.231004,0.000000
182.300000,39.233333,39.330697,-0.039657,109.610019,2192.200383,2183.607504,0.003920,207.422803,533.689708,122.037141,873.443001,3102.847141,170.110786,0.000000
182.400000,39.200000,39.326731,-0.041674,109.514538,2190.290756,2183.387330,0.003152,206.431929,429.626360,98.231398,873.354932,2497.827673,146.106642,0.000000
182.500000,39.166667,39.322564,-0.043685,109.419074,2188.381473,2183.155960,0.002388,205.700707,325.857768,74.497459,873.262384,1894.521906,122.219094,0.000000
182.600000,39.133333,39.318195,-0.045690,109.323627,2186.472535,2182.913425,0.001628,205.228156,222.387386,50.836457,873.165370,1292.949916,98.448641,0.000000
182.700000,39.100000,39.313626,-0.047690,109.228197,2184.563940,2182.659757,0.000872,205.012309,119.218564,27.249500,873.063903,693.131183,74.795754,0.000000
182.800000,39.066667,39.308857,-0.049683,109.132784,2182.655688,2182.394989,0.000119,205.050235,16.354552,3.737667,872.957995,95.084603,51.260879,0.000000
182.900000,39.033333,39.303889,-0.051671,109.037389,2180.747778,2182.119153,-0.000629,205.338064,-86.201500,-19.697989,872.847661,-501.171510,27.844438,0.000000
183.000000,39.000000,39.298722,-0.053652,108.942010,2178.840209,2181.832282,-0.001373,205.871040,-188.446539,-43.056443,872.732913,-1095.619411,4.546826,0.000000
183.100000,38.966667,39.293357,-0.055627,108.846649,2176.932981,2181.534410,-0.002114,206.643584,-290.377610,-66.336692,872.613764,-1688.241920,0.000000,18.631583
183.200000,38.933333,39.287794,-0.057597,108.751305,2175.026092,2181.225571,-0.002850,207.649369,-391.991854,-89.537763,872.490228,-2279.022409,0.000000,41.690442
183.300000,38.900000,39.282034,-0.059560,108.655977,2173.119541,2180.905799,-0.003583,208.881409,-493.286506,-112.658706,872.362319,-2867.944801,0.000000,64.629424
183.400000,38.866667,39.276078,-0.061517,108.560666,2171.213329,2180.575127,-0.004312,210.332150,-594.258891,-135.698598,872.230051,-3454.993554,0.000000,87.448227
183.500000,38.833333,39.269927,-0.063467,108.465373,2169.307454,2180.233592,-0.005037,211.993565,-694.906430,-158.656538,872.093437,-4040.153660,0.000000,110.146571
183.600000,38.800000,39.263580,-0.065411,108.370096,2167.401914,2179.881228,-0.005758,213.857256,-795.226629,-181.531654,871.952491,-4623.410633,0.000000,132.724197
183.700000,38.766667,39.257039,-0.067349,108.274836,2165.496710,2179.518069,-0.006475,215.914542,-895.217086,-204.323093,871.807228,-5204.750500,0.000000,155.180868
183.800000,38.733333,39.250304,-0.069281,108.179592,2163.591841,2179.144152,-0.007188,218.156558,-994.875485,-227.030031,871.657661,-5784.159797,0.000000,177.516370
183.900000,38.700000,39.243376,-0.071205,108.084365,2161.687305,2178.759513,-0.007898,220.574335,-1094.199595,-249.651663,871.503805,-6361.625555,0.000000,199.730505
184.000000,38.666667,39.236255,-0.073124,107.989155,2159.783101,2178.364186,-0.008603,223.158881,-1193.187271,-272.187212,871.345674,-6937.135298,0.000000,221.823101
184.100000,38.633333,39.228943,-0.075036,107.893961,2157.879229,2177.958209,-0.009305,225.901249,-1291.836449,-294.635921,871.183284,-7510.677030,0.000000,243.794001
184.200000,38.600000,39.221439,-0.076941,107.798784,2155.975688,2177.541618,-0.010003,228.792600,-1390.145147,-316.997057,871.016647,-8082.239229,0.000000,265.643070
184.300000,38.566667,39.213745,-0.078839,107.703624,2154.072476,2177.114449,-0.010697,231.824255,-1488.111464,-339.269908,870.845779,-8651.810838,0.000000,287.370191
184.400000,38.533333,39.205861,-0.080731,107.608480,2152.169593,2176.676739,-0.011387,234.987738,-1585.733576,-361.453784,870.670696,-9219.381257,0.000000,308.975266
184.500000,38.500000,39.197788,-0.082616,107.513352,2150.267039,2176.228526,-0.012074,238.274816,-1683.009738,-383.548020,870.491410,-9784.940336,0.000000,330.458215
184.600000,38.466667,39.189527,-0.084495,107.418241,2148.364811,2175.769846,-0.012756,241.677520,-1779.938279,-405.551969,870.307938,-10348.478364,0.000000,351.818975
184.700000,38.433333,39.181077,-0.086367,107.323145,2146.462909,2175.300737,-0.013435,245.188175,-1876.517603,-427.465006,870.120295,-10909.986065,0.000000,373.057503
184.800000,38.400000,39.172441,-0.088232,107.228067,2144.561331,2174.821237,-0.014110,248.799407,-1972.746189,-449.286528,869.928495,-11469.454585,0.000000,394.173769
184.900000,38.366667,39.163617,-0.090090,107.133004,2142.660078,2174.331383,-0.014781,252.504159,-2068.622584,-471.015950,869.732553,-12026.875488,0.000000,415.167761
185.000000,38.333333,39.154608,-0.091941,107.037957,2140.759148,2173.831213,-0.015449,256.295693,-2164.145409,-492.652710,869.532485,-12582.240747,0.000000,436.039486
185.100000,38.300000,39.145414,-0.093785,106.942927,2138.858540,2173.320765,-0.016112,260.167589,-2259.313350,-514.196263,869.328306,-13135.542734,0.000000,456.788963
185.200000,38.266667,39.136036,-0.095623,106.847913,2136.958253,2172.800078,-0.016772,264.113747,-2354.125165,-535.646086,869.120031,-13686.774214,0.000000,477.416227
185.300000,38.233333,39.126474,-0.097453,106.752914,2135.058285,2172.269189,-0.017429,268.128380,-2448.579674,-557.001674,868.907676,-14235.928337,0.000000,497.921329
185.400000,38.200000,39.116728,-0.099277,106.657932,2133.158637,2171.728138,-0.018081,272.206005,-2542.675765,-578.262541,868.691255,-14782.998631,0.000000,518.304336
185.500000,38.166667,39.106801,-0.101093,106.562965,2131.259306,2171.176962,-0.018730,276.341438,-2636.412387,-599.428218,868.470785,-15327.978991,0.000000,538.565325
185.600000,38.133333,39.096691,-0.102903,106.468015,2129.360293,2170.615701,-0.019375,280.529780,-2729.788552,-620.498257,868.246280,-15870.863676,0.000000,558.704391
185.700000,38.100000,39.086401,-0.104705,106.373080,2127.461595,2170.044393,-0.020016,284.766407,-2822.803335,-641.472227,868.017757,-16411.647295,0.000000,578.721640
185.800000,38.066667,39.075930,-0.106501,106.278161,2125.563212,2169.463077,-0.020653,289.046960,-2915.455867,-662.349713,867.785231,-16950.324807,0.000000,598.617193
185.900000,38.033333,39.065280,-0.108290,106.183257,2123.665143,2168.871791,-0.021287,293.367331,-3007.745340,-683.130319,867.548717,-17486.891509,0.000000,618.391182
186.000000,38.000000,39.054451,-0.110071,106.088369,2121.767386,2168.270576,-0.021917,297.723653,-3099.671001,-703.813665,867.308231,-18021.343027,0.000000,638.043753
186.100000,37.966667,39.043444,-0.111846,105.993497,2119.869942,2167.659471,-0.022544,302.112285,-3191.232154,-724.399388,867.063788,-18553.675315,0.000000,657.575062
186.200000,37.933333,39.032260,-0.113613,105.898640,2117.972807,2167.038513,-0.023166,306.529802,-3282.428158,-744.887141,866.815405,-19083.884639,0.000000,676.985279
186.300000,37.900000,39.020898,-0.115373,105.803799,2116.075983,2166.407744,-0.023785,310.972983,-3373.258423,-765.276594,866.563097,-19611.967578,0.000000,696.274585
186.400000,37.866667,39.009361,-0.117126,105.708973,2114.179466,2165.767201,-0.024401,315.438800,-3463.722414,-785.567432,866.306880,-20137.921013,0.000000,715.443172
186.500000,37.833333,38.997648,-0.118872,105.614163,2112.283257,2165.116925,-0.025013,319.924404,-3553.819644,-805.759355,866.046770,-20661.742118,0.000000,734.491240
186.600000,37.800000,38.985761,-0.120611,105.519368,2110.387355,2164.456955,-0.025621,324.427120,-3643.549678,-825.852079,865.782782,-21183.428358,0.000000,753.419004
186.700000,37.766667,38.973700,-0.122343,105.424588,2108.491757,2163.787330,-0.026225,328.944433,-3732.912126,-845.845334,865.514932,-21702.977478,0.000000,772.226687
186.800000,37.733333,38.961466,-0.124068,105.329823,2106.596464,2163.108091,-0.026826,333.473977,-3821.906650,-865.738866,865.243236,-22220.387499,0.000000,790.914521
186.900000,37.700000,38.949059,-0.125786,105.235074,2104.701474,2162.419276,-0.027423,338.013532,-3910.532954,-885.532433,864.967710,-22735.656708,0.000000,809.482748
187.000000,37.666667,38.936480,-0.127496,105.140339,2102.806786,2161.720925,-0.028017,342.561007,-3998.790789,-905.225809,864.688370,-23248.783655,0.000000,827.931621
187.100000,37.633333,38.923731,-0.129199,105.045620,2100.912399,2161.013078,-0.028607,347.114441,-4086.679949,-924.818780,864.405231,-23759.767145,0.000000,846.261400
187.200000,37.600000,38.910811,-0.130895,104.950916,2099.018312,2160.295775,-0.029193,351.671986,-4174.200272,-944.311147,864.118310,-24268.606231,0.000000,864.472353
187.300000,37.566667,38.897721,-0.132584,104.856226,2097.124523,2159.569055,-0.029776,356.231908,-4261.351635,-963.702723,863.827622,-24775.300206,0.000000,882.564759
187.400000,37.533333,38.884463,-0.134266,104.761552,2095.231032,2158.832958,-0.030356,360.792576,-4348.133960,-982.993335,863.533183,-25279.848603,0.000000,900.538903
187.500000,37.500000,38.871036,-0.135941,104.666892,2093.337838,2158.087523,-0.030931,365.352454,-4434.547203,-1002.182821,863.235009,-25782.251180,0.000000,918.395079
187.600000,37.466667,38.857442,-0.137608,104.572247,2091.444939,2157.332791,-0.031504,369.910099,-4520.591363,-1021.271032,862.933116,-26282.507923,0.000000,936.133588
187.700000,37.433333,38.843681,-0.139269,104.477617,2089.552334,2156.568801,-0.032072,374.464155,-4606.266474,-1040.257832,862.627520,-26780.619032,0.000000,953.754737
187.800000,37.400000,38.829754,-0.140922,104.383001,2087.660023,2155.795592,-0.032637,379.013342,-4691.572606,-1059.143096,862.318237,-27276.584920,0.000000,971.258843
187.900000,37.366667,38.815662,-0.142568,104.288400,2085.768004,2155.013206,-0.033199,383.556461,-4776.509868,-1077.926709,862.005282,-27770.406207,0.000000,988.646227
188.000000,37.333333,38.801405,-0.144207,104.193814,2083.876276,2154.221680,-0.033757,388.092379,-4861.078398,-1096.608570,861.688672,-28262.083711,0.000000,1005.917218
188.100000,37.300000,38.786985,-0.145839,104.099242,2081.984838,2153.421055,-0.034312,392.620031,-4945.278373,-1115.188587,861.368422,-28751.618446,0.000000,1023.072150
188.200000,37.266667,38.772401,-0.147463,104.004684,2080.093688,2152.611370,-0.034863,397.138417,-5029.109998,-1133.666681,861.044548,-29239.011614,0.000000,1040.111366
188.300000,37.233333,38.757655,-0.149081,103.910141,2078.202827,2151.792666,-0.035410,401.646592,-5112.573511,-1152.042780,860.717066,-29724.264601,0.000000,1057.035211
188.400000,37.200000,38.742746,-0.150691,103.815613,2076.312252,2150.964981,-0.035954,406.143668,-5195.669183,-1170.316826,860.385993,-30207.378971,0.000000,1073.844038
188.500000,37.166667,38.727677,-0.152295,103.721098,2074.421963,2150.128356,-0.036495,410.628808,-5278.397311,-1188.488768,860.051342,-30688.356462,0.000000,1090.538204
188.600000,37.133333,38.712448,-0.153891,103.626598,2072.531958,2149.282830,-0.037032,415.101226,-5360.758224,-1206.558567,859.713132,-31167.198978,0.000000,1107.118073
188.700000,37.100000,38.697059,-0.155480,103.532112,2070.642236,2148.428441,-0.037566,419.560179,-5442.752277,-1224.526193,859.371377,-31643.908586,0.000000,1123.584011
188.800000,37.066667,38.681511,-0.157062,103.437640,2068.752797,2147.565231,-0.038097,424.004969,-5524.379852,-1242.391624,859.026092,-32118.487513,0.000000,1139.936393
188.900000,37.033333,38.665805,-0.158636,103.343182,2066.863639,2146.693238,-0.038624,428.434938,-5605.641359,-1260.154850,858.677295,-32590.938136,0.000000,1156.175594
189.000000,37.000000,38.649941,-0.160204,103.248738,2064.974761,2145.812502,-0.039147,432.849467,-5686.537233,-1277.815866,858.325001,-33061.262982,0.000000,1172.301996
189.100000,36.966667,38.633921,-0.161765,103.154308,2063.086162,2144.923061,-0.039667,437.247971,-5767.067932,-1295.374679,857.969225,-33529.464718,0.000000,1188.315984
189.200000,36.933333,38.617744,-0.163318,103.059892,2061.197840,2144.024956,-0.040184,441.629902,-5847.233939,-1312.831304,857.609982,-33995.546155,0.000000,1204.217947
189.300000,36.900000,38.601412,-0.164865,102.965490,2059.309796,2143.118226,-0.040697,445.994743,-5927.035760,-1330.185763,857.247290,-34459.510233,0.000000,1220.008279
189.400000,36.866667,38.584926,-0.166405,102.871101,2057.422027,2142.202909,-0.041207,450.342006,-6006.473924,-1347.438086,856.881163,-34921.360025,0.000000,1235.687377
189.500000,36.833333,38.568285,-0.167937,102.776727,2055.534532,2141.279045,-0.041714,454.671232,-6085.548981,-1364.588312,856.511618,-35381.098728,0.000000,1251.255639
189.600000,36.800000,38.551492,-0.169462,102.682366,2053.647311,2140.346672,-0.042217,458.981992,-6164.261501,-1381.636487,856.138669,-35838.729660,0.000000,1266.713470
189.700000,36.766667,38.534545,-0.170981,102.588018,2051.760362,2139.405831,-0.042717,463.273877,-6242.612076,-1398.582666,855.762332,-36294.256256,0.000000,1282.061275
189.800000,36.733333,38.517447,-0.172492,102.493684,2049.873684,2138.456560,-0.043214,467.546508,-6320.601315,-1415.426908,855.382624,-36747.682064,0.000000,1297.299463
189.900000,36.700000,38.500198,-0.173997,102.399364,2047.987277,2137.498897,-0.043707,471.799524,-6398.229848,-1432.169283,854.999559,-37199.010741,0.000000,1312.428447
190.000000,36.666667,38.482798,-0.175494,102.305057,2046.101138,2136.532882,-0.044197,476.032588,-6475.498320,-1448.809864,854.613153,-37648.246049,0.000000,1327.448640
190.100000,36.633333,38.465249,-0.176985,102.210763,2044.215268,2135.558553,-0.044684,480.245383,-6552.407398,-1465.348734,854.223421,-38095.391848,0.000000,1342.360460
190.200000,36.600000,38.447551,-0.178468,102.116483,2042.329664,2134.575949,-0.045167,484.437611,-6628.957761,-1481.785980,853.830380,-38540.452100,0.000000,1357.164324
190.300000,36.566667,38.429704,-0.179945,102.022216,2040.444326,2133.585108,-0.045647,488.608992,-6705.150107,-1498.121698,853.434043,-38983.430857,0.000000,1371.860655
190.400000,36.533333,38.411709,-0.181414,101.927963,2038.559253,2132.586070,-0.046124,492.759264,-6780.985149,-1514.355988,853.034428,-39424.332261,0.000000,1386.449874
190.500000,36.500000,38.393568,-0.182877,101.833722,2036.674443,2131.578872,-0.046598,496.888181,-6856.463613,-1530.488958,852.631549,-39863.160543,0.000000,1400.932407
190.600000,36.466667,38.375280,-0.184333,101.739495,2034.789896,2130.563553,-0.047068,500.995512,-6931.586242,-1546.520718,852.225421,-40299.920014,0.000000,1415.308680
190.700000,36.433333,38.356847,-0.185782,101.645280,2032.905610,2129.540151,-0.047535,505.081042,-7006.353791,-1562.451389,851.816061,-40734.615066,0.000000,1429.579121
190.800000,36.400000,38.338269,-0.187224,101.551079,2031.021584,2128.508705,-0.047999,509.144570,-7080.767028,-1578.281094,851.403482,-41167.250166,0.000000,1443.744160
190.900000,36.366667,38.319546,-0.188659,101.456891,2029.137818,2127.469252,-0.048460,513.185906,-7154.826735,-1594.009961,850.987701,-41597.829855,0.000000,1457.804226
191.000000,36.333333,38.300680,-0.190088,101.362715,2027.254309,2126.421831,-0.048917,517.204875,-7228.533704,-1609.638127,850.568732,-42026.358744,0.000000,1471.759751
191.100000,36.300000,38.281671,-0.191509,101.268553,2025.371058,2125.366479,-0.049371,521.201312,-7301.888740,-1625.165730,850.146591,-42452.841510,0.000000,1485.611170
191.200000,36.266667,38.262520,-0.192924,101.174403,2023.488063,2124.303234,-0.049822,525.175066,-7374.892658,-1640.592915,849.721294,-42877.282895,0.000000,1499.358914
191.300000,36.233333,38.243228,-0.194332,101.080266,2021.605322,2123.232134,-0.050270,529.125993,-7447.546284,-1655.919832,849.292854,-43299.687699,0.000000,1513.003420
191.400000,36.200000,38.223795,-0.195734,100.986142,2019.722836,2122.153218,-0.050715,533.053964,-7519.850455,-1671.146633,848.861287,-43720.060783,0.000000,1526.545121
191.500000,36.166667,38.204221,-0.197128,100.892030,2017.840602,2121.066521,-0.051157,536.958856,-7591.806015,-1686.273479,848.426609,-44138.407062,0.000000,1539.984454
191.600000,36.133333,38.184509,-0.198516,100.797931,2015.958619,2119.972083,-0.051595,540.840555,-7663.413819,-1701.300532,847.988833,-44554.731503,0.000000,1553.321856
191.700000,36.100000,38.164657,-0.199897,100.703844,2014.076888,2118.869940,-0.052030,544.698960,-7734.674729,-1716.227958,847.547976,-44969.039123,0.000000,1566.557762
191.800000,36.066667,38.144667,-0.201271,100.609770,2012.195405,2117.760130,-0.052462,548.533973,-7805.589618,-1731.055930,847.104052,-45381.334986,0.000000,1579.692611
191.900000,36.033333,38.124540,-0.202639,100.515709,2010.314172,2116.642689,-0.052891,552.345509,-7876.159363,-1745.784623,846.657076,-45791.624202,0.000000,1592.726840
192.000000,36.000000,38.104276,-0.204000,100.421659,2008.433185,2115.517656,-0.053317,556.133486,-7946.384851,-1760.414215,846.207062,-46199.911922,0.000000,1605.660885
192.100000,35.966667,38.083876,-0.205354,100.327622,2006.552445,2114.385067,-0.053740,559.897833,-8016.266974,-1774.944890,845.754027,-46606.203335,0.000000,1618.495185
192.200000,35.933333,38.063341,-0.206702,100.233598,2004.671951,2113.244958,-0.054160,563.638483,-8085.806632,-1789.376835,845.297983,-47010.503672,0.000000,1631.230176
192.300000,35.900000,38.042671,-0.208043,100.139585,2002.791700,2112.097368,-0.054577,567.355378,-8155.004729,-1803.710239,844.838947,-47412.818194,0.000000,1643.866296
192.400000,35.866667,38.021867,-0.209377,100.045585,2000.911693,2110.942332,-0.054990,571.048465,-8223.862178,-1817.945296,844.376933,-47813.152199,0.000000,1656.403983
192.500000,35.833333,38.000929,-0.210550,99.951596,1999.031927,2109.779887,-0.055401,574.439513,-8284.354211,-1830.309043,843.911955,-48164.850066,0.000000,1667.187124
192.600000,35.800000,37.979874,-0.211567,99.857619,1997.152372,2108.610934,-0.055809,577.543464,-8336.834141,-1840.883197,843.444374,-48469.965933,0.000000,1676.293743
192.700000,35.766667,37.958717,-0.212575,99.763650,1995.272996,2107.436334,-0.056215,580.624406,-8388.867441,-1851.340975,842.974534,-48772.485123,0.000000,1685.287159
192.800000,35.733333,37.937460,-0.213575,99.669690,1993.393797,2106.256136,-0.056618,583.682446,-8440.458085,-1861.683368,842.502454,-49072.430727,0.000000,1694.168487
192.900000,35.700000,37.916102,-0.214566,99.575739,1991.514774,2105.070386,-0.057020,586.717694,-8491.610010,-1871.911361,842.028155,-49369.825642,0.000000,1702.938830
193.000000,35.666667,37.894646,-0.215549,99.481796,1989.635926,2103.879133,-0.057419,589.730262,-8542.327122,-1882.025930,841.551653,-49664.692571,0.000000,1711.599281
193.100000,35.633333,37.873091,-0.216524,99.387863,1987.757251,2102.682423,-0.057817,592.720266,-8592.613293,-1892.028044,841.072969,-49957.054027,0.000000,1720.150922
193.200000,35.600000,37.851438,-0.217490,99.293937,1985.878747,2101.480303,-0.058212,595.687823,-8642.472361,-1901.918667,840.592121,-50246.932330,0.000000,1728.594823
193.300000,35.566667,37.829689,-0.218448,99.200021,1984.000413,2100.272818,-0.058605,598.633052,-8691.908133,-1911.698754,840.109127,-50534.349610,0.000000,1736.932046
193.400000,35.533333,37.807845,-0.219398,99.106112,1982.122248,2099.060014,-0.058996,601.556072,-8740.924383,-1921.369254,839.624005,-50819.327808,0.000000,1745.163642
193.500000,35.500000,37.785905,-0.220340,99.012213,1980.244250,2097.841936,-0.059385,604.457008,-8789.524852,-1930.931107,839.136774,-51101.888675,0.000000,1753.290651
193.600000,35.466667,37.763871,-0.221274,98.918321,1978.366418,2096.618628,-0.059773,607.335982,-8837.713250,-1940.385249,838.647451,-51382.053776,0.000000,1761.314103
193.700000,35.433333,37.741744,-0.222199,98.824438,1976.488751,2095.390136,-0.060158,610.193120,-8885.493252,-1949.732606,838.156055,-51659.844489,0.000000,1769.235018
193.800000,35.400000,37.719524,-0.223118,98.730562,1974.611246,2094.156503,-0.060541,613.028549,-8932.868505,-1958.974099,837.662601,-51935.282003,0.000000,1777.054405
193.900000,35.366667,37.697212,-0.224028,98.636695,1972.733903,2092.917773,-0.060922,615.842397,-8979.842620,-1968.110640,837.167109,-52208.387327,0.000000,1784.773265
194.000000,35.333333,37.674809,-0.224931,98.542836,1970.856720,2091.673988,-0.061302,618.634791,-9026.419181,-1977.143137,836.669595,-52479.181284,0.000000,1792.392587
194.100000,35.300000,37.652316,-0.225826,98.448985,1968.979696,2090.425192,-0.061679,621.405863,-9072.601736,-1986.072488,836.170077,-52747.684513,0.000000,1799.913352
194.200000,35.266667,37.629733,-0.226713,98.355141,1967.102829,2089.171427,-0.062055,624.155742,-9118.393805,-1994.899586,835.668571,-53013.917473,0.000000,1807.336530
194.300000,35.233333,37.607062,-0.227593,98.261306,1965.226119,2087.912735,-0.062429,626.884560,-9163.798876,-2003.625315,835.165094,-53277.900442,0.000000,1814.663082
194.400000,35.200000,37.584303,-0.228466,98.167478,1963.349563,2086.649158,-0.062801,629.592450,-9208.820405,-2012.250554,834.659663,-53539.653519,0.000000,1821.893958
194.500000,35.166667,37.561456,-0.229331,98.073658,1961.473161,2085.380737,-0.063171,632.279543,-9253.461819,-2020.776175,834.152295,-53799.196623,0.000000,1829.030101
194.600000,35.133333,37.538523,-0.230188,97.979846,1959.596912,2084.107512,-0.063539,634.945973,-9297.726514,-2029.203041,833.643005,-54056.549499,0.000000,1836.072443
194.700000,35.100000,37.515504,-0.231039,97.886041,1957.720813,2082.829525,-0.063905,637.591873,-9341.617854,-2037.532011,833.131810,-54311.731712,0.000000,1843.021906
194.800000,35.066667,37.492401,-0.231883,97.792243,1955.844864,2081.546815,-0.064270,640.217377,-9385.139177,-2045.763935,832.618726,-54564.762655,0.000000,1849.879405
194.900000,35.033333,37.469212,-0.232719,97.698453,1953.969063,2080.259422,-0.064633,642.822620,-9428.293786,-2053.899657,832.103769,-54815.661545,0.000000,1856.645843
195.000000,35.000000,37.445940,-0.233548,97.604670,1952.093409,2078.967386,-0.064994,645.407736,-9471.084958,-2061.940015,831.586955,-55064.447429,0.000000,1863.322116
195.100000,34.966667,37.422586,-0.234370,97.510895,1950.217901,2077.670747,-0.065353,647.972860,-9513.515939,-2069.885838,831.068299,-55311.139181,0.000000,1869.909110
195.200000,34.933333,37.399149,-0.235186,97.417127,1948.342538,2076.369541,-0.065711,650.518126,-9555.589947,-2077.737950,830.547816,-55555.755503,0.000000,1876.407703
195.300000,34.900000,37.375630,-0.235994,97.323366,1946.467319,2075.063809,-0.066067,653.043669,-9597.310168,-2085.497169,830.025524,-55798.314933,0.000000,1882.818763
195.400000,34.866667,37.352030,-0.236796,97.229612,1944.592241,2073.753588,-0.066421,655.549625,-9638.679764,-2093.164304,829.501435,-56038.835835,0.000000,1889.143150
195.500000,34.833333,37.328351,-0.237591,97.135865,1942.717305,2072.438916,-0.066773,658.036127,-9679.701863,-2100.740159,828.975566,-56277.336412,0.000000,1895.381715
195.600000,34.800000,37.304592,-0.238379,97.042125,1940.842508,2071.119829,-0.067124,660.503310,-9720.379568,-2108.225532,828.447932,-56513.834698,0.000000,1901.535301
195.700000,34.766667,37.280754,-0.239161,96.948393,1938.967851,2069.796367,-0.067473,662.951309,-9760.715953,-2115.621212,827.918547,-56748.348564,0.000000,1907.604741
195.800000,34.733333,37.256838,-0.239936,96.854667,1937.093330,2068.468564,-0.067821,665.380259,-9800.714064,-2122.927983,827.387426,-56980.895719,0.000000,1913.590861
195.900000,34.700000,37.232844,-0.240705,96.760947,1935.218946,2067.136457,-0.068167,667.790294,-9840.376918,-2130.146624,826.854583,-57211.493708,0.000000,1919.494478
196.000000,34.666667,37.208774,-0.241467,96.667235,1933.344698,2065.800083,-0.068511,670.181546,-9879.707506,-2137.277904,826.320033,-57440.159919,0.000000,1925.316401
196.100000,34.633333,37.184627,-0.242223,96.573529,1931.470583,2064.459478,-0.068854,672.554151,-9918.708791,-2144.322588,825.783791,-57666.911577,0.000000,1931.057431
196.200000,34.600000,37.160405,-0.242973,96.479830,1929.596601,2063.114676,-0.069195,674.908242,-9957.383709,-2151.281435,825.245870,-57891.765751,0.000000,1936.718359
196.300000,34.566667,37.136107,-0.243716,96.386138,1927.722751,2061.765712,-0.069534,677.243950,-9995.735169,-2158.155195,824.706285,-58114.739354,0.000000,1942.299970
196.400000,34.533333,37.111736,-0.244453,96.292452,1925.849032,2060.412622,-0.069872,679.561410,-10033.766053,-2164.944616,824.165049,-58335.849143,0.000000,1947.803042
196.500000,34.500000,37.087290,-0.245184,96.198772,1923.975443,2059.055441,-0.070209,681.860754,-10071.479216,-2171.650434,823.622176,-58555.111719,0.000000,1953.228341
196.600000,34.466667,37.062772,-0.245908,96.105099,1922.101982,2057.694201,-0.070544,684.142112,-10108.877488,-2178.273384,823.077680,-58772.543532,0.000000,1958.576630
196.700000,34.433333,37.038181,-0.246627,96.011432,1920.228648,2056.328938,-0.070877,686.405617,-10145.963672,-2184.814192,822.531575,-58988.160881,0.000000,1963.848660
196.800000,34.400000,37.013518,-0.247340,95.917772,1918.355441,2054.959684,-0.071209,688.651398,-10182.740545,-2191.273578,821.983874,-59201.979912,0.000000,1969.045177
196.900000,34.366667,36.988784,-0.248047,95.824118,1916.482359,2053.586473,-0.071539,690.879588,-10219.210859,-2197.652257,821.434589,-59414.016623,0.000000,1974.166919
197.000000,34.333333,36.963980,-0.248748,95.730470,1914.609402,2052.209339,-0.071868,693.090315,-10255.377341,-2203.950936,820.883735,-59624.286865,0.000000,1979.214616
197.100000,34.300000,36.939105,-0.249443,95.636828,1912.736567,2050.828313,-0.072196,695.283709,-10291.242690,-2210.170319,820.331325,-59832.806340,0.000000,1984.188990
197.200000,34.266667,36.914161,-0.250132,95.543193,1910.863855,2049.443428,-0.072522,697.459899,-10326.809584,-2216.311101,819.777371,-60039.590607,0.000000,1989.090757
197.300000,34.233333,36.889148,-0.250816,95.449563,1908.991265,2048.054716,-0.072847,699.619012,-10362.080673,-2222.373973,819.221886,-60244.655078,0.000000,1993.920625
197.400000,34.200000,36.864066,-0.251493,95.355940,1907.118794,2046.662209,-0.073170,701.761177,-10397.058584,-2228.359618,818.664884,-60448.015024,0.000000,1998.679294
197.500000,34.166667,36.838917,-0.252166,95.262322,1905.246443,2045.265939,-0.073492,703.886520,-10431.745919,-2234.268715,818.106375,-60649.685575,0.000000,2003.367458
197.600000,34.133333,36.813700,-0.252832,95.168710,1903.374210,2043.865936,-0.073812,705.995167,-10466.145255,-2240.101936,817.546374,-60849.681716,0.000000,2007.985804
197.700000,34.100000,36.788417,-0.253493,95.075105,1901.502094,2042.462233,-0.074131,708.087245,-10500.259147,-2245.859949,816.984893,-61048.018298,0.000000,2012.535011
197.800000,34.066667,36.763068,-0.254149,94.981505,1899.630094,2041.054858,-0.074449,710.162879,-10534.090125,-2251.543413,816.421943,-61244.710031,0.000000,2017.015752
197.900000,34.033333,36.737653,-0.254799,94.887910,1897.758210,2039.643844,-0.074765,712.222193,-10567.640696,-2257.152985,815.857538,-61439.771487,0.000000,2021.428692
198.000000,34.000000,36.712173,-0.255444,94.794322,1895.886440,2038.229220,-0.075080,714.265311,-10600.913342,-2262.689313,815.291688,-61633.217105,0.000000,2025.774489
198.100000,33.966667,36.686628,-0.256084,94.700739,1894.014783,2036.811016,-0.075393,716.292356,-10633.910524,-2268.153042,814.724406,-61825.061187,0.000000,2030.053797
198.200000,33.933333,36.661020,-0.256718,94.607162,1892.143239,2035.389261,-0.075706,718.303450,-10666.634680,-2273.544809,814.155705,-62015.317904,0.000000,2034.267261
198.300000,33.900000,36.635348,-0.257347,94.513590,1890.271806,2033.963986,-0.076017,720.298716,-10699.088222,-2278.865248,813.585594,-62204.001293,0.000000,2038.415519
198.400000,33.866667,36.609614,-0.257970,94.420024,1888.400484,2032.535219,-0.076326,722.278274,-10731.273545,-2284.114984,813.014087,-62391.125260,0.000000,2042.499204
198.500000,33.833333,36.583817,-0.258589,94.326464,1886.529271,2031.102988,-0.076635,724.242244,-10763.193016,-2289.294641,812.441195,-62576.703582,0.000000,2046.518942
198.600000,33.800000,36.557958,-0.259202,94.232908,1884.658168,2029.667324,-0.076942,726.190747,-10794.848984,-2294.404834,811.866930,-62760.749907,0.000000,2050.475352
198.700000,33.766667,36.532037,-0.259811,94.139359,1882.787172,2028.228253,-0.077248,728.123900,-10826.243774,-2299.446174,811.291301,-62943.277756,0.000000,2054.369047
198.800000,33.733333,36.506056,-0.260414,94.045814,1880.916283,2026.785805,-0.077552,730.041824,-10857.379690,-2304.419266,810.714322,-63124.300523,0.000000,2058.200634
198.900000,33.700000,36.480015,-0.261013,93.952275,1879.045501,2025.340006,-0.077856,731.944634,-10888.259014,-2309.324711,810.136002,-63303.831478,0.000000,2061.970713
199.000000,33.666667,36.453914,-0.261606,93.858741,1877.174823,2023.890885,-0.078158,733.832448,-10918.884008,-2314.163103,809.556354,-63481.883765,0.000000,2065.679880
199.100000,33.633333,36.427753,-0.262195,93.765212,1875.304250,2022.438469,-0.078459,735.705381,-10949.256910,-2318.935031,808.975387,-63658.470407,0.000000,2069.328723
199.200000,33.600000,36.401533,-0.262779,93.671689,1873.433780,2020.982784,-0.078759,737.563549,-10979.379940,-2323.641081,808.393114,-63833.604304,0.000000,2072.917823
199.300000,33.566667,36.375256,-0.263358,93.578171,1871.563413,2019.523859,-0.079057,739.407067,-11009.255297,-2328.281831,807.809544,-64007.298236,0.000000,2076.447759
199.400000,33.533333,36.348920,-0.263932,93.484657,1869.693148,2018.061719,-0.079355,741.236048,-11038.885157,-2332.857856,807.224688,-64179.564864,0.000000,2079.919099
199.500000,33.500000,36.322527,-0.264501,93.391149,1867.822984,2016.596391,-0.079651,743.050605,-11068.271678,-2337.369724,806.638557,-64350.416730,0.000000,2083.332409
199.600000,33.466667,36.296076,-0.265066,93.297646,1865.952920,2015.127902,-0.079946,744.850851,-11097.416996,-2341.817999,806.051161,-64519.866258,0.000000,2086.688248
199.700000,33.433333,36.269570,-0.265626,93.204148,1864.082955,2013.656276,-0.080240,746.636896,-11126.323230,-2346.203242,805.462510,-64687.925757,0.000000,2089.987169
199.800000,33.400000,36.243007,-0.266182,93.110654,1862.213089,2012.181540,-0.080532,748.408853,-11154.992476,-2350.526004,804.872616,-64854.607421,0.000000,2093.229720
199.900000,33.366667,36.216389,-0.266733,93.017166,1860.343320,2010.703720,-0.080824,750.166830,-11183.426813,-2354.786836,804.281488,-65019.923330,0.000000,2096.416443
200.000000,33.333333,36.189716,-0.267280,92.923682,1858.473649,2009.222840,-0.081115,751.910938,-11211.628297,-2358.986282,803.689136,-65183.885449,0.000000,2099.547875
200.100000,33.300000,36.162988,-0.267822,92.830204,1856.604073,2007.738926,-0.081404,753.641284,-11239.598969,-2363.124882,803.095570,-65346.505634,0.000000,2102.624546
200.200000,33.266667,36.136206,-0.268359,92.736730,1854.734593,2006.252002,-0.081692,755.357977,-11267.340848,-2367.203169,802.500801,-65507.795628,0.000000,2105.646982
200.300000,33.233333,36.109370,-0.268893,92.643260,1852.865207,2004.762094,-0.081979,757.061124,-11294.855935,-2371.221674,801.904838,-65667.767066,0.000000,2108.615703
200.400000,33.200000,36.082480,-0.269421,92.549796,1850.995915,2003.269225,-0.082266,758.750830,-11322.146213,-2375.180922,801.307690,-65826.431473,0.000000,2111.531225
200.500000,33.166667,36.055538,-0.269946,92.456336,1849.126716,2001.773419,-0.082551,760.427201,-11349.213646,-2379.081433,800.709368,-65983.800268,0.000000,2114.394058
200.600000,33.133333,36.028544,-0.270466,92.362880,1847.257609,2000.274702,-0.082835,762.090343,-11376.060179,-2382.923724,800.109881,-66139.884760,0.000000,2117.204705
200.700000,33.100000,36.001497,-0.270982,92.269430,1845.388594,1998.773095,-0.083118,763.740358,-11402.687739,-2386.708305,799.509238,-66294.696157,0.000000,2119.963666
200.800000,33.066667,35.974399,-0.271494,92.175983,1843.519669,1997.268624,-0.083400,765.377351,-11429.098236,-2390.435683,798.907450,-66448.245558,0.000000,2122.671436
200.900000,33.033333,35.947249,-0.272002,92.082542,1841.650835,1995.761311,-0.083681,767.001424,-11455.293561,-2394.106361,798.304525,-66600.543961,0.000000,2125.328504
201.000000,33.000000,35.920049,-0.272505,91.989104,1839.782090,1994.251180,-0.083961,768.612678,-11481.275589,-2397.720836,797.700472,-66751.602260,0.000000,2127.935355
201.100000,32.966667,35.892799,-0.273005,91.895672,1837.913433,1992.738253,-0.084239,770.211216,-11507.046175,-2401.279601,797.095301,-66901.431250,0.000000,2130.492467
201.200000,32.933333,35.865498,-0.273500,91.802243,1836.044864,1991.222553,-0.084517,771.797136,-11532.607159,-2404.783145,796.489021,-67050.041622,0.000000,2133.000316
201.300000,32.900000,35.838148,-0.273991,91.708819,1834.176382,1989.704103,-0.084794,773.370538,-11557.960363,-2408.231952,795.881641,-67197.443969,0.000000,2135.459372
201.400000,32.866667,35.810749,-0.274479,91.615399,1832.307987,1988.182925,-0.085070,774.931522,-11583.107591,-2411.626504,795.273170,-67343.648785,0.000000,2137.870098
201.500000,32.833333,35.783301,-0.274962,91.521984,1830.439677,1986.659042,-0.085345,776.480186,-11608.050632,-2414.967274,794.663617,-67488.666467,0.000000,2140.232957
201.600000,32.800000,35.755805,-0.275442,91.428573,1828.571452,1985.132475,-0.085619,778.016626,-11632.791258,-2418.254736,794.052990,-67632.507314,0.000000,2142.548402
201.700000,32.766667,35.728261,-0.275917,91.335166,1826.703312,1983.603245,-0.085892,779.540939,-11657.331223,-2421.489357,793.441298,-67775.181529,0.000000,2144.816887
201.800000,32.733333,35.700669,-0.276389,91.241763,1824.835255,1982.071376,-0.086165,781.053222,-11681.672266,-2424.671599,792.828550,-67916.699222,0.000000,2147.038856
201.900000,32.700000,35.673030,-0.276857,91.148364,1822.967281,1980.536887,-0.086436,782.553570,-11705.816110,-2427.801921,792.214755,-68057.070407,0.000000,2149.214751
202.000000,32.666667,35.645344,-0.277321,91.054969,1821.099390,1978.999800,-0.086706,784.042076,-11729.764461,-2430.880780,791.599920,-68196.305005,0.000000,2151.345012
202.100000,32.633333,35.617612,-0.277781,90.961579,1819.231580,1977.460137,-0.086975,785.518835,-11753.519010,-2433.908624,790.984055,-68334.412847,0.000000,2153.430070
202.200000,32.600000,35.589834,-0.278238,90.868193,1817.363851,1975.917918,-0.087244,786.983939,-11777.081431,-2436.885902,790.367167,-68471.403669,0.000000,2155.470354
202.300000,32.566667,35.562010,-0.278691,90.774810,1815.496202,1974.373164,-0.087512,788.437482,-11800.453385,-2439.813056,789.749266,-68607.287121,0.000000,2157.466289
202.400000,32.533333,35.534141,-0.279140,90.681432,1813.628633,1972.825895,-0.087778,789.879554,-11823.636515,-2442.690525,789.130358,-68742.072760,0.000000,2159.418294
202.500000,32.500000,35.506227,-0.279586,90.588057,1811.761143,1971.276132,-0.088044,791.310247,-11846.632449,-2445.518744,788.510453,-68875.770055,0.000000,2161.326786
202.600000,32.466667,35.478269,-0.280028,90.494687,1809.893732,1969.723894,-0.088309,792.729650,-11869.442803,-2448.298143,787.889558,-69008.388389,0.000000,2163.192177
202.700000,32.433333,35.450266,-0.280466,90.401320,1808.026398,1968.169202,-0.088573,794.137854,-11892.069174,-2451.029151,787.267681,-69139.937057,0.000000,2165.014874
202.800000,32.400000,35.422219,-0.280901,90.307957,1806.159141,1966.612076,-0.088837,795.534947,-11914.513146,-2453.712189,786.644830,-69270.425266,0.000000,2166.795280
202.900000,32.366667,35.394129,-0.281333,90.214598,1804.291961,1965.052535,-0.089099,796.921017,-11936.776288,-2456.347679,786.021014,-69399.862142,0.000000,2168.533795
203.000000,32.333333,35.365996,-0.281761,90.121243,1802.424857,1963.490598,-0.089361,798.296151,-11958.860156,-2458.936035,785.396239,-69528.256722,0.000000,2170.230814
203.100000,32.300000,35.337820,-0.282185,90.027891,1800.557828,1961.926285,-0.089621,799.660437,-11980.766290,-2461.477669,784.770514,-69655.617963,0.000000,2171.886729
203.200000,32.266667,35.309601,-0.282607,89.934544,1798.690874,1960.359615,-0.089881,801.013961,-12002.496215,-2463.972990,784.143846,-69781.954738,0.000000,2173.501927
203.300000,32.233333,35.281341,-0.283024,89.841200,1796.823993,1958.790608,-0.090141,802.356807,-12024.051444,-2466.422403,783.516243,-69907.275837,0.000000,2175.076792
203.400000,32.200000,35.253038,-0.283439,89.747859,1794.957187,1957.219281,-0.090399,803.689061,-12045.433475,-2468.826309,782.887712,-70031.589971,0.000000,2176.611704
203.500000,32.166667,35.224694,-0.283850,89.654523,1793.090453,1955.645653,-0.090656,805.010806,-12066.643792,-2471.185104,782.258261,-70154.905769,0.000000,2178.107039
203.600000,32.133333,35.196309,-0.284257,89.561190,1791.223791,1954.069743,-0.090913,806.322127,-12087.683866,-2473.499184,781.627897,-70277.231782,0.000000,2179.563168
203.700000,32.100000,35.167884,-0.284662,89.467860,1789.357201,1952.491569,-0.091169,807.623105,-12108.555154,-2475.768937,780.996628,-70398.576480,0.000000,2180.980461
203.800000,32.066667,35.139417,-0.285063,89.374534,1787.490683,1950.911150,-0.091425,808.913823,-12129.259100,-2477.994752,780.364460,-70518.948256,0.000000,2182.359282
203.900000,32.033333,35.110911,-0.285461,89.281212,1785.624235,1949.328503,-0.091679,810.194363,-12149.797134,-2480.177011,779.731401,-70638.355428,0.000000,2183.699992
204.000000,32.000000,35.082365,-0.285856,89.187893,1783.757857,1947.743647,-0.091933,811.464805,-12170.170672,-2482.316094,779.097459,-70756.806234,0.000000,2185.002950
204.100000,31.966667,35.053779,-0.286248,89.094577,1781.891548,1946.156598,-0.092186,812.725229,-12190.381120,-2484.412379,778.462639,-70874.308839,0.000000,2186.268509
204.200000,31.933333,35.025155,-0.286636,89.001265,1780.025308,1944.567374,-0.092438,813.975716,-12210.429869,-2486.466238,777.826950,-70990.871332,0.000000,2187.497019
204.300000,31.900000,34.996491,-0.287022,88.907957,1778.159137,1942.975994,-0.092690,815.216343,-12230.318297,-2488.478040,777.190398,-71106.501728,0.000000,2188.688828
204.400000,31.866667,34.967789,-0.287404,88.814652,1776.293034,1941.382474,-0.092940,816.447189,-12250.047770,-2490.448153,776.552989,-71221.207967,0.000000,2189.844278
204.500000,31.833333,34.939048,-0.287783,88.721350,1774.426997,1939.786830,-0.093191,817.668332,-12269.619642,-2492.376939,775.914732,-71334.997920,0.000000,2190.963712
204.600000,31.800000,34.910270,-0.288160,88.628051,1772.561028,1938.189081,-0.093440,818.879849,-12289.035254,-2494.264759,775.275633,-71447.879381,0.000000,2192.047464
204.700000,31.766667,34.881454,-0.288533,88.534756,1770.695125,1936.589243,-0.093689,820.081816,-12308.295933,-2496.111970,774.635697,-71559.860078,0.000000,2193.095868
204.800000,31.733333,34.852601,-0.288903,88.441464,1768.829287,1934.987333,-0.093937,821.274309,-12327.402998,-2497.918924,773.994933,-71670.947663,0.000000,2194.109255
204.900000,31.700000,34.823710,-0.289270,88.348176,1766.963515,1933.383367,-0.094184,822.457403,-12346.357752,-2499.685972,773.353347,-71781.149723,0.000000,2195.087952
205.000000,31.666667,34.794783,-0.289635,88.254890,1765.097807,1931.777361,-0.094431,823.631173,-12365.161489,-2501.413462,772.710944,-71890.473772,0.000000,2196.032282
205.100000,31.633333,34.765820,-0.289996,88.161608,1763.232164,1930.169332,-0.094677,824.795692,-12383.815488,-2503.101737,772.067733,-71998.927257,0.000000,2196.942565
205.200000,31.600000,34.736820,-0.290355,88.068329,1761.366584,1928.559296,-0.094922,825.951035,-12402.321020,-2504.751139,771.423718,-72106.517559,0.000000,2197.819118
205.300000,31.566667,34.707785,-0.290711,87.975053,1759.501067,1926.947269,-0.095167,827.097274,-12420.679342,-2506.362005,770.778908,-72213.251987,0.000000,2198.662257
205.400000,31.533333,34.678714,-0.291064,87.881781,1757.635613,1925.333267,-0.095411,828.234481,-12438.891700,-2507.934671,770.133307,-72319.137789,0.000000,2199.472291
205.500000,31.500000,34.649607,-0.291414,87.788511,1755.770221,1923.717305,-0.095654,829.362728,-12456.959329,-2509.469468,769.486922,-72424.182143,0.000000,2200.249529
205.600000,31.466667,34.620466,-0.291761,87.695245,1753.904891,1922.099399,-0.095897,830.482086,-12474.883452,-2510.966726,768.839760,-72528.392164,0.000000,2200.994275
205.700000,31.433333,34.591290,-0.292106,87.601981,1752.039621,1920.479564,-0.096139,831.592626,-12492.665283,-2512.426771,768.191826,-72631.774900,0.000000,2201.706832
205.800000,31.400000,34.562079,-0.292448,87.508721,1750.174413,1918.857817,-0.096381,832.694416,-12510.306022,-2513.849925,767.543127,-72734.337339,0.000000,2202.387499
205.900000,31.366667,34.532834,-0.292787,87.415463,1748.309265,1917.234171,-0.096622,833.787528,-12527.806861,-2515.236508,766.893668,-72836.086401,0.000000,2203.036570
206.000000,31.333333,34.503556,-0.293123,87.322209,1746.444176,1915.608642,-0.096862,834.872029,-12545.168979,-2516.586840,766.243457,-72937.028947,0.000000,2203.654341
206.100000,31.300000,34.474243,-0.293457,87.228957,1744.579147,1913.981245,-0.097102,835.947988,-12562.393545,-2517.901233,765.592498,-73037.171775,0.000000,2204.241099
206.200000,31.266667,34.444898,-0.293788,87.135709,1742.714176,1912.351995,-0.097341,837.015472,-12579.481719,-2519.179999,764.940798,-73136.521620,0.000000,2204.797134
206.300000,31.233333,34.415519,-0.294117,87.042463,1740.849264,1910.720907,-0.097580,838.074549,-12596.434647,-2520.423448,764.288363,-73235.085157,0.000000,2205.322730
206.400000,31.200000,34.386107,-0.294443,86.949220,1738.984410,1909.087994,-0.097818,839.125285,-12613.253468,-2521.631886,763.635198,-73332.869002,0.000000,2205.818167
206.500000,31.166667,34.356663,-0.294766,86.855981,1737.119613,1907.453271,-0.098055,840.167747,-12629.939310,-2522.805616,762.981309,-73429.879709,0.000000,2206.283726
206.600000,31.133333,34.327186,-0.295087,86.762744,1735.254873,1905.816754,-0.098292,841.201999,-12646.493289,-2523.944939,762.326701,-73526.123775,0.000000,2206.719682
206.700000,31.100000,34.297677,-0.295405,86.669509,1733.390189,1904.178455,-0.098528,842.228108,-12662.916514,-2525.050152,761.671382,-73621.607637,0.000000,2207.126309
206.800000,31.066667,34.268137,-0.295721,86.576278,1731.525562,1902.538389,-0.098764,843.246136,-12679.210080,-2526.121553,761.015356,-73716.337675,0.000000,2207.503878
206.900000,31.033333,34.238565,-0.296034,86.483049,1729.660990,1900.896570,-0.099000,844.256149,-12695.375076,-2527.159432,760.358628,-73810.320211,0.000000,2207.852657
207.000000,31.000000,34.208961,-0.296345,86.389824,1727.796473,1899.253011,-0.099234,845.258209,-12711.412580,-2528.164081,759.701205,-73903.561511,0.000000,2208.172912
207.100000,30.966667,34.179327,-0.296654,86.296601,1725.932012,1897.607728,-0.099468,846.252381,-12727.323659,-2529.135786,759.043091,-73996.067784,0.000000,2208.464906
207.200000,30.933333,34.149661,-0.296959,86.203380,1724.067604,1895.960732,-0.099702,847.238725,-12743.109371,-2530.074834,758.384293,-74087.845182,0.000000,2208.728898
207.300000,30.900000,34.119966,-0.297263,86.110163,1722.203250,1894.312037,-0.099935,848.217304,-12758.770767,-2530.981505,757.724815,-74178.899806,0.000000,2208.965148
207.400000,30.866667,34.090239,-0.297564,86.016948,1720.338950,1892.661658,-0.100168,849.188179,-12774.308884,-2531.856081,757.064663,-74269.237697,0.000000,2209.173911
207.500000,30.833333,34.060483,-0.297863,85.923735,1718.474703,1891.009607,-0.100400,850.151412,-12789.724754,-2532.698839,756.403843,-74358.864847,0.000000,2209.355438
207.600000,30.800000,34.030697,-0.298159,85.830525,1716.610509,1889.355897,-0.100632,851.107062,-12805.019397,-2533.510054,755.742359,-74447.787190,0.000000,2209.509982
207.700000,30.766667,34.000881,-0.298453,85.737318,1714.746367,1887.700541,-0.100863,852.055190,-12820.193825,-2534.289998,755.080217,-74536.010610,0.000000,2209.637790
207.800000,30.733333,33.971035,-0.298745,85.644114,1712.882277,1886.043553,-0.101094,852.995855,-12835.249041,-2535.038942,754.417421,-74623.540938,0.000000,2209.739107
207.900000,30.700000,33.941161,-0.299035,85.550912,1711.018238,1884.384945,-0.101324,853.929116,-12850.186040,-2535.757152,753.753978,-74710.383951,0.000000,2209.814177
208.000000,30.666667,33.911257,-0.299322,85.457713,1709.154250,1882.724730,-0.101553,854.855031,-12865.005805,-2536.444895,753.089892,-74796.545377,0.000000,2209.863241
208.100000,30.633333,33.881325,-0.299607,85.364516,1707.290313,1881.062920,-0.101783,855.773658,-12879.709314,-2537.102434,752.425168,-74882.030893,0.000000,2209.886537
208.200000,30.600000,33.851364,-0.299889,85.271321,1705.426426,1879.399528,-0.102011,856.685055,-12894.297533,-2537.730029,751.759811,-74966.846122,0.000000,2209.884302
208.300000,30.566667,33.821375,-0.300170,85.178129,1703.562589,1877.734567,-0.102240,857.589280,-12908.771422,-2538.327939,751.093827,-75050.996642,0.000000,2209.856769
208.400000,30.533333,33.791358,-0.300448,85.084940,1701.698801,1876.068048,-0.102468,858.486387,-12923.131932,-2538.896419,750.427219,-75134.487977,0.000000,2209.804170
208.500000,30.500000,33.761314,-0.300724,84.991753,1699.835063,1874.399984,-0.102695,859.376435,-12937.380004,-2539.435723,749.759994,-75217.325605,0.000000,2209.726736
208.600000,30.466667,33.731241,-0.300998,84.898569,1697.971373,1872.730387,-0.102922,860.259477,-12951.516572,-2539.946103,749.092155,-75299.514955,0.000000,2209.624692
208.700000,30.433333,33.701141,-0.301270,84.805387,1696.107732,1871.059269,-0.103149,861.135571,-12965.542562,-2540.427808,748.423708,-75381.061405,0.000000,2209.498265
208.800000,30.400000,33.671014,-0.301540,84.712207,1694.244138,1869.386642,-0.103375,862.004769,-12979.458890,-2540.881086,747.754657,-75461.970290,0.000000,2209.347676
208.900000,30.366667,33.640860,-0.301807,84.619030,1692.380592,1867.712518,-0.103601,862.867127,-12993.266466,-2541.306180,747.085007,-75542.246894,0.000000,2209.173148
209.000000,30.333333,33.610680,-0.302073,84.525855,1690.517093,1866.036908,-0.103826,863.722699,-13006.966191,-2541.703334,746.414763,-75621.896457,0.000000,2208.974898
209.100000,30.300000,33.580472,-0.302336,84.432682,1688.653641,1864.359824,-0.104051,864.571537,-13020.558957,-2542.072789,745.743930,-75700.924171,0.000000,2208.753143
209.200000,30.266667,33.550239,-0.302598,84.339512,1686.790236,1862.681277,-0.104276,865.413696,-13034.045651,-2542.414783,745.072511,-75779.335182,0.000000,2208.508097
209.300000,30.233333,33.519979,-0.302857,84.246344,1684.926877,1861.001280,-0.104500,866.249227,-13047.427150,-2542.729551,744.400512,-75857.134592,0.000000,2208.239974
209.400000,30.200000,33.489693,-0.303114,84.153178,1683.063563,1859.319842,-0.104723,867.078182,-13060.704323,-2543.017330,743.727937,-75934.327458,0.000000,2207.948982
209.500000,30.166667,33.459382,-0.303370,84.060015,1681.200295,1857.636976,-0.104947,867.900614,-13073.878032,-2543.278349,743.054791,-76010.918791,0.000000,2207.635332
209.600000,30.133333,33.429045,-0.303623,83.966854,1679.337072,1855.952693,-0.105170,868.716574,-13086.949132,-2543.512841,742.381077,-76086.913560,0.000000,2207.299228
209.700000,30.100000,33.398682,-0.303874,83.873695,1677.473894,1854.267003,-0.105392,869.526112,-13099.918470,-2543.721032,741.706801,-76162.316688,0.000000,2206.940876
209.800000,30.066667,33.368295,-0.304124,83.780538,1675.610760,1852.579918,-0.105615,870.329279,-13112.786886,-2543.903149,741.031967,-76237.133057,0.000000,2206.560478
209.900000,30.033333,33.337883,-0.304371,83.687384,1673.747670,1850.891448,-0.105837,871.126126,-13125.555211,-2544.059415,740.356579,-76311.367504,0.000000,2206.158235
210.000000,30.000000,33.307446,-0.304617,83.594231,1671.884624,1849.201604,-0.106058,871.916701,-13138.224270,-2544.190054,739.680642,-76385.024827,0.000000,2205.734344
210.100000,29.966667,33.276984,-0.304860,83.501081,1670.021621,1847.510397,-0.106279,872.701054,-13150.794882,-2544.295285,739.004159,-76458.109778,0.000000,2205.289003
210.200000,29.933333,33.246498,-0.305102,83.407933,1668.158661,1845.817838,-0.106500,873.479234,-13163.267856,-2544.375326,738.327135,-76530.627070,0.000000,2204.822407
210.300000,29.900000,33.215988,-0.305342,83.314787,1666.295744,1844.123937,-0.106721,874.251289,-13175.643996,-2544.430394,737.649575,-76602.581374,0.000000,2204.334749
210.400000,29.866667,33.185453,-0.305580,83.221643,1664.432869,1842.428704,-0.106941,875.017267,-13187.924099,-2544.460703,736.971482,-76673.977321,0.000000,2203.826219
210.500000,29.833333,33.154895,-0.305816,83.128502,1662.570037,1840.732150,-0.107161,875.777217,-13200.108954,-2544.466465,736.292860,-76744.819500,0.000000,2203.297007
210.600000,29.800000,33.124314,-0.306050,83.035362,1660.707246,1839.034284,-0.107380,876.531185,-13212.199343,-2544.447892,735.613714,-76815.112462,0.000000,2202.747301
210.700000,29.766667,33.093709,-0.306283,82.942225,1658.844496,1837.335118,-0.107599,877.279218,-13224.196043,-2544.405191,734.934047,-76884.860716,0.000000,2202.177286
210.800000,29.733333,33.063080,-0.306514,82.849089,1656.981788,1835.634661,-0.107818,878.021363,-13236.099822,-2544.338569,734.253864,-76954.068735,0.000000,2201.587147
210.900000,29.700000,33.032429,-0.306742,82.755956,1655.119120,1833.932923,-0.108037,878.757665,-13247.911443,-2544.248233,733.573169,-77022.740949,0.000000,2200.977065
211.000000,29.666667,33.001755,-0.306970,82.662825,1653.256493,1832.229915,-0.108255,879.488171,-13259.631662,-2544.134384,732.891966,-77090.881753,0.000000,2200.347221
211.100000,29.633333,32.971058,-0.307195,82.569695,1651.393906,1830.525645,-0.108473,880.212927,-13271.261227,-2543.997225,732.210258,-77158.495503,0.000000,2199.697795
211.200000,29.600000,32.940338,-0.307419,82.476568,1649.531359,1828.820124,-0.108691,880.931976,-13282.800881,-2543.836956,731.528050,-77225.586516,0.000000,2199.028962
211.300000,29.566667,32.909597,-0.307641,82.383443,1647.668851,1827.113362,-0.108908,881.645364,-13294.251361,-2543.653773,730.845345,-77292.159073,0.000000,2198.340899
211.400000,29.533333,32.878833,-0.307861,82.290319,1645.806382,1825.405367,-0.109125,882.353135,-13305.613396,-2543.447875,730.162147,-77358.217417,0.000000,2197.633779
211.500000,29.500000,32.848046,-0.308079,82.197198,1643.943953,1823.696150,-0.109342,883.055332,-13316.887710,-2543.219454,729.478460,-77423.765756,0.000000,2196.907775
211.600000,29.466667,32.817239,-0.308296,82.104078,1642.081562,1821.985720,-0.109559,883.752001,-13328.075020,-2542.968704,728.794288,-77488.808258,0.000000,2196.163057
211.700000,29.433333,32.786409,-0.308511,82.010960,1640.219210,1820.274086,-0.109775,884.443183,-13339.176038,-2542.695816,728.109634,-77553.349059,0.000000,2195.399793
211.800000,29.400000,32.755558,-0.308725,81.917845,1638.356895,1818.561258,-0.109991,885.128921,-13350.191468,-2542.400979,727.424503,-77617.392257,0.000000,2194.618152
211.900000,29.366667,32.724685,-0.308936,81.824731,1636.494619,1816.847244,-0.110207,885.809259,-13361.122010,-2542.084381,726.738898,-77680.941917,0.000000,2193.818299
212.000000,29.333333,32.693792,-0.309147,81.731619,1634.632379,1815.132055,-0.110422,886.484238,-13371.968355,-2541.746209,726.052822,-77744.002065,0.000000,2193.000399
212.100000,29.300000,32.662877,-0.309355,81.638509,1632.770177,1813.415698,-0.110637,887.153900,-13382.731192,-2541.386647,725.366279,-77806.576696,0.000000,2192.164613
212.200000,29.266667,32.631942,-0.309562,81.545401,1630.908012,1811.698184,-0.110852,887.818287,-13393.411200,-2541.005877,724.679273,-77868.669769,0.000000,2191.311103
212.300000,29.233333,32.600985,-0.309768,81.452294,1629.045884,1809.979520,-0.111067,888.477440,-13404.009056,-2540.604081,723.991808,-77930.285210,0.000000,2190.440029
212.400000,29.200000,32.570009,-0.309971,81.359190,1627.183792,1808.259716,-0.111282,889.131399,-13414.525429,-2540.181439,723.303886,-77991.426910,0.000000,2189.551549
212.500000,29.166667,32.539011,-0.310174,81.266087,1625.321736,1806.538780,-0.111496,889.780206,-13424.960981,-2539.738128,722.615512,-78052.098728,0.000000,2188.645819
212.600000,29.133333,32.507994,-0.310374,81.172986,1623.459716,1804.816722,-0.111710,890.423899,-13435.316372,-2539.274326,721.926689,-78112.304489,0.000000,2187.722994
212.700000,29.100000,32.476957,-0.310573,81.079887,1621.597731,1803.093550,-0.111924,891.062520,-13445.592253,-2538.790208,721.237420,-78172.047985,0.000000,2186.783229
212.800000,29.066667,32.445899,-0.310771,80.986789,1619.735782,1801.369271,-0.112138,891.696108,-13455.789272,-2538.285946,720.547709,-78231.332977,0.000000,2185.826676
212.900000,29.033333,32.414822,-0.310967,80.893693,1617.873868,1799.643896,-0.112351,892.324702,-13465.908069,-2537.761713,719.857558,-78290.163193,0.000000,2184.853485
213.000000,29.000000,32.383725,-0.311162,80.800599,1616.011988,1797.917432,-0.112564,892.948340,-13475.949280,-2537.217680,719.166973,-78348.542328,0.000000,2183.863806
213.100000,28.966667,32.352609,-0.311355,80.707507,1614.150143,1796.189888,-0.112777,893.567062,-13485.913536,-2536.654015,718.475955,-78406.474048,0.000000,2182.857787
213.200000,28.933333,32.321474,-0.311547,80.614417,1612.288332,1794.461271,-0.112990,894.180906,-13495.801461,-2536.070885,717.784508,-78463.961985,0.000000,2181.835575
213.300000,28.900000,32.290319,-0.311737,80.521328,1610.426555,1792.731591,-0.113203,894.789909,-13505.613676,-2535.468458,717.092636,-78521.009743,0.000000,2180.797315
213.400000,28.866667,32.259145,-0.311925,80.428241,1608.564812,1791.000855,-0.113415,895.394109,-13515.350793,-2534.846897,716.400342,-78577.620892,0.000000,2179.743150
213.500000,28.833333,32.227953,-0.312113,80.335155,1606.703103,1789.269071,-0.113628,895.993545,-13525.013424,-2534.206366,715.707628,-78633.798975,0.000000,2178.673224
213.600000,28.800000,32.196742,-0.312298,80.242071,1604.841426,1787.536247,-0.113840,896.588251,-13534.602171,-2533.547027,715.014499,-78689.547503,0.000000,2177.587678
213.700000,28.766667,32.165512,-0.312483,80.148989,1602.979783,1785.802392,-0.114052,897.178266,-13544.117633,-2532.869039,714.320957,-78744.869958,0.000000,2176.486652
213.800000,28.733333,32.134263,-0.312666,80.055909,1601.118172,1784.067513,-0.114263,897.763626,-13553.560404,-2532.172562,713.627005,-78799.769790,0.000000,2175.370285
213.900000,28.700000,32.102997,-0.312848,79.962830,1599.256593,1782.331618,-0.114475,898.344368,-13562.931073,-2531.457754,712.932647,-78854.250424,0.000000,2174.238713
214.000000,28.666667,32.071712,-0.313028,79.869752,1597.395047,1780.594715,-0.114687,898.920526,-13572.230223,-2530.724770,712.237886,-78908.315252,0.000000,2173.092073
214.100000,28.633333,32.040409,-0.313207,79.776677,1595.533533,1778.856811,-0.114898,899.492136,-13581.458434,-2529.973765,711.542724,-78961.967641,0.000000,2171.930500
214.200000,28.600000,32.009089,-0.313384,79.683603,1593.672051,1777.117914,-0.115109,900.059234,-13590.616279,-2529.204894,710.847166,-79015.210926,0.000000,2170.754128
214.300000,28.566667,31.977750,-0.313560,79.590530,1591.810600,1775.378032,-0.115320,900.621855,-13599.704328,-2528.418307,710.151213,-79068.048417,0.000000,2169.563089
214.400000,28.533333,31.946394,-0.313735,79.497459,1589.949180,1773.637172,-0.115531,901.180034,-13608.723144,-2527.614157,709.454869,-79120.483393,0.000000,2168.357513
214.500000,28.500000,31.915021,-0.313908,79.404390,1588.087792,1771.895342,-0.115741,901.733804,-13617.673286,-2526.792592,708.758137,-79172.519108,0.000000,2167.137531
214.600000,28.466667,31.883630,-0.314081,79.311322,1586.226434,1770.152549,-0.115952,902.283201,-13626.555311,-2525.953760,708.061020,-79224.158786,0.000000,2165.903273
214.700000,28.433333,31.852222,-0.314251,79.218255,1584.365107,1768.408800,-0.116162,902.828257,-13635.369768,-2525.097809,707.363520,-79275.405628,0.000000,2164.654864
214.800000,28.400000,31.820797,-0.314421,79.125190,1582.503810,1766.664103,-0.116373,903.369007,-13644.117202,-2524.224885,706.665641,-79326.262803,0.000000,2163.392432
214.900000,28.366667,31.789355,-0.314589,79.032127,1580.642543,1764.918464,-0.116583,903.905484,-13652.798154,-2523.335131,705.967386,-79376.733456,0.000000,2162.116101
215.000000,28.333333,31.757896,-0.314756,78.939065,1578.781306,1763.171892,-0.116793,904.437722,-13661.413162,-2522.428691,705.268757,-79426.820707,0.000000,2160.825997
215.100000,28.300000,31.726420,-0.314922,78.846005,1576.920099,1761.424392,-0.117003,904.965752,-13669.962755,-2521.505707,704.569757,-79476.527647,0.000000,2159.522241
215.200000,28.266667,31.694928,-0.315086,78.752946,1575.058921,1759.675973,-0.117213,905.489607,-13678.447463,-2520.566319,703.870389,-79525.857343,0.000000,2158.204955
215.300000,28.233333,31.663419,-0.315249,78.659889,1573.197773,1757.926641,-0.117423,906.009320,-13686.867808,-2519.610668,703.170656,-79574.812835,0.000000,2156.874261
215.400000,28.200000,31.631894,-0.315411,78.566833,1571.336653,1756.176402,-0.117632,906.524924,-13695.224308,-2518.638890,702.470561,-79623.397139,0.000000,2155.530277
215.500000,28.166667,31.600353,-0.315572,78.473778,1569.475563,1754.425265,-0.117842,907.036448,-13703.517478,-2517.651124,701.770106,-79671.613243,0.000000,2154.173123
215.600000,28.133333,31.568796,-0.315732,78.380725,1567.614501,1752.673235,-0.118051,907.543926,-13711.747828,-2516.647505,701.069294,-79719.464115,0.000000,2152.802915
215.700000,28.100000,31.537223,-0.315890,78.287673,1565.753467,1750.920320,-0.118261,908.047388,-13719.915863,-2515.628168,700.368128,-79766.952693,0.000000,2151.419770
215.800000,28.066667,31.505634,-0.316047,78.194623,1563.892461,1749.166526,-0.118470,908.546865,-13728.022086,-2514.593246,699.666610,-79814.081893,0.000000,2150.023802
215.900000,28.033333,31.474029,-0.316203,78.101574,1562.031484,1747.411860,-0.118679,909.042388,-13736.066992,-2513.542873,698.964744,-79860.854607,0.000000,2148.615127
216.000000,28.000000,31.442409,-0.316358,78.008527,1560.170534,1745.656328,-0.118888,909.533988,-13744.051077,-2512.477178,698.262531,-79907.273702,0.000000,2147.193857
216.100000,27.966667,31.410773,-0.316511,77.915481,1558.309612,1743.899937,-0.119097,910.021695,-13751.974828,-2511.396292,697.559975,-79953.342022,0.000000,2145.760104
216.200000,27.933333,31.379122,-0.316664,77.822436,1556.448717,1742.142694,-0.119306,910.505539,-13759.838731,-2510.300345,696.857077,-79999.062387,0.000000,2144.313980
216.300000,27.900000,31.347456,-0.316815,77.729392,1554.587849,1740.384604,-0.119515,910.985550,-13767.643266,-2509.189463,696.153842,-80044.437592,0.000000,2142.855594
216.400000,27.866667,31.315774,-0.316965,77.636350,1552.727008,1738.625675,-0.119724,911.461757,-13775.388911,-2508.063775,695.450270,-80089.470411,0.000000,2141.385055
216.500000,27.833333,31.284078,-0.317114,77.543310,1550.866194,1736.865912,-0.119933,911.934190,-13783.076138,-2506.923405,694.746365,-80134.163595,0.000000,2139.902472
216.600000,27.800000,31.252366,-0.317262,77.450270,1549.005407,1735.105322,-0.120142,912.402877,-13790.705418,-2505.768478,694.042129,-80178.519870,0.000000,2138.407951
216.700000,27.766667,31.220640,-0.317408,77.357232,1547.144646,1733.343912,-0.120350,912.867848,-13798.277214,-2504.599117,693.337565,-80222.541941,0.000000,2136.901599
216.800000,27.733333,31.188899,-0.317554,77.264196,1545.283911,1731.581686,-0.120559,913.329132,-13805.791989,-2503.415446,692.632674,-80266.232492,0.000000,2135.383520
216.900000,27.700000,31.157144,-0.317699,77.171160,1543.423202,1729.818652,-0.120768,913.786755,-13813.250199,-2502.217585,691.927461,-80309.594181,0.000000,2133.853819
217.000000,27.666667,31.125374,-0.317842,77.078126,1541.562519,1728.054816,-0.120976,914.240748,-13820.652300,-2501.005655,691.221926,-80352.629648,0.000000,2132.312599
217.100000,27.633333,31.093590,-0.317984,76.985093,1539.701861,1726.290183,-0.121185,914.691137,-13827.998740,-2499.779776,690.516073,-80395.341509,0.000000,2130.759963
217.200000,27.600000,31.061791,-0.318126,76.892061,1537.841229,1724.524760,-0.121393,915.137951,-13835.289966,-2498.540064,689.809904,-80437.732359,0.000000,2129.196011
217.300000,27.566667,31.029979,-0.318266,76.799031,1535.980622,1722.758552,-0.121602,915.581217,-13842.526421,-2497.286639,689.103421,-80479.804771,0.000000,2127.620843
217.400000,27.533333,30.998152,-0.318405,76.706002,1534.120040,1720.991566,-0.121810,916.020962,-13849.708543,-2496.019615,688.396626,-80521.561298,0.000000,2126.034560
217.500000,27.500000,30.966312,-0.318543,76.612974,1532.259483,1719.223806,-0.122019,916.457213,-13856.836769,-2494.739109,687.689523,-80563.004471,0.000000,2124.437261
217.600000,27.466667,30.934457,-0.318680,76.519948,1530.398950,1717.455280,-0.122227,916.889998,-13863.911530,-2493.445234,686.982112,-80604.136801,0.000000,2122.829041
217.700000,27.433333,30.902589,-0.318817,76.426922,1528.538442,1715.685993,-0.122436,917.319342,-13870.933254,-2492.138105,686.274397,-80644.960777,0.000000,2121.210000
217.800000,27.400000,30.870708,-0.318952,76.333898,1526.677958,1713.915950,-0.122644,917.745273,-13877.902365,-2490.817832,685.566380,-80685.478869,0.000000,2119.580231
217.900000,27.366667,30.838813,-0.319086,76.240875,1524.817499,1712.145158,-0.122853,918.167815,-13884.819286,-2489.484528,684.858063,-80725.693526,0.000000,2117.939831
218.000000,27.333333,30.806904,-0.319219,76.147853,1522.957063,1710.373621,-0.123061,918.586997,-13891.684435,-2488.138303,684.149448,-80765.607177,0.000000,2116.288894
218.100000,27.300000,30.774982,-0.319351,76.054833,1521.096652,1708.601345,-0.123269,919.002842,-13898.498224,-2486.779267,683.440538,-80805.222232,0.000000,2114.627513
218.200000,27.266667,30.743047,-0.319482,75.961813,1519.236264,1706.828336,-0.123478,919.415378,-13905.261066,-2485.407527,682.731335,-80844.541080,0.000000,2112.955780
218.300000,27.233333,30.711099,-0.319612,75.868795,1517.375899,1705.054600,-0.123686,919.824628,-13911.973368,-2484.023192,682.021840,-80883.566091,0.000000,2111.273788
218.400000,27.200000,30.679138,-0.319741,75.775778,1515.515557,1703.280141,-0.123895,920.230619,-13918.635534,-2482.626368,681.312057,-80922.299615,0.000000,2109.581626
218.500000,27.166667,30.647164,-0.319869,75.682762,1513.655239,1701.504966,-0.124103,920.633376,-13925.247965,-2481.217161,680.601986,-80960.743985,0.000000,2107.879385
218.600000,27.133333,30.615177,-0.319996,75.589747,1511.794944,1699.729079,-0.124312,921.032922,-13931.811060,-2479.795676,679.891632,-80998.901511,0.000000,2106.167155
218.700000,27.100000,30.583177,-0.320123,75.496734,1509.934671,1697.952486,-0.124520,921.429283,-13938.325212,-2478.362017,679.180995,-81036.774489,0.000000,2104.445023
218.800000,27.066667,30.551165,-0.320248,75.403721,1508.074421,1696.175192,-0.124729,921.822484,-13944.790813,-2476.916287,678.470077,-81074.365192,0.000000,2102.713077
218.900000,27.033333,30.519140,-0.320372,75.310710,1506.214193,1694.397203,-0.124938,922.212548,-13951.208251,-2475.458587,677.758881,-81111.675878,0.000000,2100.971404
219.000000,27.000000,30.487103,-0.320496,75.217699,1504.353988,1692.618523,-0.125146,922.599499,-13957.577911,-2473.989020,677.047409,-81148.708783,0.000000,2099.220090
219.100000,26.966667,30.455053,-0.320618,75.124690,1502.493805,1690.839157,-0.125355,922.983361,-13963.900174,-2472.507686,676.335663,-81185.466129,0.000000,2097.459220
219.200000,26.933333,30.422991,-0.320740,75.031682,1500.633644,1689.059112,-0.125564,923.364158,-13970.175420,-2471.014684,675.623645,-81221.950116,0.000000,2095.688879
219.300000,26.900000,30.390917,-0.320861,74.938675,1498.773504,1687.278391,-0.125773,923.741914,-13976.404024,-2469.510113,674.911356,-81258.162929,0.000000,2093.909150
219.400000,26.866667,30.358831,-0.320980,74.845669,1496.913387,1685.497000,-0.125982,924.116651,-13982.586358,-2467.994071,674.198800,-81294.106734,0.000000,2092.120117
219.500000,26.833333,30.326733,-0.321099,74.752665,1495.053290,1683.714944,-0.126191,924.488392,-13988.722793,-2466.466656,673.485978,-81329.783679,0.000000,2090.321861
219.600000,26.800000,30.294623,-0.321217,74.659661,1493.193215,1681.932227,-0.126400,924.857162,-13994.813694,-2464.927962,672.772891,-81365.195896,0.000000,2088.514464
219.700000,26.766667,30.262502,-0.321334,74.566658,1491.333162,1680.148856,-0.126609,925.222981,-14000.859426,-2463.378086,672.059542,-81400.345498,0.000000,2086.698007
219.800000,26.733333,30.230368,-0.321451,74.473656,1489.473129,1678.364833,-0.126818,925.585873,-14006.860348,-2461.817122,671.345933,-81435.234583,0.000000,2084.872569
219.900000,26.700000,30.198223,-0.321566,74.380656,1487.613117,1676.580165,-0.127027,925.945860,-14012.816820,-2460.245164,670.632066,-81469.865231,0.000000,2083.038231
220.000000,26.666667,30.166066,-0.321681,74.287656,1485.753126,1674.794857,-0.127236,926.302965,-14018.729195,-2458.662305,669.917943,-81504.239505,0.000000,2081.195071
220.100000,26.633333,30.133898,-0.321795,74.194658,1483.893155,1673.008912,-0.127446,926.657208,-14024.597826,-2457.068637,669.203565,-81538.359451,0.000000,2079.343166
220.200000,26.600000,30.101719,-0.321907,74.101660,1482.033205,1671.222335,-0.127655,927.008613,-14030.423061,-2455.464251,668.488934,-81572.227099,0.000000,2077.482594
220.300000,26.566667,30.069528,-0.322019,74.008664,1480.173276,1669.435132,-0.127865,927.357201,-14036.205248,-2453.849239,667.774053,-81605.844464,0.000000,2075.613431
220.400000,26.533333,30.037326,-0.322131,73.915668,1478.313366,1667.647307,-0.128074,927.702992,-14041.944729,-2452.223690,667.058923,-81639.213542,0.000000,2073.735753
220.500000,26.500000,30.005113,-0.322241,73.822674,1476.453476,1665.858864,-0.128284,928.046010,-14047.641846,-2450.587693,666.343546,-81672.336316,0.000000,2071.849635
220.600000,26.466667,29.972889,-0.322351,73.729680,1474.593607,1664.069808,-0.128494,928.386274,-14053.296937,-2448.941336,665.627923,-81705.214750,0.000000,2069.955152
220.700000,26.433333,29.940654,-0.322460,73.636688,1472.733757,1662.280144,-0.128704,928.723805,-14058.910337,-2447.284707,664.912058,-81737.850794,0.000000,2068.052377
220.800000,26.400000,29.908408,-0.322567,73.543696,1470.873926,1660.489876,-0.128914,929.058625,-14064.482378,-2445.617893,664.195950,-81770.246384,0.000000,2066.141384
220.900000,26.366667,29.876151,-0.322675,73.450706,1469.014115,1658.699008,-0.129124,929.390755,-14070.013391,-2443.940979,663.479603,-81802.403436,0.000000,2064.222245
221.000000,26.333333,29.843884,-0.322781,73.357716,1467.154323,1656.907545,-0.129334,929.720214,-14075.503703,-2442.254052,662.763018,-81834.323854,0.000000,2062.295031
221.100000,26.300000,29.811606,-0.322887,73.264728,1465.294551,1655.115491,-0.129545,930.047022,-14080.953639,-2440.557196,662.046196,-81866.009528,0.000000,2060.359815
221.200000,26.266667,29.779317,-0.322992,73.171740,1463.434797,1653.322851,-0.129755,930.371201,-14086.363520,-2438.850494,661.329140,-81897.462328,0.000000,2058.416666
221.300000,26.233333,29.747018,-0.323096,73.078753,1461.575063,1651.529629,-0.129966,930.692770,-14091.733668,-2437.134031,660.611852,-81928.684113,0.000000,2056.465655
221.400000,26.200000,29.714708,-0.323199,72.985767,1459.715347,1649.735829,-0.130176,931.011749,-14097.064397,-2435.407887,659.894332,-81959.676727,0.000000,2054.506851
221.500000,26.166667,29.682388,-0.323301,72.892782,1457.855650,1647.941456,-0.130387,931.328158,-14102.356024,-2433.672146,659.176582,-81990.441998,0.000000,2052.540322
221.600000,26.133333,29.650058,-0.323403,72.799799,1455.995971,1646.146513,-0.130598,931.642016,-14107.608859,-2431.926888,658.458605,-82020.981739,0.000000,2050.566137
221.700000,26.100000,29.617718,-0.323504,72.706816,1454.136311,1644.351005,-0.130809,931.953342,-14112.823213,-2430.172194,657.740402,-82051.297750,0.000000,2048.584363
221.800000,26.066667,29.585368,-0.323605,72.613833,1452.276669,1642.554936,-0.131021,932.262157,-14117.999392,-2428.408143,657.021974,-82081.391816,0.000000,2046.595066
221.900000,26.033333,29.553007,-0.323704,72.520852,1450.417045,1640.758310,-0.131232,932.568478,-14123.137702,-2426.634814,656.303324,-82111.265707,0.000000,2044.598314
222.000000,26.000000,29.520637,-0.323803,72.427872,1448.557439,1638.961131,-0.131444,932.872325,-14128.238443,-2424.852286,655.584452,-82140.921181,0.000000,2042.594172
222.100000,25.966667,29.488256,-0.323901,72.334893,1446.697851,1637.163403,-0.131655,933.173716,-14133.301917,-2423.060637,654.865361,-82170.359981,0.000000,2040.582704
222.200000,25.933333,29.455866,-0.323999,72.241914,1444.838280,1635.365131,-0.131867,933.472671,-14138.328419,-2421.259943,654.146052,-82199.583834,0.000000,2038.563976
222.300000,25.900000,29.423466,-0.324095,72.148936,1442.978727,1633.566318,-0.132079,933.769207,-14143.318247,-2419.450281,653.426527,-82228.594457,0.000000,2036.538052
222.400000,25.866667,29.391057,-0.324191,72.055960,1441.119192,1631.766967,-0.132291,934.063343,-14148.271691,-2417.631727,652.706787,-82257.393551,0.000000,2034.504994
222.500000,25.833333,29.358638,-0.324287,71.962984,1439.259674,1629.967084,-0.132504,934.355098,-14153.189042,-2415.804355,651.986834,-82285.982805,0.000000,2032.464866
222.600000,25.800000,29.326209,-0.324381,71.870009,1437.400174,1628.166672,-0.132716,934.644489,-14158.070589,-2413.968240,651.266669,-82314.363892,0.000000,2030.417730
222.700000,25.766667,29.293771,-0.324475,71.777035,1435.540690,1626.365735,-0.132929,934.931534,-14162.916618,-2412.123457,650.546294,-82342.538475,0.000000,2028.363647
222.800000,25.733333,29.261323,-0.324568,71.684061,1433.681224,1624.564276,-0.133142,935.216251,-14167.727411,-2410.270077,649.825710,-82370.508202,0.000000,2026.302679
222.900000,25.700000,29.228867,-0.324661,71.591089,1431.821774,1622.762299,-0.133355,935.498658,-14172.503250,-2408.408175,649.104920,-82398.274709,0.000000,2024.234886
223.000000,25.666667,29.196400,-0.324753,71.498117,1429.962341,1620.959809,-0.133568,935.778772,-14177.244414,-2406.537821,648.383924,-82425.839618,0.000000,2022.160328
223.100000,25.633333,29.163925,-0.324844,71.405146,1428.102925,1619.156809,-0.133782,936.056610,-14181.951181,-2404.659087,647.662723,-82453.204539,0.000000,2020.079066
223.200000,25.600000,29.131441,-0.324935,71.312176,1426.243525,1617.353302,-0.133995,936.332190,-14186.623824,-2402.772044,646.941321,-82480.371068,0.000000,2017.991157
223.300000,25.566667,29.098947,-0.325024,71.219207,1424.384142,1615.549292,-0.134209,936.605528,-14191.262616,-2400.876763,646.219717,-82507.340790,0.000000,2015.896661
223.400000,25.533333,29.066445,-0.325114,71.126239,1422.524775,1613.744783,-0.134423,936.876643,-14195.867828,-2398.973311,645.497913,-82534.115278,0.000000,2013.795635
223.500000,25.500000,29.033933,-0.325202,71.033271,1420.665425,1611.939779,-0.134637,937.145549,-14200.439728,-2397.061760,644.775912,-82560.696091,0.000000,2011.688138
223.600000,25.466667,29.001413,-0.325290,70.940305,1418.806090,1610.134283,-0.134852,937.412265,-14204.978582,-2395.142176,644.053713,-82587.084776,0.000000,2009.574224
223.700000,25.433333,28.968884,-0.325378,70.847339,1416.946772,1608.328298,-0.135066,937.676807,-14209.484653,-2393.214628,643.331319,-82613.282869,0.000000,2007.453953
223.800000,25.400000,28.936346,-0.325464,70.754373,1415.087469,1606.521829,-0.135281,937.939191,-14213.958205,-2391.279183,642.608732,-82639.291892,0.000000,2005.327378
223.900000,25.366667,28.903800,-0.325550,70.661409,1413.228182,1604.714878,-0.135496,938.199434,-14218.399498,-2389.335907,641.885951,-82665.113358,0.000000,2003.194556
224.000000,25.333333,28.871245,-0.325636,70.568446,1411.368911,1602.907450,-0.135711,938.457551,-14222.808788,-2387.384867,641.162980,-82690.748765,0.000000,2001.055542
224.100000,25.300000,28.838681,-0.325721,70.475483,1409.509655,1601.099547,-0.135927,938.713558,-14227.186331,-2385.426129,640.439819,-82716.199601,0.000000,1998.910390
224.200000,25.266667,28.806109,-0.325805,70.382521,1407.650415,1599.291173,-0.136142,938.967473,-14231.532383,-2383.459757,639.716469,-82741.467343,0.000000,1996.759154
224.300000,25.233333,28.773529,-0.325889,70.289559,1405.791190,1597.482331,-0.136358,939.219310,-14235.847194,-2381.485815,638.992932,-82766.553455,0.000000,1994.601888
224.400000,25.200000,28.740940,-0.325972,70.196599,1403.931980,1595.673025,-0.136574,939.469084,-14240.131015,-2379.504368,638.269210,-82791.459389,0.000000,1992.438644
224.500000,25.166667,28.708343,-0.326054,70.103639,1402.072785,1593.863259,-0.136791,939.716813,-14244.384093,-2377.515479,637.545303,-82816.186588,0.000000,1990.269476
224.600000,25.133333,28.675737,-0.326136,70.010680,1400.213606,1592.053034,-0.137007,939.962510,-14248.606675,-2375.519211,636.821214,-82840.736483,0.000000,1988.094435
224.700000,25.100000,28.643124,-0.326217,69.917722,1398.354441,1590.242355,-0.137224,940.206192,-14252.799005,-2373.515626,636.096942,-82865.110492,0.000000,1985.913573
224.800000,25.066667,28.610502,-0.326298,69.824765,1396.495291,1588.431226,-0.137441,940.447873,-14256.961324,-2371.504786,635.372490,-82889.310025,0.000000,1983.726942
224.900000,25.033333,28.577872,-0.326378,69.731808,1394.636156,1586.619648,-0.137658,940.687569,-14261.093874,-2369.486751,634.647859,-82913.336478,0.000000,1981.534591
225.000000,25.000000,28.545235,-0.326457,69.638852,1392.777036,1584.807626,-0.137876,940.925295,-14265.196893,-2367.461584,633.923050,-82937.191238,0.000000,1979.336572
225.100000,24.966667,28.512589,-0.326536,69.545896,1390.917930,1582.995162,-0.138094,941.161065,-14269.270617,-2365.429343,633.198065,-82960.875681,0.000000,1977.132934
225.200000,24.933333,28.479935,-0.326615,69.452942,1389.058838,1581.182260,-0.138312,941.394894,-14273.315282,-2363.390090,632.472904,-82984.391172,0.000000,1974.923727
225.300000,24.900000,28.447274,-0.326692,69.359988,1387.199761,1579.368923,-0.138530,941.626796,-14277.331119,-2361.343882,631.747569,-83007.739065,0.000000,1972.709000
225.400000,24.866667,28.414605,-0.326770,69.267035,1385.340698,1577.555153,-0.138749,941.856787,-14281.318361,-2359.290779,631.022061,-83030.920705,0.000000,1970.488800
225.500000,24.833333,28.381928,-0.326846,69.174082,1383.481650,1575.740955,-0.138968,942.084880,-14285.277237,-2357.230839,630.296382,-83053.937426,0.000000,1968.263178
225.600000,24.800000,28.349243,-0.326923,69.081131,1381.622615,1573.926331,-0.139187,942.311090,-14289.207975,-2355.164119,629.570532,-83076.790550,0.000000,1966.032179
225.700000,24.766667,28.316551,-0.326998,68.988180,1379.763594,1572.111284,-0.139406,942.535431,-14293.110799,-2353.090677,628.844513,-83099.481390,0.000000,1963.795851
225.800000,24.733333,28.283851,-0.327073,68.895229,1377.904587,1570.295817,-0.139626,942.757917,-14296.985935,-2351.010569,628.118327,-83122.011250,0.000000,1961.554242
225.900000,24.700000,28.251144,-0.327148,68.802280,1376.045594,1568.479932,-0.139846,942.978562,-14300.833605,-2348.923853,627.391973,-83144.381423,0.000000,1959.307398
226.000000,24.666667,28.218429,-0.327222,68.709331,1374.186615,1566.663634,-0.140066,943.197380,-14304.654029,-2346.830583,626.665454,-83166.593191,0.000000,1957.055364
226.100000,24.633333,28.185707,-0.327295,68.616382,1372.327649,1564.846925,-0.140287,943.414384,-14308.447426,-2344.730814,625.938770,-83188.647828,0.000000,1954.798187
226.200000,24.600000,28.152977,-0.327368,68.523435,1370.468696,1563.029808,-0.140507,943.629588,-14312.214015,-2342.624603,625.211923,-83210.546597,0.000000,1952.535911
226.300000,24.566667,28.120240,-0.327441,68.430488,1368.609757,1561.212285,-0.140729,943.843006,-14315.954009,-2340.512003,624.484914,-83232.290751,0.000000,1950.268582
226.400000,24.533333,28.087496,-0.327513,68.337542,1366.750832,1559.394360,-0.140950,944.054651,-14319.667624,-2338.393068,623.757744,-83253.881534,0.000000,1947.996244
226.500000,24.500000,28.054745,-0.327584,68.244596,1364.891919,1557.576036,-0.141172,944.264536,-14323.355071,-2336.267851,623.030414,-83275.320182,0.000000,1945.718941
226.600000,24.466667,28.021986,-0.327655,68.151651,1363.033020,1555.757315,-0.141394,944.472674,-14327.016562,-2334.136406,622.302926,-83296.607918,0.000000,1943.436717
226.700000,24.433333,27.989221,-0.327726,68.058707,1361.174134,1553.938199,-0.141616,944.679079,-14330.652305,-2331.998785,621.575280,-83317.745958,0.000000,1941.149615
226.800000,24.400000,27.956448,-0.327796,67.965763,1359.315260,1552.118693,-0.141839,944.883763,-14334.262507,-2329.855041,620.847477,-83338.735509,0.000000,1938.857678
226.900000,24.366667,27.923669,-0.327865,67.872820,1357.456400,1550.298798,-0.142062,945.086740,-14337.847376,-2327.705225,620.119519,-83359.577767,0.000000,1936.560949
227.000000,24.333333,27.890882,-0.327934,67.779878,1355.597552,1548.478518,-0.142285,945.288022,-14341.407114,-2325.549388,619.391407,-83380.273920,0.000000,1934.259470
227.100000,24.300000,27.858089,-0.328003,67.686936,1353.738717,1546.657854,-0.142508,945.487622,-14344.941925,-2323.387581,618.663142,-83400.825148,0.000000,1931.953282
227.200000,24.266667,27.825288,-0.328071,67.593995,1351.879895,1544.836810,-0.142732,945.685552,-14348.452011,-2321.219855,617.934724,-83421.232619,0.000000,1929.642427
227.300000,24.233333,27.792481,-0.328138,67.501054,1350.021086,1543.015388,-0.142957,945.881825,-14351.937569,-2319.046259,617.206155,-83441.497496,0.000000,1927.326946
227.400000,24.200000,27.759667,-0.328205,67.408114,1348.162288,1541.193592,-0.143181,946.076453,-14355.398800,-2316.866843,616.477437,-83461.620929,0.000000,1925.006880
227.500000,24.166667,27.726847,-0.328272,67.315175,1346.303504,1539.371423,-0.143406,946.269449,-14358.835899,-2314.681657,615.748569,-83481.604062,0.000000,1922.682269
227.600000,24.133333,27.694020,-0.328338,67.222237,1344.444731,1537.548884,-0.143631,946.460825,-14362.249061,-2312.490749,615.019554,-83501.448030,0.000000,1920.353154
227.700000,24.100000,27.661186,-0.328404,67.129299,1342.585971,1535.725978,-0.143857,946.650592,-14365.638481,-2310.294167,614.290391,-83521.153958,0.000000,1918.019573
227.800000,24.066667,27.628346,-0.328469,67.036361,1340.727223,1533.902707,-0.144083,946.838764,-14369.004350,-2308.091960,613.561083,-83540.722964,0.000000,1915.681567
227.900000,24.033333,27.595499,-0.328534,66.943424,1338.868487,1532.079074,-0.144309,947.025351,-14372.346859,-2305.884174,612.831630,-83560.156157,0.000000,1913.339174
228.000000,24.000000,27.562645,-0.328598,66.850488,1337.009763,1530.255082,-0.144535,947.210366,-14375.666198,-2303.670857,612.102033,-83579.454638,0.000000,1910.992432
228.100000,23.966667,27.529785,-0.328662,66.757553,1335.151050,1528.430732,-0.144762,947.393820,-14378.962554,-2301.452056,611.372293,-83598.619498,0.000000,1908.641381
228.200000,23.933333,27.496919,-0.328726,66.664618,1333.292350,1526.606027,-0.144990,947.575725,-14382.236113,-2299.227817,610.642411,-83617.651822,0.000000,1906.286058
228.300000,23.900000,27.464047,-0.328789,66.571683,1331.433662,1524.780971,-0.145217,947.756093,-14385.487062,-2296.998185,609.912388,-83636.552685,0.000000,1903.926501
228.400000,23.866667,27.431168,-0.328851,66.478749,1329.574985,1522.955564,-0.145445,947.934935,-14388.715583,-2294.763208,609.182226,-83655.323154,0.000000,1901.562747
228.500000,23.833333,27.398283,-0.328913,66.385816,1327.716319,1521.129811,-0.145674,948.112262,-14391.921858,-2292.522928,608.451924,-83673.964291,0.000000,1899.194832
228.600000,23.800000,27.365391,-0.328975,66.292883,1325.857666,1519.303712,-0.145903,948.288085,-14395.106069,-2290.277393,607.721485,-83692.477145,0.000000,1896.822795
228.700000,23.766667,27.332494,-0.329036,66.199951,1323.999024,1517.477271,-0.146132,948.462417,-14398.268395,-2288.026645,606.990908,-83710.862761,0.000000,1894.446670
228.800000,23.733333,27.299590,-0.329097,66.107020,1322.140393,1515.650489,-0.146361,948.635267,-14401.409014,-2285.770729,606.260196,-83729.122175,0.000000,1892.066495
228.900000,23.700000,27.266681,-0.329158,66.014089,1320.281773,1513.823370,-0.146591,948.806648,-14404.528103,-2283.509688,605.529348,-83747.256414,0.000000,1889.682304
229.000000,23.666667,27.233765,-0.329218,65.921158,1318.423165,1511.995914,-0.146821,948.976569,-14407.625838,-2281.243567,604.798366,-83765.266499,0.000000,1887.294134
229.100000,23.633333,27.200843,-0.329277,65.828228,1316.564568,1510.168126,-0.147052,949.145042,-14410.702392,-2278.972407,604.067250,-83783.153442,0.000000,1884.902019
229.200000,23.600000,27.167915,-0.329336,65.735299,1314.705982,1508.340007,-0.147283,949.312077,-14413.757939,-2276.696252,603.336003,-83800.918249,0.000000,1882.505994
229.300000,23.566667,27.134982,-0.329395,65.642370,1312.847407,1506.511558,-0.147515,949.477686,-14416.792650,-2274.415143,602.604623,-83818.561918,0.000000,1880.106093
229.400000,23.533333,27.102042,-0.329454,65.549442,1310.988843,1504.682784,-0.147746,949.641878,-14419.806695,-2272.129123,601.873113,-83836.085437,0.000000,1877.702351
229.500000,23.500000,27.069097,-0.329512,65.456515,1309.130290,1502.853685,-0.147979,949.804665,-14422.800244,-2269.838233,601.141474,-83853.489791,0.000000,1875.294802
229.600000,23.466667,27.036146,-0.329569,65.363587,1307.271748,1501.024263,-0.148211,949.966056,-14425.773464,-2267.542514,600.409705,-83870.775954,0.000000,1872.883479
229.700000,23.433333,27.003189,-0.329626,65.270661,1305.413217,1499.194522,-0.148444,950.126063,-14428.726522,-2265.242008,599.677809,-83887.944894,0.000000,1870.468416
229.800000,23.400000,26.970226,-0.329683,65.177735,1303.554696,1497.364464,-0.148678,950.284695,-14431.659583,-2262.936753,598.945785,-83904.997573,0.000000,1868.049645
229.900000,23.366667,26.937258,-0.329740,65.084809,1301.696186,1495.534089,-0.148912,950.441962,-14434.572810,-2260.626792,598.213636,-83921.934944,0.000000,1865.627199
230.000000,23.333333,26.904284,-0.329796,64.991884,1299.837686,1493.703402,-0.149146,950.597875,-14437.466368,-2258.312163,597.481361,-83938.757953,0.000000,1863.201111
230.100000,23.300000,26.871304,-0.329852,64.898960,1297.979197,1491.872403,-0.149381,950.752443,-14440.340417,-2255.992906,596.748961,-83955.467541,0.000000,1860.771413
230.200000,23.266667,26.838319,-0.329907,64.806036,1296.120719,1490.041094,-0.149616,950.905678,-14443.195118,-2253.669060,596.016438,-83972.064640,0.000000,1858.338137
230.300000,23.233333,26.805328,-0.329962,64.713113,1294.262251,1488.209479,-0.149852,951.057587,-14446.030630,-2251.340664,595.283791,-83988.550175,0.000000,1855.901314
230.400000,23.200000,26.772332,-0.330016,64.620190,1292.403793,1486.377558,-0.150088,951.208182,-14448.847111,-2249.007756,594.551023,-84004.925066,0.000000,1853.460976
230.500000,23.166667,26.739331,-0.330071,64.527267,1290.545345,1484.545334,-0.150324,951.357472,-14451.644719,-2246.670375,593.818134,-84021.190225,0.000000,1851.017153
230.600000,23.133333,26.706323,-0.330124,64.434345,1288.686908,1482.712810,-0.150561,951.505467,-14454.423608,-2244.328559,593.085124,-84037.346557,0.000000,1848.569877
230.700000,23.100000,26.673311,-0.330178,64.341424,1286.828481,1480.879986,-0.150798,951.652176,-14457.183933,-2241.982344,592.351994,-84053.394961,0.000000,1846.119178
230.800000,23.066667,26.640293,-0.330231,64.248503,1284.970064,1479.046866,-0.151036,951.797609,-14459.925848,-2239.631769,591.618746,-84069.336328,0.000000,1843.665086
230.900000,23.033333,26.607270,-0.330284,64.155583,1283.111656,1477.213450,-0.151274,951.941775,-14462.649506,-2237.276869,590.885380,-84085.171545,0.000000,1841.207632
231.000000,23.000000,26.574242,-0.330336,64.062663,1281.253259,1475.379741,-0.151513,952.084684,-14465.355056,-2234.917683,590.151896,-84100.901490,0.000000,1838.746844
231.100000,22.966667,26.541208,-0.330388,63.969744,1279.394872,1473.545741,-0.151752,952.226344,-14468.042650,-2232.554245,589.418297,-84116.527036,0.000000,1836.282753
231.200000,22.933333,26.508169,-0.330440,63.876825,1277.536494,1471.711452,-0.151992,952.366765,-14470.712436,-2230.186593,588.684581,-84132.049049,0.000000,1833.815388
231.300000,22.900000,26.475125,-0.330492,63.783906,1275.678126,1469.876876,-0.152232,952.505957,-14473.364563,-2227.814761,587.950750,-84147.468389,0.000000,1831.344778
231.400000,22.866667,26.442076,-0.330543,63.690988,1273.819768,1468.042015,-0.152472,952.643928,-14475.999176,-2225.438785,587.216806,-84162.785909,0.000000,1828.870951
231.500000,22.833333,26.409022,-0.330593,63.598071,1271.961420,1466.206869,-0.152713,952.780687,-14478.616423,-2223.058701,586.482748,-84178.002457,0.000000,1826.393935
231.600000,22.800000,26.375962,-0.330644,63.505154,1270.103081,1464.371443,-0.152955,952.916243,-14481.216446,-2220.674542,585.748577,-84193.118873,0.000000,1823.913760
231.700000,22.766667,26.342898,-0.330694,63.412238,1268.244752,1462.535736,-0.153197,953.050605,-14483.799391,-2218.286344,585.014295,-84208.135993,0.000000,1821.430453
231.800000,22.733333,26.309829,-0.330744,63.319322,1266.386432,1460.699752,-0.153439,953.183782,-14486.365399,-2215.894140,584.279901,-84223.054645,0.000000,1818.944042
231.900000,22.700000,26.276754,-0.330793,63.226406,1264.528122,1458.863492,-0.153682,953.315783,-14488.914612,-2213.497965,583.545397,-84237.875652,0.000000,1816.454554
232.000000,22.666667,26.243675,-0.330842,63.133491,1262.669821,1457.026957,-0.153926,953.446616,-14491.447171,-2211.097853,582.810783,-84252.599832,0.000000,1813.962017
232.100000,22.633333,26.210591,-0.330891,63.040576,1260.811529,1455.190150,-0.154169,953.576289,-14493.963215,-2208.693835,582.076060,-84267.227995,0.000000,1811.466457
232.200000,22.600000,26.177502,-0.330939,62.947662,1258.953247,1453.353072,-0.154414,953.704812,-14496.462883,-2206.285947,581.341229,-84281.760945,0.000000,1808.967902
232.300000,22.566667,26.144408,-0.330987,62.854749,1257.094974,1451.515725,-0.154659,953.832193,-14498.946311,-2203.874220,580.606290,-84296.199483,0.000000,1806.466377
232.400000,22.533333,26.111309,-0.331035,62.761835,1255.236710,1449.678111,-0.154904,953.958440,-14501.413637,-2201.458687,579.871244,-84310.544402,0.000000,1803.961910
232.500000,22.500000,26.078206,-0.331083,62.668923,1253.378455,1447.840231,-0.155150,954.083561,-14503.864996,-2199.039381,579.136093,-84324.796490,0.000000,1801.454527
232.600000,22.466667,26.045097,-0.331130,62.576010,1251.520209,1446.002088,-0.155397,954.207565,-14506.300523,-2196.616333,578.400835,-84338.956528,0.000000,1798.944252
232.700000,22.433333,26.011984,-0.331177,62.483099,1249.661972,1444.163683,-0.155643,954.330460,-14508.720350,-2194.189575,577.665473,-84353.025293,0.000000,1796.431113
232.800000,22.400000,25.978867,-0.331223,62.390187,1247.803744,1442.325017,-0.155891,954.452254,-14511.124612,-2191.759138,576.930007,-84367.003556,0.000000,1793.915133
232.900000,22.366667,25.945744,-0.331270,62.297276,1245.945525,1440.486093,-0.156139,954.572955,-14513.513438,-2189.325054,576.194437,-84380.892082,0.000000,1791.396340
233.000000,22.333333,25.912617,-0.331316,62.204366,1244.087315,1438.646911,-0.156387,954.692571,-14515.886960,-2186.887354,575.458764,-84394.691631,0.000000,1788.874757
233.100000,22.300000,25.879486,-0.331361,62.111456,1242.229113,1436.807474,-0.156636,954.811110,-14518.245309,-2184.446068,574.722990,-84408.402957,0.000000,1786.350409
233.200000,22.266667,25.846350,-0.331407,62.018546,1240.370921,1434.967784,-0.156886,954.928580,-14520.588611,-2182.001226,573.987114,-84422.026810,0.000000,1783.823321
233.300000,22.233333,25.813209,-0.331452,61.925637,1238.512737,1433.127841,-0.157136,955.044989,-14522.916996,-2179.552860,573.251136,-84435.563932,0.000000,1781.293517
233.400000,22.200000,25.780064,-0.331497,61.832728,1236.654562,1431.287648,-0.157387,955.160345,-14525.230591,-2177.100998,572.515059,-84449.015063,0.000000,1778.761022
233.500000,22.166667,25.746914,-0.331541,61.739820,1234.796395,1429.447206,-0.157638,955.274654,-14527.529521,-2174.645671,571.778882,-84462.380936,0.000000,1776.225859
233.600000,22.133333,25.713760,-0.331586,61.646912,1232.938237,1427.606516,-0.157890,955.387926,-14529.813912,-2172.186908,571.042607,-84475.662278,0.000000,1773.688052
233.700000,22.100000,25.680601,-0.331630,61.554004,1231.080087,1425.765581,-0.158142,955.500167,-14532.083888,-2169.724738,570.306232,-84488.859812,0.000000,1771.147625
233.800000,22.066667,25.647439,-0.331673,61.461097,1229.221946,1423.924402,-0.158395,955.611385,-14534.339572,-2167.259189,569.569761,-84501.974255,0.000000,1768.604601
233.900000,22.033333,25.614271,-0.331717,61.368191,1227.363813,1422.082979,-0.158648,955.721588,-14536.581087,-2164.790292,568.833192,-84515.006321,0.000000,1766.059002
234.000000,22.000000,25.581100,-0.331760,61.275284,1225.505689,1420.241316,-0.158902,955.830782,-14538.808555,-2162.318073,568.096526,-84527.956716,0.000000,1763.510853
234.100000,21.966667,25.547924,-0.331803,61.182379,1223.647573,1418.399413,-0.159157,955.938975,-14541.022097,-2159.842562,567.359765,-84540.826144,0.000000,1760.960175
234.200000,21.933333,25.514743,-0.331845,61.089473,1221.789465,1416.557272,-0.159412,956.046175,-14543.221832,-2157.363786,566.622909,-84553.615301,0.000000,1758.406991
234.300000,21.900000,25.481559,-0.331888,60.996568,1219.931365,1414.714894,-0.159668,956.152389,-14545.407880,-2154.881774,565.885958,-84566.324881,0.000000,1755.851324
234.400000,21.866667,25.448370,-0.331930,60.903664,1218.073274,1412.872281,-0.159924,956.257624,-14547.580358,-2152.396551,565.148912,-84578.955571,0.000000,1753.293196
234.500000,21.833333,25.415177,-0.331972,60.810760,1216.215191,1411.029434,-0.160181,956.361886,-14549.739385,-2149.908147,564.411774,-84591.508054,0.000000,1750.732628
234.600000,21.800000,25.381980,-0.332013,60.717856,1214.357115,1409.186355,-0.160438,956.465184,-14551.885077,-2147.416587,563.674542,-84603.983009,0.000000,1748.169642
234.700000,21.766667,25.348778,-0.332055,60.624952,1212.499048,1407.343045,-0.160696,956.567524,-14554.017551,-2144.921900,562.937218,-84616.381108,0.000000,1745.604261
234.800000,21.733333,25.315573,-0.332096,60.532049,1210.640989,1405.499505,-0.160955,956.668913,-14556.136920,-2142.424110,562.199802,-84628.703021,0.000000,1743.036504
234.900000,21.700000,25.282363,-0.332136,60.439147,1208.782938,1403.655738,-0.161214,956.769358,-14558.243299,-2139.923245,561.462295,-84640.949412,0.000000,1740.466395
235.000000,21.666667,25.249150,-0.332177,60.346245,1206.924895,1401.811744,-0.161474,956.868866,-14560.336802,-2137.419331,560.724697,-84653.120940,0.000000,1737.893953
235.100000,21.633333,25.215932,-0.332217,60.253343,1205.066860,1399.967524,-0.161734,956.967443,-14562.417541,-2134.912394,559.987010,-84665.218261,0.000000,1735.319199
235.200000,21.600000,25.182710,-0.332257,60.160442,1203.208832,1398.123081,-0.161995,957.065097,-14564.485628,-2132.402459,559.249232,-84677.242024,0.000000,1732.742154
235.300000,21.566667,25.149485,-0.332297,60.067541,1201.350812,1396.278415,-0.162257,957.161833,-14566.541175,-2129.889552,558.511366,-84689.192876,0.000000,1730.162839
235.400000,21.533333,25.116255,-0.332337,59.974640,1199.492801,1394.433528,-0.162519,957.257660,-14568.584291,-2127.373698,557.773411,-84701.071458,0.000000,1727.581274
235.500000,21.500000,25.083021,-0.332376,59.881740,1197.634796,1392.588421,-0.162782,957.352582,-14570.615086,-2124.854923,557.035369,-84712.878407,0.000000,1724.997479
235.600000,21.466667,25.049784,-0.332415,59.788840,1195.776800,1390.743096,-0.163046,957.446608,-14572.633669,-2122.333251,556.297238,-84724.614355,0.000000,1722.411473
235.700000,21.433333,25.016542,-0.332454,59.695941,1193.918811,1388.897554,-0.163310,957.539743,-14574.640148,-2119.808707,555.559021,-84736.279932,0.000000,1719.823278
235.800000,21.400000,24.983297,-0.332493,59.603041,1192.060830,1387.051795,-0.163575,957.631994,-14576.634631,-2117.281315,554.820718,-84747.875762,0.000000,1717.232912
235.900000,21.366667,24.950047,-0.332531,59.510143,1190.202856,1385.205822,-0.163840,957.723366,-14578.617224,-2114.751100,554.082329,-84759.402463,0.000000,1714.640394
236.000000,21.333333,24.916794,-0.332570,59.417244,1188.344890,1383.359636,-0.164106,957.813868,-14580.588032,-2112.218086,553.343854,-84770.860652,0.000000,1712.045745
236.100000,21.300000,24.883537,-0.332608,59.324347,1186.486931,1381.513238,-0.164373,957.903504,-14582.547162,-2109.682296,552.605295,-84782.250940,0.000000,1709.448983
236.200000,21.266667,24.850276,-0.332645,59.231449,1184.628980,1379.666628,-0.164640,957.992281,-14584.494717,-2107.143754,551.866651,-84793.573934,0.000000,1706.850127
236.300000,21.233333,24.817012,-0.332683,59.138552,1182.771036,1377.819810,-0.164908,958.080205,-14586.430801,-2104.602484,551.127924,-84804.830237,0.000000,1704.249196
236.400000,21.200000,24.783744,-0.332720,59.045655,1180.913099,1375.972783,-0.165177,958.167282,-14588.355517,-2102.058509,550.389113,-84816.020449,0.000000,1701.646209
236.500000,21.166667,24.750472,-0.332757,58.952759,1179.055170,1374.125549,-0.165446,958.253519,-14590.268968,-2099.511851,549.650219,-84827.145165,0.000000,1699.041184
236.600000,21.133333,24.717196,-0.332794,58.859862,1177.197248,1372.278109,-0.165716,958.338922,-14592.171256,-2096.962535,548.911244,-84838.204975,0.000000,1696.434139
236.700000,21.100000,24.683917,-0.332831,58.766967,1175.339334,1370.430464,-0.165987,958.423496,-14594.062480,-2094.410582,548.172186,-84849.200466,0.000000,1693.825093
236.800000,21.066667,24.650633,-0.332867,58.674071,1173.481427,1368.582616,-0.166258,958.507247,-14595.942742,-2091.856015,547.433046,-84860.132223,0.000000,1691.214063
236.900000,21.033333,24.617347,-0.332903,58.581176,1171.623526,1366.734566,-0.166530,958.590182,-14597.812142,-2089.298856,546.693826,-84871.000823,0.000000,1688.601067
237.000000,21.000000,24.584056,-0.332939,58.488282,1169.765633,1364.886314,-0.166803,958.672306,-14599.670777,-2086.739128,545.954526,-84881.806842,0.000000,1685.986124
237.100000,20.966667,24.550762,-0.332975,58.395387,1167.907748,1363.037863,-0.167077,958.753625,-14601.518747,-2084.176853,545.215145,-84892.550853,0.000000,1683.369251
237.200000,20.933333,24.517465,-0.333011,58.302493,1166.049869,1361.189212,-0.167351,958.834145,-14603.356149,-2081.612051,544.475685,-84903.233422,0.000000,1680.750464
237.300000,20.900000,24.484164,-0.333046,58.209600,1164.191997,1359.340364,-0.167626,958.913871,-14605.183080,-2079.044745,543.736146,-84913.855114,0.000000,1678.129782
237.400000,20.866667,24.450859,-0.333081,58.116707,1162.334132,1357.491319,-0.167901,958.992810,-14606.999636,-2076.474956,542.996528,-84924.416488,0.000000,1675.507221
237.500000,20.833333,24.417551,-0.333116,58.023814,1160.476275,1355.642079,-0.168177,959.070966,-14608.805914,-2073.902706,542.256832,-84934.918103,0.000000,1672.882798
237.600000,20.800000,24.384239,-0.333151,57.930921,1158.618424,1353.792645,-0.168454,959.148346,-14610.602008,-2071.328014,541.517058,-84945.360509,0.000000,1670.256530
237.700000,20.766667,24.350924,-0.333186,57.838029,1156.760580,1351.943017,-0.168732,959.224955,-14612.388012,-2068.750903,540.777207,-84955.744258,0.000000,1667.628435
237.800000,20.733333,24.317606,-0.333220,57.745137,1154.902743,1350.093197,-0.169010,959.300798,-14614.164022,-2066.171393,540.037279,-84966.069894,0.000000,1664.998527
237.900000,20.700000,24.284284,-0.333254,57.652246,1153.044913,1348.243186,-0.169289,959.375881,-14615.930129,-2063.589504,539.297275,-84976.337960,0.000000,1662.366824
238.000000,20.666667,24.250958,-0.333288,57.559354,1151.187090,1346.392985,-0.169569,959.450210,-14617.686427,-2061.005258,538.557194,-84986.548995,0.000000,1659.733342
238.100000,20.633333,24.217629,-0.333322,57.466464,1149.329273,1344.542595,-0.169850,959.523789,-14619.433008,-2058.418672,537.817038,-84996.703533,0.000000,1657.098098
238.200000,20.600000,24.184297,-0.333356,57.373573,1147.471464,1342.692018,-0.170131,959.596625,-14621.169962,-2055.829769,537.076807,-85006.802107,0.000000,1654.461106
238.300000,20.566667,24.150962,-0.333389,57.280683,1145.613661,1340.841253,-0.170413,959.668722,-14622.897382,-2053.238568,536.336501,-85016.845244,0.000000,1651.822382
238.400000,20.533333,24.117623,-0.333423,57.187793,1143.755865,1338.990302,-0.170696,959.740086,-14624.615357,-2050.645088,535.596121,-85026.833470,0.000000,1649.181944
238.500000,20.500000,24.084280,-0.333456,57.094904,1141.898075,1337.139167,-0.170979,959.810721,-14626.323977,-2048.049349,534.855667,-85036.767306,0.000000,1646.539805
238.600000,20.466667,24.050935,-0.333489,57.002015,1140.040292,1335.287847,-0.171264,959.880634,-14628.023331,-2045.451370,534.115139,-85046.647271,0.000000,1643.895982
238.700000,20.433333,24.017586,-0.333522,56.909126,1138.182516,1333.436345,-0.171549,959.949829,-14629.713507,-2042.851171,533.374538,-85056.473879,0.000000,1641.250489
238.800000,20.400000,23.984234,-0.333554,56.816237,1136.324746,1331.584661,-0.171835,960.018311,-14631.394594,-2040.248770,532.633865,-85066.247642,0.000000,1638.603343
238.900000,20.366667,23.950878,-0.333587,56.723349,1134.466983,1329.732796,-0.172121,960.086085,-14633.066680,-2037.644187,531.893119,-85075.969068,0.000000,1635.954557
239.000000,20.333333,23.917520,-0.333619,56.630461,1132.609227,1327.880752,-0.172409,960.153157,-14634.729850,-2035.037440,531.152301,-85085.638663,0.000000,1633.304147
239.100000,20.300000,23.884158,-0.333651,56.537574,1130.751476,1326.028528,-0.172697,960.219531,-14636.384192,-2032.428547,530.411411,-85095.256929,0.000000,1630.652128
239.200000,20.266667,23.850793,-0.333683,56.444687,1128.893733,1324.176126,-0.172986,960.285212,-14638.029791,-2029.817527,529.670450,-85104.824364,0.000000,1627.998514
239.300000,20.233333,23.817424,-0.333714,56.351800,1127.035996,1322.323547,-0.173275,960.350206,-14639.666732,-2027.204399,528.929419,-85114.341465,0.000000,1625.343320
239.400000,20.200000,23.784053,-0.333746,56.258913,1125.178265,1320.470792,-0.173566,960.414516,-14641.295101,-2024.589180,528.188317,-85123.808724,0.000000,1622.686560
239.500000,20.166667,23.750678,-0.333777,56.166027,1123.320541,1318.617862,-0.173857,960.478149,-14642.914981,-2021.971888,527.447145,-85133.226631,0.000000,1620.028248
239.600000,20.133333,23.717301,-0.333809,56.073141,1121.462823,1316.764758,-0.174149,960.541108,-14644.526456,-2019.352542,526.705903,-85142.595672,0.000000,1617.368399
239.700000,20.100000,23.683920,-0.333840,55.980256,1119.605111,1314.911480,-0.174442,960.603398,-14646.129609,-2016.731158,525.964592,-85151.916331,0.000000,1614.707027
239.800000,20.066667,23.650536,-0.333871,55.887370,1117.747406,1313.058030,-0.174736,960.665025,-14647.724523,-2014.107755,525.223212,-85161.189090,0.000000,1612.044145
239.900000,20.033333,23.617149,-0.333901,55.794485,1115.889707,1311.204408,-0.175030,960.725992,-14649.311281,-2011.482349,524.481763,-85170.414424,0.000000,1609.379768
240.000000,20.000000,23.583759,-0.333932,55.701601,1114.032014,1309.350615,-0.175326,960.786304,-14650.889963,-2008.854958,523.740246,-85179.592810,0.000000,1606.713908
240.100000,19.966667,23.550365,-0.333962,55.608716,1112.174327,1307.496653,-0.175622,960.845967,-14652.460652,-2006.225598,522.998661,-85188.724719,0.000000,1604.046580
240.200000,19.933333,23.516969,-0.333993,55.515832,1110.316647,1305.642521,-0.175919,960.904984,-14654.023427,-2003.594288,522.257009,-85197.810621,0.000000,1601.377798
240.300000,19.900000,23.483570,-0.334023,55.422949,1108.458973,1303.788222,-0.176217,960.963361,-14655.578369,-2000.961043,521.515289,-85206.850981,0.000000,1598.707573
240.400000,19.866667,23.450168,-0.334053,55.330065,1106.601305,1301.933755,-0.176516,961.021101,-14657.125557,-1998.325881,520.773502,-85215.846264,0.000000,1596.035921
240.500000,19.833333,23.416762,-0.334083,55.237182,1104.743643,1300.079121,-0.176815,961.078209,-14658.665072,-1995.688817,520.031649,-85224.796929,0.000000,1593.362852
240.600000,19.800000,23.383354,-0.334112,55.144299,1102.885987,1298.224322,-0.177116,961.134689,-14660.196991,-1993.049868,519.289729,-85233.703435,0.000000,1590.688382
240.700000,19.766667,23.349943,-0.334142,55.051417,1101.028338,1296.369358,-0.177417,961.190547,-14661.721393,-1990.409051,518.547743,-85242.566238,0.000000,1588.012522
240.800000,19.733333,23.316529,-0.334171,54.958535,1099.170694,1294.514230,-0.177719,961.245785,-14663.238356,-1987.766381,517.805692,-85251.385789,0.000000,1585.335286
240.900000,19.700000,23.283112,-0.334201,54.865653,1097.313057,1292.658939,-0.178022,961.300410,-14664.747957,-1985.121875,517.063576,-85260.162539,0.000000,1582.656685
241.000000,19.666667,23.249691,-0.334230,54.772771,1095.455425,1290.803486,-0.178326,961.354424,-14666.250273,-1982.475547,516.321394,-85268.896935,0.000000,1579.976734
241.100000,19.633333,23.216269,-0.334259,54.679890,1093.597800,1288.947871,-0.178631,961.407832,-14667.745380,-1979.827415,515.579148,-85277.589421,0.000000,1577.295443
241.200000,19.600000,23.182843,-0.334287,54.587009,1091.740180,1287.092095,-0.178936,961.460638,-14669.233356,-1977.177493,514.836838,-85286.240440,0.000000,1574.612825
241.300000,19.566667,23.149414,-0.334316,54.494128,1089.882567,1285.236158,-0.179243,961.512847,-14670.714274,-1974.525797,514.094463,-85294.850432,0.000000,1571.928894
241.400000,19.533333,23.115982,-0.334345,54.401248,1088.024959,1283.380063,-0.179550,961.564463,-14672.188211,-1971.872343,513.352025,-85303.419833,0.000000,1569.243660
241.500000,19.500000,23.082548,-0.334373,54.308368,1086.167357,1281.523809,-0.179859,961.615489,-14673.655241,-1969.217145,512.609524,-85311.949078,0.000000,1566.557136
241.600000,19.466667,23.049111,-0.334401,54.215488,1084.309761,1279.667397,-0.180168,961.665931,-14675.115439,-1966.560218,511.866959,-85320.438600,0.000000,1563.869333
241.700000,19.433333,23.015670,-0.334430,54.122609,1082.452172,1277.810828,-0.180478,961.715791,-14676.568878,-1963.901578,511.124331,-85328.888827,0.000000,1561.180264
241.800000,19.400000,22.982227,-0.334458,54.029729,1080.594587,1275.954103,-0.180789,961.765074,-14678.015632,-1961.241239,510.381641,-85337.300187,0.000000,1558.489941
241.900000,19.366667,22.948782,-0.334486,53.936850,1078.737009,1274.097221,-0.181101,961.813784,-14679.455774,-1958.579215,509.638889,-85345.673105,0.000000,1555.798374
242.000000,19.333333,22.915333,-0.334513,53.843972,1076.879437,1272.240185,-0.181414,961.861925,-14680.889377,-1955.915523,508.896074,-85354.008003,0.000000,1553.105576
242.100000,19.300000,22.881882,-0.334541,53.751094,1075.021870,1270.382995,-0.181728,961.909501,-14682.316512,-1953.250175,508.153198,-85362.305302,0.000000,1550.411557
242.200000,19.266667,22.848428,-0.334569,53.658215,1073.164309,1268.525651,-0.182042,961.956516,-14683.737252,-1950.583186,507.410261,-85370.565420,0.000000,1547.716330
242.300000,19.233333,22.814971,-0.334596,53.565338,1071.306754,1266.668155,-0.182358,962.002974,-14685.151669,-1947.914571,506.667262,-85378.788771,0.000000,1545.019906
242.400000,19.200000,22.781511,-0.334623,53.472460,1069.449205,1264.810506,-0.182675,962.048878,-14686.559832,-1945.244344,505.924202,-85386.975769,0.000000,1542.322295
242.500000,19.166667,22.748049,-0.334650,53.379583,1067.591661,1262.952705,-0.182992,962.094232,-14687.961814,-1942.572517,505.181082,-85395.126826,0.000000,1539.623509
242.600000,19.133333,22.714584,-0.334677,53.286706,1065.734123,1261.094754,-0.183311,962.139040,-14689.357684,-1939.899107,504.437902,-85403.242350,0.000000,1536.923558
242.700000,19.100000,22.681116,-0.334704,53.193830,1063.876591,1259.236653,-0.183630,962.183306,-14690.747513,-1937.224125,503.694661,-85411.322748,0.000000,1534.222454
242.800000,19.066667,22.647646,-0.334731,53.100953,1062.019064,1257.378402,-0.183951,962.227034,-14692.131369,-1934.547586,502.951361,-85419.368424,0.000000,1531.520207
242.900000,19.033333,22.614173,-0.334758,53.008077,1060.161543,1255.520002,-0.184272,962.270227,-14693.509322,-1931.869503,502.208001,-85427.379780,0.000000,1528.816828
243.000000,19.000000,22.580697,-0.334785,52.915201,1058.304028,1253.661454,-0.184595,962.312889,-14694.881441,-1929.189890,501.464581,-85435.357218,0.000000,1526.112328
243.100000,18.966667,22.547218,-0.334811,52.822326,1056.446518,1251.802758,-0.184918,962.355023,-14696.247795,-1926.508760,500.721103,-85443.301134,0.000000,1523.406717
243.200000,18.933333,22.513737,-0.334837,52.729451,1054.589014,1249.943915,-0.185243,962.396634,-14697.608451,-1923.826125,499.977566,-85451.211926,0.000000,1520.700005
243.300000,18.900000,22.480253,-0.334864,52.636576,1052.731516,1248.084926,-0.185568,962.437724,-14698.963478,-1921.142000,499.233970,-85459.089987,0.000000,1517.992204
243.400000,18.866667,22.446767,-0.334890,52.543701,1050.874023,1246.225791,-0.185895,962.478298,-14700.312942,-1918.456397,498.490316,-85466.935709,0.000000,1515.283322
243.500000,18.833333,22.413278,-0.334916,52.450827,1049.016535,1244.366511,-0.186222,962.518358,-14701.656911,-1915.769329,497.746604,-85474.749482,0.000000,1512.573370
243.600000,18.800000,22.379786,-0.334942,52.357953,1047.159053,1242.507086,-0.186550,962.557909,-14702.995452,-1913.080809,497.002834,-85482.531695,0.000000,1509.862359
243.700000,18.766667,22.346292,-0.334968,52.265079,1045.301577,1240.647517,-0.186880,962.596954,-14704.328630,-1910.390849,496.259007,-85490.282733,0.000000,1507.150298
243.800000,18.733333,22.312796,-0.334993,52.172205,1043.444106,1238.787805,-0.187211,962.635496,-14705.656513,-1907.699461,495.515122,-85498.002981,0.000000,1504.437197
243.900000,18.700000,22.279296,-0.335019,52.079332,1041.586640,1236.927950,-0.187542,962.673538,-14706.979165,-1905.006659,494.771180,-85505.692821,0.000000,1501.723066
244.000000,18.666667,22.245794,-0.335045,51.986459,1039.729180,1235.067952,-0.187875,962.711085,-14708.296653,-1902.312455,494.027181,-85513.352633,0.000000,1499.007915
244.100000,18.633333,22.212290,-0.335070,51.893586,1037.871726,1233.207813,-0.188208,962.748139,-14709.609041,-1899.616860,493.283125,-85520.982797,0.000000,1496.291754
244.200000,18.600000,22.178783,-0.335095,51.800714,1036.014277,1231.347533,-0.188543,962.784704,-14710.916394,-1896.919888,492.539013,-85528.583688,0.000000,1493.574591
244.300000,18.566667,22.145273,-0.335121,51.707842,1034.156833,1229.487112,-0.188879,962.820782,-14712.218777,-1894.221549,491.794845,-85536.155683,0.000000,1490.856437
244.400000,18.533333,22.111761,-0.335146,51.614970,1032.299395,1227.626551,-0.189216,962.856378,-14713.516254,-1891.521857,491.050620,-85543.699153,0.000000,1488.137300
244.500000,18.500000,22.078247,-0.335171,51.522098,1030.441962,1225.765850,-0.189554,962.891495,-14714.808889,-1888.820822,490.306340,-85551.214471,0.000000,1485.417191
244.600000,18.466667,22.044730,-0.335196,51.429227,1028.584534,1223.905010,-0.189892,962.926136,-14716.096745,-1886.118456,489.562004,-85558.702006,0.000000,1482.696119
244.700000,18.433333,22.011210,-0.335221,51.336356,1026.727112,1222.044032,-0.190233,962.960303,-14717.379886,-1883.414772,488.817613,-85566.162126,0.000000,1479.974091
244.800000,18.400000,21.977688,-0.335245,51.243485,1024.869695,1220.182915,-0.190574,962.994001,-14718.658374,-1880.709780,488.073166,-85573.595197,0.000000,1477.251119
244.900000,18.366667,21.944164,-0.335270,51.150614,1023.012284,1218.321661,-0.190916,963.027232,-14719.932273,-1878.003492,487.328664,-85581.001585,0.000000,1474.527210
245.000000,18.333333,21.910637,-0.335295,51.057744,1021.154878,1216.460270,-0.191259,963.060000,-14721.201644,-1875.295920,486.584108,-85588.381652,0.000000,1471.802375
245.100000,18.300000,21.877107,-0.335319,50.964874,1019.297477,1214.598742,-0.191604,963.092307,-14722.466551,-1872.587074,485.839497,-85595.735760,0.000000,1469.076620
245.200000,18.266667,21.843575,-0.335344,50.872004,1017.440081,1212.737078,-0.191949,963.124157,-14723.727054,-1869.876966,485.094831,-85603.064268,0.000000,1466.349956
245.300000,18.233333,21.810041,-0.335368,50.779135,1015.582691,1210.875279,-0.192296,963.155553,-14724.983216,-1867.165608,484.350112,-85610.367534,0.000000,1463.622391
245.400000,18.200000,21.776504,-0.335392,50.686265,1013.725306,1209.013344,-0.192644,963.186497,-14726.235098,-1864.453008,483.605338,-85617.645916,0.000000,1460.893934
245.500000,18.166667,21.742965,-0.335416,50.593396,1011.867926,1207.151275,-0.192993,963.216993,-14727.482760,-1861.739180,482.860510,-85624.899768,0.000000,1458.164593
245.600000,18.133333,21.709423,-0.335440,50.500528,1010.010552,1205.289072,-0.193343,963.247044,-14728.726264,-1859.024133,482.115629,-85632.129444,0.000000,1455.434377
245.700000,18.100000,21.675879,-0.335464,50.407659,1008.153183,1203.426734,-0.193694,963.276653,-14729.965671,-1856.307878,481.370694,-85639.335296,0.000000,1452.703295
245.800000,18.066667,21.642333,-0.335488,50.314791,1006.295819,1201.564264,-0.194047,963.305823,-14731.201040,-1853.590427,480.625705,-85646.517676,0.000000,1449.971354
245.900000,18.033333,21.608784,-0.335512,50.221923,1004.438460,1199.701660,-0.194400,963.334556,-14732.432432,-1850.871788,479.880664,-85653.676931,0.000000,1447.238563
246.000000,18.000000,21.575233,-0.335536,50.129055,1002.581106,1197.838924,-0.194755,963.362856,-14733.659907,-1848.151974,479.135570,-85660.813410,0.000000,1444.504930
246.100000,17.966667,21.541679,-0.335560,50.036188,1000.723758,1195.976056,-0.195111,963.390725,-14734.883523,-1845.430993,478.390422,-85667.927460,0.000000,1441.770463
246.200000,17.933333,21.508123,-0.335583,49.943321,998.866415,1194.113056,-0.195468,963.418166,-14736.103341,-1842.708857,477.645222,-85675.019426,0.000000,1439.035171
246.300000,17.900000,21.474565,-0.335607,49.850454,997.009077,1192.249925,-0.195827,963.445182,-14737.319420,-1839.985576,476.899970,-85682.089650,0.000000,1436.299061
246.400000,17.866667,21.441004,-0.335630,49.757587,995.151744,1190.386663,-0.196186,963.471777,-14738.531818,-1837.261159,476.154665,-85689.138476,0.000000,1433.562142
246.500000,17.833333,21.407441,-0.335654,49.664721,993.294416,1188.523271,-0.196547,963.497951,-14739.740594,-1834.535617,475.409308,-85696.166245,0.000000,1430.824421
246.600000,17.800000,21.373876,-0.335677,49.571855,991.437094,1186.659748,-0.196909,963.523710,-14740.945807,-1831.808960,474.663899,-85703.173297,0.000000,1428.085906
246.700000,17.766667,21.340308,-0.335701,49.478989,989.579776,1184.796096,-0.197272,963.549054,-14742.147515,-1829.081197,473.918439,-85710.159969,0.000000,1425.346605
246.800000,17.733333,21.306738,-0.335724,49.386123,987.722464,1182.932315,-0.197636,963.573987,-14743.345775,-1826.352338,473.172926,-85717.126600,0.000000,1422.606526
246.900000,17.700000,21.273165,-0.335747,49.293258,985.865157,1181.068405,-0.198002,963.598512,-14744.540646,-1823.622394,472.427362,-85724.073526,0.000000,1419.865676
247.000000,17.666667,21.239591,-0.335770,49.200393,984.007855,1179.204366,-0.198369,963.622631,-14745.732186,-1820.891373,471.681746,-85731.001080,0.000000,1417.124062
247.100000,17.633333,21.206014,-0.335793,49.107528,982.150558,1177.340199,-0.198737,963.646347,-14746.920451,-1818.159285,470.936080,-85737.909598,0.000000,1414.381693
247.200000,17.600000,21.172434,-0.335816,49.014663,980.293266,1175.475904,-0.199106,963.669663,-14748.105499,-1815.426140,470.190362,-85744.799411,0.000000,1411.638576
247.300000,17.566667,21.138853,-0.335839,48.921799,978.435980,1173.611481,-0.199477,963.692580,-14749.287387,-1812.691947,469.444593,-85751.670852,0.000000,1408.894717
247.400000,17.533333,21.105269,-0.335862,48.828935,976.578698,1171.746932,-0.199849,963.715103,-14750.466171,-1809.956715,468.698773,-85758.524250,0.000000,1406.150126
247.500000,17.500000,21.071683,-0.335885,48.736071,974.721421,1169.882255,-0.200222,963.737232,-14751.641909,-1807.220454,467.952902,-85765.359934,0.000000,1403.404808
247.600000,17.466667,21.038094,-0.335907,48.643208,972.864150,1168.017453,-0.200597,963.758972,-14752.814656,-1804.483172,467.206981,-85772.178233,0.000000,1400.658770
247.700000,17.433333,21.004504,-0.335930,48.550344,971.006884,1166.152523,-0.200972,963.780324,-14753.984470,-1801.744879,466.461009,-85778.979474,0.000000,1397.912021
247.800000,17.400000,20.970911,-0.335953,48.457481,969.149622,1164.287468,-0.201350,963.801291,-14755.151405,-1799.005584,465.714987,-85785.763983,0.000000,1395.164567
247.900000,17.366667,20.937315,-0.335975,48.364618,967.292366,1162.422288,-0.201728,963.821875,-14756.315519,-1796.265295,464.968915,-85792.532085,0.000000,1392.416415
248.000000,17.333333,20.903718,-0.335998,48.271756,965.435115,1160.556982,-0.202108,963.842079,-14757.476866,-1793.524022,464.222793,-85799.284105,0.000000,1389.667572
248.100000,17.300000,20.870118,-0.336020,48.178893,963.577868,1158.691551,-0.202489,963.861906,-14758.635503,-1790.781773,463.476621,-85806.020364,0.000000,1386.918046
248.200000,17.266667,20.836516,-0.336042,48.086031,961.720627,1156.825996,-0.202871,963.881357,-14759.791484,-1788.038557,462.730398,-85812.741186,0.000000,1384.167842
248.300000,17.233333,20.802912,-0.336065,47.993170,959.863391,1154.960316,-0.203255,963.900435,-14760.944865,-1785.294382,461.984126,-85819.446892,0.000000,1381.416968
248.400000,17.200000,20.769305,-0.336087,47.900308,958.006160,1153.094512,-0.203640,963.919143,-14762.095702,-1782.549258,461.237805,-85826.137802,0.000000,1378.665430
248.500000,17.166667,20.735697,-0.336109,47.807447,956.148934,1151.228585,-0.204026,963.937483,-14763.244049,-1779.803193,460.491434,-85832.814236,0.000000,1375.913235
248.600000,17.133333,20.702086,-0.336132,47.714586,954.291712,1149.362533,-0.204414,963.955457,-14764.389960,-1777.056194,459.745013,-85839.476512,0.000000,1373.160390
248.700000,17.100000,20.668472,-0.336154,47.621725,952.434496,1147.496359,-0.204803,963.973068,-14765.533491,-1774.308271,458.998544,-85846.124949,0.000000,1370.406902
248.800000,17.066667,20.634857,-0.336176,47.528864,950.577285,1145.630061,-0.205194,963.990318,-14766.674696,-1771.559432,458.252025,-85852.759863,0.000000,1367.652776
248.900000,17.033333,20.601240,-0.336198,47.436004,948.720079,1143.763641,-0.205586,964.007209,-14767.813630,-1768.809685,457.505456,-85859.381570,0.000000,1364.898019
249.000000,17.000000,20.567620,-0.336220,47.343144,946.862878,1141.897098,-0.205979,964.023744,-14768.950347,-1766.059038,456.758839,-85865.990387,0.000000,1362.142639
249.100000,16.966667,20.533998,-0.336242,47.250284,945.005681,1140.030433,-0.206374,964.039925,-14770.084900,-1763.307499,456.012173,-85872.586627,0.000000,1359.386640
249.200000,16.933333,20.500374,-0.336264,47.157425,943.148490,1138.163645,-0.206770,964.055753,-14771.217344,-1760.555076,455.265458,-85879.170606,0.000000,1356.630030
249.300000,16.900000,20.466747,-0.336286,47.064565,941.291304,1136.296736,-0.207168,964.071232,-14772.347733,-1757.801778,454.518695,-85885.742635,0.000000,1353.872814
249.400000,16.866667,20.433119,-0.336308,46.971706,939.434123,1134.429706,-0.207567,964.086364,-14773.476121,-1755.047612,453.771882,-85892.303028,0.000000,1351.115000
249.500000,16.833333,20.399488,-0.336330,46.878847,937.576946,1132.562553,-0.207968,964.101150,-14774.602561,-1752.292585,453.025021,-85898.852097,0.000000,1348.356592
249.600000,16.800000,20.365855,-0.336351,46.785989,935.719775,1130.695280,-0.208370,964.115593,-14775.727106,-1749.536706,452.278112,-85905.390154,0.000000,1345.597597
249.700000,16.766667,20.332220,-0.336373,46.693130,933.862609,1128.827886,-0.208773,964.129696,-14776.849811,-1746.779983,451.531154,-85911.917508,0.000000,1342.838022
249.800000,16.733333,20.298582,-0.336395,46.600272,932.005447,1126.960370,-0.209178,964.143459,-14777.970729,-1744.022423,450.784148,-85918.434470,0.000000,1340.077872
249.900000,16.700000,20.264943,-0.336416,46.507415,930.148291,1125.092735,-0.209584,964.156886,-14779.089912,-1741.264033,450.037094,-85924.941349,0.000000,1337.317153
250.000000,16.666667,20.231301,-0.336438,46.414557,928.291139,1123.224978,-0.209992,964.169978,-14780.207414,-1738.504821,449.289991,-85931.438456,0.000000,1334.555871
250.100000,16.633333,20.197657,-0.336460,46.321700,926.433993,1121.357102,-0.210402,964.182738,-14781.323289,-1735.744795,448.542841,-85937.926097,0.000000,1331.794032
250.200000,16.600000,20.164011,-0.336481,46.228843,924.576851,1119.489106,-0.210812,964.195168,-14782.437588,-1732.983962,447.795642,-85944.404582,0.000000,1329.031642
250.300000,16.566667,20.130363,-0.336503,46.135986,922.719714,1117.620989,-0.211225,964.207269,-14783.550365,-1730.222329,447.048396,-85950.874218,0.000000,1326.268707
250.400000,16.533333,20.096713,-0.336524,46.043129,920.862583,1115.752753,-0.211639,964.219044,-14784.661673,-1727.459904,446.301101,-85957.335311,0.000000,1323.505231
250.500000,16.500000,20.063061,-0.336546,45.950273,919.005456,1113.884397,-0.212054,964.230495,-14785.771565,-1724.696694,445.553759,-85963.788169,0.000000,1320.741222
250.600000,16.466667,20.029406,-0.336567,45.857417,917.148334,1112.015922,-0.212471,964.241624,-14786.880093,-1721.932705,444.806369,-85970.233097,0.000000,1317.976684
250.700000,16.433333,19.995749,-0.336589,45.764561,915.291217,1110.147328,-0.212890,964.252433,-14787.987309,-1719.167946,444.058931,-85976.670401,0.000000,1315.211624
250.800000,16.400000,19.962090,-0.336610,45.671705,913.434105,1108.278614,-0.213310,964.262923,-14789.093267,-1716.402422,443.311446,-85983.100388,0.000000,1312.446046
250.900000,16.366667,19.928429,-0.336632,45.578850,911.576998,1106.409782,-0.213732,964.273097,-14790.198018,-1713.636142,442.563913,-85989.523361,0.000000,1309.679956
251.000000,16.333333,19.894766,-0.336653,45.485995,909.719896,1104.540830,-0.214155,964.282957,-14791.301616,-1710.869112,441.816332,-85995.939626,0.000000,1306.913360
251.100000,16.300000,19.861101,-0.336674,45.393140,907.862799,1102.671760,-0.214580,964.292505,-14792.404112,-1708.101339,441.068704,-86002.349488,0.000000,1304.146263
251.200000,16.266667,19.827433,-0.336696,45.300285,906.005707,1100.802572,-0.215006,964.301742,-14793.505559,-1705.332829,440.321029,-86008.753249,0.000000,1301.378671
251.300000,16.233333,19.793764,-0.336717,45.207431,904.148620,1098.933264,-0.215434,964.310671,-14794.606009,-1702.563590,439.573306,-86015.151215,0.000000,1298.610588
251.400000,16.200000,19.760092,-0.336738,45.114577,902.291537,1097.063839,-0.215864,964.319293,-14795.705515,-1699.793628,438.825535,-86021.543689,0.000000,1295.842021
251.500000,16.166667,19.726418,-0.336760,45.021723,900.434460,1095.194295,-0.216295,964.327610,-14796.804128,-1697.022950,438.077718,-86027.930975,0.000000,1293.072974
251.600000,16.133333,19.692742,-0.336781,44.928869,898.577388,1093.324633,-0.216728,964.335625,-14797.901900,-1694.251562,437.329853,-86034.313375,0.000000,1290.303452
251.700000,16.100000,19.659064,-0.336802,44.836016,896.720320,1091.454852,-0.217163,964.343339,-14798.998885,-1691.479471,436.581941,-86040.691193,0.000000,1287.533461
251.800000,16.066667,19.625384,-0.336824,44.743163,894.863258,1089.584954,-0.217599,964.350753,-14800.095134,-1688.706684,435.833982,-86047.064732,0.000000,1284.763006
251.900000,16.033333,19.591702,-0.336845,44.650310,893.006200,1087.714938,-0.218037,964.357871,-14801.190699,-1685.933207,435.085975,-86053.434294,0.000000,1281.992091
252.000000,16.000000,19.558017,-0.336866,44.557457,891.149147,1085.844804,-0.218477,964.364692,-14802.285631,-1683.159046,434.337921,-86059.800183,0.000000,1279.220723
252.100000,15.966667,19.524331,-0.336887,44.464605,889.292100,1083.974552,-0.218918,964.371221,-14803.379985,-1680.384208,433.589821,-86066.162701,0.000000,1276.448905
252.200000,15.933333,19.490642,-0.336908,44.371753,887.435057,1082.104182,-0.219362,964.377457,-14804.473810,-1677.608699,432.841673,-86072.522151,0.000000,1273.676643
252.300000,15.900000,19.456951,-0.336930,44.278901,885.578019,1080.233694,-0.219806,964.383403,-14805.567160,-1674.832525,432.093478,-86078.878835,0.000000,1270.903942
252.400000,15.866667,19.423258,-0.336951,44.186049,883.720987,1078.363089,-0.220253,964.389061,-14806.660086,-1672.055692,431.345236,-86085.233056,0.000000,1268.130807
252.500000,15.833333,19.389563,-0.336972,44.093198,881.863959,1076.492367,-0.220701,964.394432,-14807.752640,-1669.278208,430.596947,-86091.585116,0.000000,1265.357242
252.600000,15.800000,19.355866,-0.336993,44.000347,880.006936,1074.621527,-0.221151,964.399518,-14808.844875,-1666.500076,429.848611,-86097.935319,0.000000,1262.583253
252.700000,15.766667,19.322166,-0.337014,43.907496,878.149918,1072.750569,-0.221603,964.404321,-14809.936842,-1663.721305,429.100228,-86104.283967,0.000000,1259.808844
252.800000,15.733333,19.288465,-0.337035,43.814645,876.292905,1070.879494,-0.222057,964.408842,-14811.028594,-1660.941899,428.351798,-86110.631362,0.000000,1257.034019
252.900000,15.700000,19.254761,-0.337057,43.721795,874.435897,1069.008301,-0.222512,964.413084,-14812.120183,-1658.161865,427.603320,-86116.977808,0.000000,1254.258784
253.000000,15.666667,19.221056,-0.337078,43.628945,872.578894,1067.136991,-0.222969,964.417048,-14813.211660,-1655.381208,426.854796,-86123.323608,0.000000,1251.483143
253.100000,15.633333,19.187348,-0.337099,43.536095,870.721896,1065.265564,-0.223428,964.420735,-14814.303079,-1652.599935,426.106225,-86129.669064,0.000000,1248.707101
253.200000,15.600000,19.153638,-0.337120,43.443245,868.864903,1063.394019,-0.223889,964.424147,-14815.394491,-1649.818051,425.357607,-86136.014481,0.000000,1245.930662
253.300000,15.566667,19.119926,-0.337141,43.350396,867.007915,1061.522356,-0.224351,964.427286,-14816.485948,-1647.035563,424.608942,-86142.360162,0.000000,1243.153831
253.400000,15.533333,19.086212,-0.337162,43.257547,865.150932,1059.650576,-0.224816,964.430154,-14817.577503,-1644.252475,423.860231,-86148.706411,0.000000,1240.376613
253.500000,15.500000,19.052496,-0.337184,43.164698,863.293954,1057.778679,-0.225282,964.432752,-14818.669208,-1641.468793,423.111472,-86155.053532,0.000000,1237.599011
253.600000,15.466667,19.018777,-0.337205,43.071849,861.436981,1055.906664,-0.225750,964.435082,-14819.761115,-1638.684523,422.362666,-86161.401830,0.000000,1234.821031
253.700000,15.433333,18.985057,-0.337226,42.979001,859.580013,1054.034532,-0.226220,964.437144,-14820.853277,-1635.899672,421.613813,-86167.751608,0.000000,1232.042677
253.800000,15.400000,18.951334,-0.337247,42.886152,857.723050,1052.162282,-0.226692,964.438942,-14821.945746,-1633.114243,420.864913,-86174.103173,0.000000,1229.263953
253.900000,15.366667,18.917610,-0.337268,42.793305,855.866092,1050.289915,-0.227166,964.440477,-14823.038575,-1630.328243,420.115966,-86180.456830,0.000000,1226.484863
254.000000,15.333333,18.883883,-0.337289,42.700457,854.009139,1048.417430,-0.227642,964.441749,-14824.131816,-1627.541677,419.366972,-86186.812884,0.000000,1223.705412
254.100000,15.300000,18.850154,-0.337311,42.607610,852.152191,1046.544828,-0.228120,964.442761,-14825.225522,-1624.754551,418.617931,-86193.171642,0.000000,1220.925604
254.200000,15.266667,18.816423,-0.337332,42.514762,850.295248,1044.672108,-0.228599,964.443514,-14826.319747,-1621.966870,417.868843,-86199.533410,0.000000,1218.145444
254.300000,15.233333,18.782690,-0.337353,42.421915,848.438310,1042.799270,-0.229081,964.444009,-14827.414541,-1619.178640,417.119708,-86205.898496,0.000000,1215.364935
254.400000,15.200000,18.748954,-0.337374,42.329069,846.581377,1040.926314,-0.229564,964.444249,-14828.509960,-1616.389864,416.370526,-86212.267207,0.000000,1212.584081
254.500000,15.166667,18.715217,-0.337395,42.236222,844.724449,1039.053240,-0.230050,964.444234,-14829.606055,-1613.600550,415.621296,-86218.639852,0.000000,1209.802888
254.600000,15.133333,18.681477,-0.337417,42.143376,842.867526,1037.180049,-0.230537,964.443967,-14830.702879,-1610.810702,414.872020,-86225.016739,0.000000,1207.021359
254.700000,15.100000,18.647736,-0.337438,42.050530,841.010609,1035.306739,-0.231027,964.443448,-14831.800487,-1608.020325,414.122696,-86231.398178,0.000000,1204.239497
254.800000,15.066667,18.613992,-0.337459,41.957685,839.153696,1033.433312,-0.231519,964.442680,-14832.898930,-1605.229425,413.373325,-86237.784478,0.000000,1201.457308
254.900000,15.033333,18.580246,-0.337481,41.864839,837.296789,1031.559766,-0.232012,964.441663,-14833.998263,-1602.438006,412.623906,-86244.175950,0.000000,1198.674795
255.000000,15.000000,18.546498,-0.337502,41.771994,835.439886,1029.686102,-0.232508,964.440399,-14835.098540,-1599.646073,411.874441,-86250.572905,0.000000,1195.891962
255.100000,14.966667,18.512748,-0.337523,41.679149,833.582989,1027.812319,-0.233005,964.438889,-14836.199813,-1596.853633,411.124928,-86256.975655,0.000000,1193.108814
255.200000,14.933333,18.478995,-0.337545,41.586305,831.726097,1025.938418,-0.233505,964.437135,-14837.302136,-1594.060688,410.375367,-86263.384514,0.000000,1190.325353
255.300000,14.900000,18.445241,-0.337566,41.493460,829.869210,1024.064399,-0.234007,964.435139,-14838.405564,-1591.267246,409.625760,-86269.799793,0.000000,1187.541585
255.400000,14.866667,18.411484,-0.337587,41.400616,828.012328,1022.190261,-0.234511,964.432901,-14839.510151,-1588.473309,408.876104,-86276.221807,0.000000,1184.757512
255.500000,14.833333,18.377726,-0.337609,41.307773,826.155451,1020.316003,-0.235017,964.430424,-14840.615950,-1585.678884,408.126401,-86282.650872,0.000000,1181.973139
255.600000,14.800000,18.343965,-0.337630,41.214929,824.298579,1018.441627,-0.235525,964.427708,-14841.723016,-1582.883975,407.376651,-86289.087302,0.000000,1179.188469
255.700000,14.766667,18.310202,-0.337652,41.122086,822.441713,1016.567132,-0.236035,964.424755,-14842.831403,-1580.088587,406.626853,-86295.531415,0.000000,1176.403507
255.800000,14.733333,18.276437,-0.337673,41.029243,820.584851,1014.692518,-0.236548,964.421566,-14843.941167,-1577.292725,405.877007,-86301.983528,0.000000,1173.618256
255.900000,14.700000,18.242669,-0.337695,40.936400,818.727995,1012.817784,-0.237063,964.418143,-14845.052361,-1574.496393,405.127114,-86308.443959,0.000000,1170.832720
256.000000,14.666667,18.208900,-0.337716,40.843557,816.871144,1010.942930,-0.237579,964.414487,-14846.165041,-1571.699597,404.377172,-86314.913028,0.000000,1168.046903
256.100000,14.633333,18.175128,-0.337738,40.750715,815.014298,1009.067957,-0.238098,964.410599,-14847.279262,-1568.902340,403.627183,-86321.391056,0.000000,1165.260807
256.200000,14.600000,18.141354,-0.337760,40.657873,813.157457,1007.192864,-0.238620,964.406481,-14848.395078,-1566.104627,402.877146,-86327.878363,0.000000,1162.474438
256.300000,14.566667,18.107578,-0.337781,40.565031,811.300622,1005.317651,-0.239143,964.402134,-14849.512547,-1563.306463,402.127060,-86334.375272,0.000000,1159.687798
256.400000,14.533333,18.073800,-0.337803,40.472190,809.443792,1003.442318,-0.239669,964.397560,-14850.631722,-1560.507853,401.376927,-86340.882106,0.000000,1156.900891
256.500000,14.500000,18.040020,-0.337825,40.379348,807.586967,1001.566864,-0.240197,964.392759,-14851.752661,-1557.708801,400.626746,-86347.399191,0.000000,1154.113721
256.600000,14.466667,18.006237,-0.337846,40.286507,805.730147,999.691290,-0.240727,964.387733,-14852.875418,-1554.909312,399.876516,-86353.926851,0.000000,1151.326292
256.700000,14.433333,17.972453,-0.337868,40.193667,803.873332,997.815594,-0.241260,964.382483,-14854.000051,-1552.109389,399.126238,-86360.465415,0.000000,1148.538606
256.800000,14.400000,17.938666,-0.337890,40.100826,802.016523,995.939778,-0.241795,964.377011,-14855.126616,-1549.309038,398.375911,-86367.015209,0.000000,1145.750667
256.900000,14.366667,17.904877,-0.337912,40.007986,800.159719,994.063841,-0.242332,964.371317,-14856.255169,-1546.508263,397.625536,-86373.576563,0.000000,1142.962480
257.000000,14.333333,17.871086,-0.337934,39.915146,798.302921,992.187782,-0.242871,964.365404,-14857.385767,-1543.707068,396.875113,-86380.149808,0.000000,1140.174046
257.100000,14.300000,17.837292,-0.337956,39.822306,796.446127,990.311602,-0.243413,964.359272,-14858.518467,-1540.905457,396.124641,-86386.735276,0.000000,1137.385370
257.200000,14.266667,17.803497,-0.337978,39.729467,794.589339,988.435299,-0.243957,964.352923,-14859.653327,-1538.103435,395.374120,-86393.333299,0.000000,1134.596456
257.300000,14.233333,17.769699,-0.338000,39.636628,792.732556,986.558875,-0.244504,964.346357,-14860.790405,-1535.301007,394.623550,-86399.944214,0.000000,1131.807306
257.400000,14.200000,17.735899,-0.338022,39.543789,790.875779,984.682328,-0.245053,964.339577,-14861.929757,-1532.498175,393.872931,-86406.568355,0.000000,1129.017924
257.500000,14.166667,17.702097,-0.338044,39.450950,789.019007,982.805659,-0.245605,964.332583,-14863.071442,-1529.694945,393.122263,-86413.206060,0.000000,1126.228313
257.600000,14.133333,17.668292,-0.338066,39.358112,787.162240,980.928866,-0.246158,964.325377,-14864.215519,-1526.891321,392.371547,-86419.857668,0.000000,1123.438476
257.700000,14.100000,17.634486,-0.338088,39.265274,785.305479,979.051951,-0.246715,964.317959,-14865.362045,-1524.087307,391.620780,-86426.523519,0.000000,1120.648417
257.800000,14.066667,17.600677,-0.338111,39.172436,783.448723,977.174912,-0.247274,964.310331,-14866.511081,-1521.282906,390.869965,-86433.203957,0.000000,1117.858140
257.900000,14.033333,17.566866,-0.338133,39.079599,781.591973,975.297750,-0.247835,964.302495,-14867.662684,-1518.478124,390.119100,-86439.899323,0.000000,1115.067647
258.000000,14.000000,17.533053,-0.338155,38.986761,779.735228,973.420464,-0.248399,964.294451,-14868.816914,-1515.672964,389.368186,-86446.609963,0.000000,1112.276941
258.100000,13.966667,17.499237,-0.338178,38.893924,777.878488,971.543054,-0.248965,964.286200,-14869.973831,-1512.867430,388.617221,-86453.336225,0.000000,1109.486026
258.200000,13.933333,17.465419,-0.338200,38.801088,776.021754,969.665519,-0.249534,964.277745,-14871.133494,-1510.061526,387.866207,-86460.078456,0.000000,1106.694905
258.300000,13.900000,17.431599,-0.338223,38.708251,774.165025,967.787859,-0.250105,964.269085,-14872.295965,-1507.255256,387.115144,-86466.837007,0.000000,1103.903581
258.400000,13.866667,17.397777,-0.338245,38.615415,772.308302,965.910074,-0.250679,964.260222,-14873.461304,-1504.448624,386.364030,-86473.612231,0.000000,1101.112057
258.500000,13.833333,17.363952,-0.338268,38.522579,770.451584,964.032164,-0.251256,964.251158,-14874.629571,-1501.641635,385.612866,-86480.404480,0.000000,1098.320337
258.600000,13.800000,17.330126,-0.338291,38.429744,768.594872,962.154128,-0.251835,964.241893,-14875.800827,-1498.834291,384.861651,-86487.214111,0.000000,1095.528423
258.700000,13.766667,17.296297,-0.338313,38.336908,766.738166,960.275966,-0.252417,964.232429,-14876.975135,-1496.026597,384.110387,-86494.041482,0.000000,1092.736319
258.800000,13.733333,17.262465,-0.338336,38.244073,764.881464,958.397678,-0.253002,964.222766,-14878.152556,-1493.218557,383.359071,-86500.886951,0.000000,1089.944028
258.900000,13.700000,17.228632,-0.338359,38.151238,763.024769,956.519263,-0.253589,964.212907,-14879.333151,-1490.410174,382.607705,-86507.750881,0.000000,1087.151552
259.000000,13.666667,17.194796,-0.338382,38.058404,761.168079,954.640722,-0.254179,964.202851,-14880.516985,-1487.601453,381.856289,-86514.633634,0.000000,1084.358895
259.100000,13.633333,17.160958,-0.338405,37.965570,759.311395,952.762052,-0.254771,964.192601,-14881.704119,-1484.792396,381.104821,-86521.535578,0.000000,1081.566059
259.200000,13.600000,17.127117,-0.338428,37.872736,757.454716,950.883255,-0.255366,964.182157,-14882.894617,-1481.983008,380.353302,-86528.457078,0.000000,1078.773048
259.300000,13.566667,17.093274,-0.338451,37.779902,755.598043,949.004330,-0.255965,964.171520,-14884.088543,-1479.173293,379.601732,-86535.398505,0.000000,1075.979865
259.400000,13.533333,17.059429,-0.338475,37.687069,753.741375,947.125277,-0.256565,964.160692,-14885.285960,-1476.363254,378.850111,-86542.360232,0.000000,1073.186512
259.500000,13.500000,17.025582,-0.338498,37.594236,751.884713,945.246094,-0.257169,964.149674,-14886.486933,-1473.552895,378.098438,-86549.342632,0.000000,1070.392993
259.600000,13.466667,16.991732,-0.338521,37.501403,750.028057,943.366783,-0.257775,964.138466,-14887.691526,-1470.742220,377.346713,-86556.346082,0.000000,1067.599310
259.700000,13.433333,16.957880,-0.338545,37.408570,748.171407,941.487341,-0.258385,964.127070,-14888.899805,-1467.931231,376.594937,-86563.370960,0.000000,1064.805467
259.800000,13.400000,16.924025,-0.338568,37.315738,746.314762,939.607770,-0.258997,964.115487,-14890.111836,-1465.119934,375.843108,-86570.417649,0.000000,1062.011465
259.900000,13.366667,16.890168,-0.338592,37.222906,744.458123,937.728069,-0.259612,964.103718,-14891.327683,-1462.308330,375.091227,-86577.486531,0.000000,1059.217309
260.000000,13.333333,16.856309,-0.338615,37.130075,742.601490,935.848236,-0.260229,964.091765,-14892.547415,-1459.496425,374.339294,-86584.577992,0.000000,1056.423001
260.100000,13.300000,16.822448,-0.338639,37.037243,740.744863,933.968272,-0.260850,964.079627,-14893.771097,-1456.684221,373.587309,-86591.692422,0.000000,1053.628543
260.200000,13.266667,16.788584,-0.338663,36.944412,738.888241,932.088177,-0.261474,964.067307,-14894.998796,-1453.871722,372.835271,-86598.830212,0.000000,1050.833939
260.300000,13.233333,16.754718,-0.338687,36.851581,737.031625,930.207950,-0.262100,964.054805,-14896.230582,-1451.058932,372.083180,-86605.991754,0.000000,1048.039191
260.400000,13.200000,16.720849,-0.338711,36.758751,735.175016,928.327590,-0.262730,964.042123,-14897.466521,-1448.245854,371.331036,-86613.177446,0.000000,1045.244302
260.500000,13.166667,16.686978,-0.338735,36.665921,733.318411,926.447097,-0.263363,964.029261,-14898.706682,-1445.432491,370.578839,-86620.387687,0.000000,1042.449274
260.600000,13.133333,16.653104,-0.338759,36.573091,731.461813,924.566470,-0.263998,964.016221,-14899.951135,-1442.618847,369.826588,-86627.622878,0.000000,1039.654112
260.700000,13.100000,16.619229,-0.338783,36.480261,729.605221,922.685710,-0.264637,964.003003,-14901.199949,-1439.804925,369.074284,-86634.883424,0.000000,1036.858816
260.800000,13.066667,16.585350,-0.338807,36.387432,727.748635,920.804815,-0.265279,963.989610,-14902.453194,-1436.990729,368.321926,-86642.169733,0.000000,1034.063391
260.900000,13.033333,16.551469,-0.338832,36.294603,725.892054,918.923786,-0.265923,963.976040,-14903.710941,-1434.176262,367.569514,-86649.482216,0.000000,1031.267838
261.000000,13.000000,16.517586,-0.338856,36.201774,724.035480,917.042621,-0.266571,963.962297,-14904.973261,-1431.361527,366.817048,-86656.821284,0.000000,1028.472161
261.100000,12.966667,16.483701,-0.338881,36.108946,722.178912,915.161320,-0.267222,963.948381,-14906.240225,-1428.546528,366.064528,-86664.187356,0.000000,1025.676361
261.200000,12.933333,16.449813,-0.338905,36.016117,720.322349,913.279883,-0.267877,963.934293,-14907.511906,-1425.731269,365.311953,-86671.580850,0.000000,1022.880442
261.300000,12.900000,16.415922,-0.338930,35.923290,718.465793,911.398310,-0.268534,963.920033,-14908.788377,-1422.915751,364.559324,-86679.002189,0.000000,1020.084406
261.400000,12.866667,16.382029,-0.338955,35.830462,716.609243,909.516598,-0.269195,963.905604,-14910.069709,-1420.099979,363.806639,-86686.451799,0.000000,1017.288256
261.500000,12.833333,16.348134,-0.338980,35.737635,714.752698,907.634749,-0.269858,963.891005,-14911.355979,-1417.283957,363.053900,-86693.930109,0.000000,1014.491995
261.600000,12.800000,16.314236,-0.339005,35.644808,712.896160,905.752762,-0.270526,963.876239,-14912.647259,-1414.467686,362.301105,-86701.437552,0.000000,1011.695625
261.700000,12.766667,16.280335,-0.339030,35.551981,711.039629,903.870636,-0.271196,963.861306,-14913.943625,-1411.651171,361.548254,-86708.974562,0.000000,1008.899148
261.800000,12.733333,16.246432,-0.339055,35.459155,709.183103,901.988370,-0.271870,963.846207,-14915.245152,-1408.834414,360.795348,-86716.541579,0.000000,1006.102567
261.900000,12.700000,16.212527,-0.339080,35.366329,707.326583,900.105964,-0.272546,963.830944,-14916.551916,-1406.017419,360.042386,-86724.139047,0.000000,1003.305886
262.000000,12.666667,16.178619,-0.339106,35.273503,705.470070,898.223418,-0.273227,963.815516,-14917.863995,-1403.200190,359.289367,-86731.767410,0.000000,1000.509105
262.100000,12.633333,16.144708,-0.339131,35.180678,703.613563,896.340730,-0.273911,963.799926,-14919.181464,-1400.382728,358.536292,-86739.427119,0.000000,997.712228
262.200000,12.600000,16.110795,-0.339157,35.087853,701.757062,894.457900,-0.274598,963.784174,-14920.504404,-1397.565038,357.783160,-86747.118627,0.000000,994.915258
262.300000,12.566667,16.076879,-0.339183,34.995028,699.900567,892.574929,-0.275288,963.768262,-14921.832891,-1394.747122,357.029972,-86754.842392,0.000000,992.118196
262.400000,12.533333,16.042961,-0.339209,34.902204,698.044079,890.691814,-0.275982,963.752190,-14923.167006,-1391.928984,356.276726,-86762.598874,0.000000,989.321045
262.500000,12.500000,16.009040,-0.339235,34.809380,696.187597,888.808556,-0.276680,963.735959,-14924.506829,-1389.110626,355.523422,-86770.388539,0.000000,986.523809
262.600000,12.466667,15.975117,-0.339261,34.716556,694.331122,886.925154,-0.277381,963.719571,-14925.852439,-1386.292053,354.770061,-86778.211854,0.000000,983.726488
262.700000,12.433333,15.941191,-0.339287,34.623733,692.474653,885.041606,-0.278085,963.703026,-14927.203919,-1383.473266,354.016643,-86786.069294,0.000000,980.929086
262.800000,12.400000,15.907262,-0.339313,34.530909,690.618190,883.157914,-0.278793,963.686326,-14928.561349,-1380.654269,353.263166,-86793.961334,0.000000,978.131605
262.900000,12.366667,15.873331,-0.339340,34.438087,688.761734,881.274075,-0.279505,963.669472,-14929.924814,-1377.835065,352.509630,-86801.888456,0.000000,975.334047
263.000000,12.333333,15.839397,-0.339366,34.345264,686.905284,879.390090,-0.280220,963.652463,-14931.294397,-1375.015657,351.756036,-86809.851146,0.000000,972.536416
263.100000,12.300000,15.805460,-0.339393,34.252442,685.048841,877.505957,-0.280939,963.635303,-14932.670181,-1372.196048,351.002383,-86817.849892,0.000000,969.738712
263.200000,12.266667,15.771521,-0.339420,34.159620,683.192404,875.621676,-0.281662,963.617991,-14934.052252,-1369.376242,350.248671,-86825.885189,0.000000,966.940940
263.300000,12.233333,15.737579,-0.339447,34.066799,681.335974,873.737247,-0.282388,963.600529,-14935.440696,-1366.556240,349.494899,-86833.957535,0.000000,964.143100
263.400000,12.200000,15.703634,-0.339474,33.973978,679.479550,871.852668,-0.283118,963.582917,-14936.835598,-1363.736046,348.741067,-86842.067432,0.000000,961.345195
263.500000,12.166667,15.669687,-0.339501,33.881157,677.623134,869.967939,-0.283852,963.565158,-14938.237047,-1360.915664,347.987176,-86850.215390,0.000000,958.547229
263.600000,12.133333,15.635737,-0.339528,33.788336,675.766723,868.083060,-0.284590,963.547251,-14939.645130,-1358.095095,347.233224,-86858.401918,0.000000,955.749202
263.700000,12.100000,15.601784,-0.339555,33.695516,673.910320,866.198028,-0.285331,963.529197,-14941.059936,-1355.274343,346.479211,-86866.627536,0.000000,952.951118
263.800000,12.066667,15.567828,-0.339583,33.602696,672.053923,864.312845,-0.286077,963.510999,-14942.481555,-1352.453412,345.725138,-86874.892763,0.000000,950.152979
263.900000,12.033333,15.533870,-0.339611,33.509877,670.197533,862.427509,-0.286826,963.492657,-14943.910078,-1349.632303,344.971003,-86883.198128,0.000000,947.354787
264.000000,12.000000,15.499909,-0.339638,33.417057,668.341150,860.542019,-0.287579,963.474171,-14945.345596,-1346.811019,344.216807,-86891.544161,0.000000,944.556544
264.100000,11.966667,15.465945,-0.339666,33.324239,666.484773,858.656374,-0.288336,963.455543,-14946.788201,-1343.989565,343.462550,-86899.931400,0.000000,941.758252
264.200000,11.933333,15.431978,-0.339695,33.231420,664.628404,856.770574,-0.289097,963.436775,-14948.237986,-1341.167942,342.708230,-86908.360386,0.000000,938.959915
264.300000,11.900000,15.398009,-0.339723,33.138602,662.772041,854.884619,-0.289862,963.417867,-14949.695047,-1338.346153,341.953847,-86916.831666,0.000000,936.161534
264.400000,11.866667,15.364037,-0.339751,33.045784,660.915685,852.998506,-0.290631,963.398819,-14951.159477,-1335.524202,341.199402,-86925.345794,0.000000,933.363111
264.500000,11.833333,15.330062,-0.339780,32.952967,659.059337,851.112236,-0.291405,963.379634,-14952.631372,-1332.702091,340.444894,-86933.903327,0.000000,930.564649
264.600000,11.800000,15.296084,-0.339808,32.860150,657.202995,849.225808,-0.292182,963.360312,-14954.110831,-1329.879822,339.690323,-86942.504829,0.000000,927.766150
264.700000,11.766667,15.262103,-0.339837,32.767333,655.346660,847.339220,-0.292963,963.340855,-14955.597950,-1327.057400,338.935688,-86951.150870,0.000000,924.967616
264.800000,11.733333,15.228119,-0.339866,32.674517,653.490333,845.452472,-0.293749,963.321263,-14957.092828,-1324.234827,338.180989,-86959.842023,0.000000,922.169050
264.900000,11.700000,15.194132,-0.339895,32.581701,651.634012,843.565564,-0.294539,963.301537,-14958.595566,-1321.412105,337.426226,-86968.578870,0.000000,919.370453
265.000000,11.666667,15.160143,-0.339925,32.488885,649.777699,841.678494,-0.295333,963.281679,-14960.106264,-1318.589238,336.671397,-86977.361998,0.000000,916.571828
265.100000,11.633333,15.126150,-0.339954,32.396070,647.921392,839.791261,-0.296131,963.261690,-14961.625024,-1315.766228,335.916504,-86986.191999,0.000000,913.773177
265.200000,11.600000,15.092155,-0.339984,32.303255,646.065093,837.903865,-0.296934,963.241570,-14963.151949,-1312.943078,335.161546,-86995.069472,0.000000,910.974503
265.300000,11.566667,15.058157,-0.340013,32.210440,644.208801,836.016305,-0.297741,963.221321,-14964.687144,-1310.119791,334.406522,-87003.995023,0.000000,908.175807
265.400000,11.533333,15.024155,-0.340043,32.117626,642.352517,834.128579,-0.298553,963.200944,-14966.230713,-1307.296369,333.651432,-87012.969263,0.000000,905.377091
265.500000,11.500000,14.990151,-0.340073,32.024812,640.496240,832.240687,-0.299369,963.180441,-14967.782763,-1304.472817,332.896275,-87021.992809,0.000000,902.578359
265.600000,11.466667,14.956144,-0.340104,31.931998,638.639970,830.352629,-0.300189,963.159811,-14969.343401,-1301.649135,332.141051,-87031.066287,0.000000,899.779611
265.700000,11.433333,14.922133,-0.340134,31.839185,636.783707,828.464402,-0.301014,963.139057,-14970.912736,-1298.825328,331.385761,-87040.190327,0.000000,896.980851
265.800000,11.400000,14.888120,-0.340165,31.746373,634.927452,826.576007,-0.301843,963.118179,-14972.490878,-1296.001397,330.630403,-87049.365568,0.000000,894.182080
265.900000,11.366667,14.854104,-0.340195,31.653560,633.071205,824.687441,-0.302677,963.097178,-14974.077936,-1293.177347,329.874977,-87058.592654,0.000000,891.383300
266.000000,11.333333,14.820084,-0.340226,31.560748,631.214965,822.798705,-0.303516,963.076056,-14975.674025,-1290.353178,329.119482,-87067.872238,0.000000,888.584514
266.100000,11.300000,14.786061,-0.340257,31.467937,629.358733,820.909798,-0.304359,963.054814,-14977.279256,-1287.528895,328.363919,-87077.204977,0.000000,885.785724
266.200000,11.266667,14.752036,-0.340289,31.375125,627.502508,819.020717,-0.305207,963.033453,-14978.893745,-1284.704500,327.608287,-87086.591540,0.000000,882.986931
266.300000,11.233333,14.718007,-0.340320,31.282315,625.646291,817.131463,-0.306060,963.011974,-14980.517607,-1281.879996,326.852585,-87096.032599,0.000000,880.188139
266.400000,11.200000,14.683975,-0.340352,31.189504,623.790081,815.242034,-0.306917,962.990379,-14982.150960,-1279.055386,326.096814,-87105.528836,0.000000,877.389349
266.500000,11.166667,14.649940,-0.340384,31.096694,621.933879,813.352430,-0.307780,962.968668,-14983.793922,-1276.230671,325.340972,-87115.080939,0.000000,874.590563
266.600000,11.133333,14.615901,-0.340416,31.003884,620.077685,811.462648,-0.308647,962.946842,-14985.446612,-1273.405856,324.585059,-87124.689606,0.000000,871.791783
266.700000,11.100000,14.581860,-0.340448,30.911075,618.221499,809.572689,-0.309519,962.924904,-14987.109153,-1270.580943,323.829076,-87134.355541,0.000000,868.993012
266.800000,11.066667,14.547815,-0.340480,30.818266,616.365321,807.682551,-0.310396,962.902853,-14988.781667,-1267.755934,323.073020,-87144.079456,0.000000,866.194251
266.900000,11.033333,14.513767,-0.340513,30.725458,614.509151,805.792233,-0.311278,962.880692,-14990.464277,-1264.930833,322.316893,-87153.862073,0.000000,863.395503
267.000000,11.000000,14.479716,-0.340546,30.632649,612.652988,803.901734,-0.312165,962.858421,-14992.157109,-1262.105642,321.560694,-87163.704121,0.000000,860.596770
267.100000,10.966667,14.445661,-0.340579,30.539842,610.796834,802.011053,-0.313057,962.836043,-14993.860290,-1259.280363,320.804421,-87173.606337,0.000000,857.798054
267.200000,10.933333,14.411603,-0.340612,30.447034,608.940688,800.120188,-0.313954,962.813557,-14995.573948,-1256.455001,320.048075,-87183.569467,0.000000,854.999356
267.300000,10.900000,14.377542,-0.340645,30.354227,607.084549,798.229139,-0.314857,962.790965,-14997.298214,-1253.629557,319.291656,-87193.594268,0.000000,852.200680
267.400000,10.866667,14.343477,-0.340679,30.261421,605.228419,796.337905,-0.315764,962.768269,-14999.033218,-1250.804034,318.535162,-87203.681502,0.000000,849.402026
267.500000,10.833333,14.309409,-0.340713,30.168615,603.372297,794.446484,-0.316677,962.745470,-15000.779094,-1247.978435,317.778594,-87213.831943,0.000000,846.603398
267.600000,10.800000,14.275338,-0.340747,30.075809,601.516184,792.554875,-0.317595,962.722569,-15002.535976,-1245.152763,317.021950,-87224.046373,0.000000,843.804797
267.700000,10.766667,14.241264,-0.340781,29.983004,599.660078,790.663077,-0.318519,962.699567,-15004.304000,-1242.327020,316.265231,-87234.325584,0.000000,841.006225
267.800000,10.733333,14.207185,-0.340816,29.890199,597.803981,788.771089,-0.319448,962.676467,-15006.083305,-1239.501209,315.508436,-87244.670378,0.000000,838.207684
267.900000,10.700000,14.173104,-0.340850,29.797395,595.947893,786.878909,-0.320382,962.653268,-15007.874029,-1236.675334,314.751564,-87255.081564,0.000000,835.409177
268.000000,10.666667,14.139019,-0.340885,29.704591,594.091812,784.986537,-0.321322,962.629973,-15009.676314,-1233.849397,313.994615,-87265.559965,0.000000,832.610705
268.100000,10.633333,14.104930,-0.340920,29.611787,592.235741,783.093971,-0.322267,962.606582,-15011.490303,-1231.023400,313.237588,-87276.106411,0.000000,829.812271
268.200000,10.600000,14.070838,-0.340956,29.518984,590.379678,781.201209,-0.323218,962.583098,-15013.316140,-1228.197346,312.480484,-87286.721744,0.000000,827.013876
268.300000,10.566667,14.036743,-0.340991,29.426181,588.523623,779.308251,-0.324175,962.559521,-15015.153972,-1225.371239,311.723301,-87297.406815,0.000000,824.215522
268.400000,10.533333,14.002644,-0.341027,29.333379,586.667577,777.415096,-0.325137,962.535854,-15017.003948,-1222.545081,310.966038,-87308.162487,0.000000,821.417213
268.500000,10.500000,13.968541,-0.341063,29.240577,584.811540,775.521741,-0.326105,962.512097,-15018.866217,-1219.718874,310.208697,-87318.989632,0.000000,818.618949
268.600000,10.466667,13.934435,-0.341100,29.147776,582.955512,773.628186,-0.327079,962.488251,-15020.740931,-1216.892622,309.451275,-87329.889136,0.000000,815.820732
268.700000,10.433333,13.900325,-0.341136,29.054975,581.099492,771.734430,-0.328059,962.464319,-15022.628246,-1214.066328,308.693772,-87340.861893,0.000000,813.022565
268.800000,10.400000,13.866211,-0.341173,28.962174,579.243481,769.840470,-0.329045,962.440302,-15024.528315,-1211.239994,307.936188,-87351.908810,0.000000,810.224450
268.900000,10.366667,13.832094,-0.341210,28.869374,577.387479,767.946306,-0.330036,962.416201,-15026.441298,-1208.413623,307.178522,-87363.030805,0.000000,807.426389
269.000000,10.333333,13.797973,-0.341247,28.776574,575.531487,766.051936,-0.331034,962.392019,-15028.367355,-1205.587218,306.420774,-87374.228809,0.000000,804.628384
269.100000,10.300000,13.763848,-0.341285,28.683775,573.675503,764.157358,-0.332038,962.367755,-15030.306647,-1202.760781,305.662943,-87385.503764,0.000000,801.830436
269.200000,10.266667,13.729719,-0.341323,28.590976,571.819528,762.262572,-0.333047,962.343412,-15032.259339,-1199.934317,304.905029,-87396.856624,0.000000,799.032549
269.300000,10.233333,13.695587,-0.341361,28.498178,569.963563,760.367576,-0.334063,962.318992,-15034.225597,-1197.107826,304.147031,-87408.288356,0.000000,796.234723
269.400000,10.200000,13.661451,-0.341399,28.405380,568.107607,758.472369,-0.335086,962.294496,-15036.205590,-1194.281314,303.388947,-87419.799940,0.000000,793.436961
269.500000,10.166667,13.627311,-0.341438,28.312583,566.251660,756.576948,-0.336114,962.269926,-15038.199487,-1191.454781,302.630779,-87431.392368,0.000000,790.639265
269.600000,10.133333,13.593167,-0.341477,28.219786,564.395722,754.681313,-0.337149,962.245283,-15040.207463,-1188.628232,301.872525,-87443.066645,0.000000,787.841637
269.700000,10.100000,13.559020,-0.341516,28.126990,562.539794,752.785462,-0.338191,962.220569,-15042.229692,-1185.801668,301.114185,-87454.823791,0.000000,785.044079
269.800000,10.066667,13.524868,-0.341556,28.034194,560.683875,750.889393,-0.339238,962.195785,-15044.266352,-1182.975094,300.355757,-87466.664839,0.000000,782.246593
269.900000,10.033333,13.490712,-0.341595,27.941398,558.827966,748.993105,-0.340293,962.170935,-15046.317623,-1180.148512,299.597242,-87478.590834,0.000000,779.449181
270.000000,10.000000,13.456553,-0.341635,27.848603,556.972066,747.096596,-0.341354,962.146018,-15048.383688,-1177.321924,298.838639,-87490.602837,0.000000,776.651845
270.100000,9.966667,13.422389,-0.341676,27.755809,555.116176,745.199865,-0.342421,962.121037,-15050.464731,-1174.495335,298.079946,-87502.701924,0.000000,773.854588
270.200000,9.933333,13.388222,-0.341716,27.663015,553.260296,743.302911,-0.343496,962.095994,-15052.560939,-1171.668746,297.321164,-87514.889183,0.000000,771.057410
270.300000,9.900000,13.354050,-0.341757,27.570221,551.404426,741.405730,-0.344577,962.070890,-15054.672504,-1168.842161,296.562292,-87527.165720,0.000000,768.260315
270.400000,9.866667,13.319874,-0.341798,27.477428,549.548565,739.508323,-0.345665,962.045728,-15056.799616,-1166.015583,295.803329,-87539.532654,0.000000,765.463303
270.500000,9.833333,13.285695,-0.341840,27.384636,547.692715,737.610686,-0.346760,962.020509,-15058.942473,-1163.189015,295.044274,-87551.991120,0.000000,762.666378
270.600000,9.800000,13.251511,-0.341882,27.291844,545.836874,735.712819,-0.347862,961.995234,-15061.101270,-1160.362460,294.285128,-87564.542270,0.000000,759.869542
270.700000,9.766667,13.217322,-0.341924,27.199052,543.981044,733.814720,-0.348971,961.969907,-15063.276210,-1157.535920,293.525888,-87577.187270,0.000000,757.072795
270.800000,9.733333,13.183130,-0.341966,27.106261,542.125223,731.916387,-0.350087,961.944529,-15065.467496,-1154.709400,292.766555,-87589.927303,0.000000,754.276141
270.900000,9.700000,13.148933,-0.342009,27.013471,540.269413,730.017817,-0.351211,961.919102,-15067.675334,-1151.882902,292.007127,-87602.763570,0.000000,751.479581
271.000000,9.666667,13.114732,-0.342052,26.920681,538.413613,728.119011,-0.352341,961.893627,-15069.899933,-1149.056429,291.247604,-87615.697288,0.000000,748.683118
271.100000,9.633333,13.080527,-0.342096,26.827891,536.557824,726.219965,-0.353479,961.868108,-15072.141507,-1146.229984,290.487986,-87628.729690,0.000000,745.886753
271.200000,9.600000,13.046318,-0.342140,26.735102,534.702045,724.320678,-0.354625,961.842546,-15074.400269,-1143.403571,289.728271,-87641.862029,0.000000,743.090488
271.300000,9.566667,13.012104,-0.342184,26.642314,532.846276,722.421147,-0.355778,961.816943,-15076.676439,-1140.577193,288.968459,-87655.095575,0.000000,740.294327
271.400000,9.533333,12.977885,-0.342228,26.549526,530.990518,720.521372,-0.356938,961.791301,-15078.970238,-1137.750852,288.208549,-87668.431615,0.000000,737.498269
271.500000,9.500000,12.943663,-0.342273,26.456739,529.134771,718.621350,-0.358106,961.765622,-15081.281890,-1134.924553,287.448540,-87681.871456,0.000000,734.702319
271.600000,9.466667,12.909435,-0.342318,26.363952,527.279035,716.721080,-0.359282,961.739910,-15083.611625,-1132.098298,286.688432,-87695.416424,0.000000,731.906477
271.700000,9.433333,12.875203,-0.342364,26.271165,525.423309,714.820559,-0.360466,961.714165,-15085.959673,-1129.272091,285.928223,-87709.067865,0.000000,729.110745
271.800000,9.400000,12.840967,-0.342409,26.178380,523.567594,712.919785,-0.361658,961.688390,-15088.326268,-1126.445934,285.167914,-87722.827142,0.000000,726.315127
271.900000,9.366667,12.806726,-0.342456,26.085595,521.711890,711.018756,-0.362857,961.662588,-15090.711650,-1123.619832,284.407502,-87736.695640,0.000000,723.519623
272.000000,9.333333,12.772481,-0.342502,25.992810,519.856198,709.117471,-0.364065,961.636761,-15093.116060,-1120.793787,283.646988,-87750.674766,0.000000,720.724237
272.100000,9.300000,12.738230,-0.342549,25.900026,518.000516,707.215927,-0.365280,961.610912,-15095.539743,-1117.967804,282.886371,-87764.765945,0.000000,717.928969
272.200000,9.266667,12.703975,-0.342597,25.807242,516.144846,705.314122,-0.366504,961.585042,-15097.982947,-1115.141884,282.125649,-87778.970625,0.000000,715.133823
272.300000,9.233333,12.669716,-0.342644,25.714459,514.289187,703.412055,-0.367736,961.559154,-15100.445927,-1112.316033,281.364822,-87793.290274,0.000000,712.338800
272.400000,9.200000,12.635451,-0.342692,25.621677,512.433539,701.509722,-0.368977,961.533251,-15102.928938,-1109.490253,280.603889,-87807.726385,0.000000,709.543902
272.500000,9.166667,12.601182,-0.342741,25.528895,510.577903,699.607122,-0.370226,961.507336,-15105.432241,-1106.664547,279.842849,-87822.280471,0.000000,706.749131
272.600000,9.133333,12.566908,-0.342790,25.436114,508.722279,697.704253,-0.371484,961.481411,-15107.956100,-1103.838920,279.081701,-87836.954070,0.000000,703.954490
272.700000,9.100000,12.532629,-0.342839,25.343333,506.866666,695.801112,-0.372750,961.455478,-15110.500783,-1101.013374,278.320445,-87851.748740,0.000000,701.159980
272.800000,9.066667,12.498345,-0.342889,25.250553,505.011065,693.897698,-0.374025,961.429541,-15113.066564,-1098.187914,277.559079,-87866.666068,0.000000,698.365605
272.900000,9.033333,12.464056,-0.342939,25.157774,503.155476,691.994008,-0.375309,961.403602,-15115.653718,-1095.362543,276.797603,-87881.707660,0.000000,695.571365
273.000000,9.000000,12.429762,-0.342990,25.064995,501.299898,690.090039,-0.376601,961.377664,-15118.262526,-1092.537265,276.036015,-87896.875152,0.000000,692.777262
273.100000,8.966667,12.395463,-0.343041,24.972217,499.444333,688.185789,-0.377903,961.351730,-15120.893275,-1089.712083,275.274316,-87912.170201,0.000000,689.983300
273.200000,8.933333,12.361159,-0.343092,24.879439,497.588780,686.281256,-0.379214,961.325803,-15123.546253,-1086.887001,274.512503,-87927.594493,0.000000,687.189480
273.300000,8.900000,12.326850,-0.343144,24.786662,495.733239,684.376438,-0.380534,961.299886,-15126.221755,-1084.062023,273.750575,-87943.149738,0.000000,684.395805
273.400000,8.866667,12.292536,-0.343196,24.693886,493.877711,682.471332,-0.381863,961.273981,-15128.920080,-1081.237152,272.988533,-87958.837675,0.000000,681.602276
273.500000,8.833333,12.258216,-0.343249,24.601110,492.022195,680.565936,-0.383202,961.248093,-15131.641532,-1078.412393,272.226374,-87974.660069,0.000000,678.808895
273.600000,8.800000,12.223891,-0.343302,24.508335,490.166691,678.660247,-0.384550,961.222224,-15134.386419,-1075.587750,271.464099,-87990.618714,0.000000,676.015665
273.700000,8.766667,12.189561,-0.343356,24.415560,488.311200,676.754263,-0.385908,961.196377,-15137.155054,-1072.763226,270.701705,-88006.715432,0.000000,673.222588
273.800000,8.733333,12.155225,-0.343410,24.322786,486.455722,674.847980,-0.387275,961.170556,-15139.947757,-1069.938825,269.939192,-88022.952075,0.000000,670.429667
273.900000,8.700000,12.120884,-0.343464,24.230013,484.600257,672.941398,-0.388653,961.144763,-15142.764850,-1067.114551,269.176559,-88039.330523,0.000000,667.636902
274.000000,8.666667,12.086538,-0.343520,24.137240,482.744804,671.034512,-0.390040,961.119004,-15145.606662,-1064.290409,268.413805,-88055.852688,0.000000,664.844297
274.100000,8.633333,12.052186,-0.343575,24.044468,480.889365,669.127320,-0.391437,961.093280,-15148.473528,-1061.466403,267.650928,-88072.520512,0.000000,662.051854
274.200000,8.600000,12.017829,-0.343631,23.951697,479.033939,667.219820,-0.392845,961.067595,-15151.365787,-1058.642536,266.887928,-88089.335971,0.000000,659.259574
274.300000,8.566667,11.983465,-0.343688,23.858926,477.178526,665.312009,-0.394262,961.041954,-15154.283784,-1055.818813,266.124803,-88106.301070,0.000000,656.467461
274.400000,8.533333,11.949097,-0.343745,23.766156,475.323126,663.403883,-0.395690,961.016359,-15157.227870,-1052.995238,265.361553,-88123.417848,0.000000,653.675516
274.500000,8.500000,11.914722,-0.343802,23.673387,473.467740,661.495441,-0.397129,960.990815,-15160.198401,-1050.171815,264.598176,-88140.688380,0.000000,650.883741
274.600000,8.466667,11.880342,-0.343860,23.580618,471.612368,659.586679,-0.398578,960.965325,-15163.195741,-1047.348550,263.834672,-88158.114773,0.000000,648.092140
274.700000,8.433333,11.845956,-0.343919,23.487850,469.757009,657.677595,-0.400038,960.939893,-15166.220257,-1044.525445,263.071038,-88175.699168,0.000000,645.300713
274.800000,8.400000,11.811564,-0.343978,23.395083,467.901664,655.768186,-0.401509,960.914524,-15169.272324,-1041.702507,262.307274,-88193.443746,0.000000,642.509464
274.900000,8.366667,11.777166,-0.344038,23.302317,466.046333,653.858448,-0.402990,960.889221,-15172.352324,-1038.879738,261.543379,-88211.350721,0.000000,639.718394
275.000000,8.333333,11.742762,-0.344098,23.209551,464.191017,651.948378,-0.404483,960.863988,-15175.460644,-1036.057145,260.779351,-88229.422346,0.000000,636.927506
275.100000,8.300000,11.708353,-0.344159,23.116786,462.335714,650.037975,-0.405987,960.838831,-15178.597677,-1033.234731,260.015190,-88247.660911,0.000000,634.136802
275.200000,8.266667,11.673937,-0.344220,23.024021,460.480426,648.127233,-0.407502,960.813752,-15181.763825,-1030.412502,259.250893,-88266.068747,0.000000,631.346285
275.300000,8.233333,11.639515,-0.344282,22.931258,458.625152,646.216151,-0.409029,960.788757,-15184.959494,-1027.590461,258.486460,-88284.648223,0.000000,628.555956
275.400000,8.200000,11.605086,-0.344345,22.838495,456.769892,644.304725,-0.410567,960.763849,-15188.185101,-1024.768614,257.721890,-88303.401749,0.000000,625.765818
275.500000,8.166667,11.570652,-0.344408,22.745732,454.914648,642.392952,-0.412118,960.739035,-15191.441066,-1021.946966,256.957181,-88322.331778,0.000000,622.975874
275.600000,8.133333,11.536211,-0.344471,22.652971,453.059418,640.480829,-0.413680,960.714317,-15194.727818,-1019.125522,256.192332,-88341.440803,0.000000,620.186125
275.700000,8.100000,11.501764,-0.344536,22.560210,451.204203,638.568352,-0.415254,960.689702,-15198.045794,-1016.304287,255.427341,-88360.731363,0.000000,617.396575
275.800000,8.066667,11.467311,-0.344601,22.467450,449.349004,636.655518,-0.416840,960.665194,-15201.395439,-1013.483266,254.662207,-88380.206041,0.000000,614.607225
275.900000,8.033333,11.432850,-0.344666,22.374691,447.493819,634.742324,-0.418438,960.640797,-15204.777204,-1010.662464,253.896930,-88399.867463,0.000000,611.818078
276.000000,8.000000,11.398384,-0.344732,22.281933,445.638650,632.828766,-0.420049,960.616518,-15208.191548,-1007.841887,253.131506,-88419.718305,0.000000,609.029136
276.100000,7.966667,11.363911,-0.344799,22.189175,443.783497,630.914840,-0.421673,960.592362,-15211.638941,-1005.021540,252.365936,-88439.761287,0.000000,606.240402
276.200000,7.933333,11.329431,-0.344867,22.096418,441.928359,629.000544,-0.423309,960.568333,-15215.119859,-1002.201427,251.600218,-88459.999179,0.000000,603.451877
276.300000,7.900000,11.294944,-0.344935,22.003662,440.073237,627.085873,-0.424958,960.544437,-15218.634786,-999.381556,250.834349,-88480.434802,0.000000,600.663566
276.400000,7.866667,11.260451,-0.345004,21.910907,438.218130,625.170824,-0.426620,960.520680,-15222.184216,-996.561931,250.068330,-88501.071025,0.000000,597.875469
276.500000,7.833333,11.225950,-0.345073,21.818152,436.363040,623.255393,-0.428296,960.497067,-15225.768653,-993.742559,249.302157,-88521.910770,0.000000,595.087589
276.600000,7.800000,11.191443,-0.345143,21.725398,434.507967,621.339576,-0.429984,960.473605,-15229.388606,-990.923444,248.535830,-88542.957013,0.000000,592.299930
276.700000,7.766667,11.156929,-0.345214,21.632645,432.652909,619.423370,-0.431687,960.450298,-15233.044599,-988.104593,247.769348,-88564.212782,0.000000,589.512492
276.800000,7.733333,11.122407,-0.345286,21.539893,430.797868,617.506770,-0.433403,960.427155,-15236.737160,-985.286012,247.002708,-88585.681162,0.000000,586.725280
276.900000,7.700000,11.087879,-0.345358,21.447142,428.942844,615.589773,-0.435132,960.404179,-15240.466831,-982.467707,246.235909,-88607.365295,0.000000,583.938295
277.000000,7.666667,11.053343,-0.345431,21.354392,427.087837,613.672375,-0.436876,960.381379,-15244.234161,-979.649685,245.468950,-88629.268380,0.000000,581.151539
277.100000,7.633333,11.018800,-0.345505,21.261642,425.232847,611.754572,-0.438634,960.358759,-15248.039712,-976.831950,244.701829,-88651.393675,0.000000,578.365016
277.200000,7.600000,10.984249,-0.345579,21.168894,423.377873,609.836359,-0.440407,960.336328,-15251.884054,-974.014510,243.934544,-88673.744500,0.000000,575.578728
277.300000,7.566667,10.949691,-0.345654,21.076146,421.522918,607.917732,-0.442194,960.314092,-15255.767769,-971.197372,243.167093,-88696.324237,0.000000,572.792678
277.400000,7.533333,10.915126,-0.345730,20.983399,419.667979,605.998688,-0.443996,960.292057,-15259.691449,-968.380541,242.399475,-88719.136331,0.000000,570.006868
277.500000,7.500000,10.880553,-0.345807,20.890653,417.813059,604.079221,-0.445812,960.270231,-15263.655698,-965.564025,241.631688,-88742.184292,0.000000,567.221300
277.600000,7.466667,10.845972,-0.345885,20.797908,415.958156,602.159328,-0.447644,960.248621,-15267.661132,-962.747830,240.863731,-88765.471697,0.000000,564.435978
277.700000,7.433333,10.811384,-0.345963,20.705164,414.103271,600.239004,-0.449491,960.227235,-15271.708377,-959.931963,240.095601,-88789.002191,0.000000,561.650904
277.800000,7.400000,10.776787,-0.346043,20.612420,412.248405,598.318244,-0.451354,960.206079,-15275.798072,-957.116432,239.327298,-88812.779490,0.000000,558.866080
277.900000,7.366667,10.742183,-0.346123,20.519678,410.393557,596.397044,-0.453232,960.185163,-15279.930869,-954.301244,238.558818,-88836.807380,0.000000,556.081510
278.000000,7.333333,10.707571,-0.346204,20.426936,408.538728,594.475400,-0.455126,960.164493,-15284.107432,-951.486405,237.790160,-88861.089720,0.000000,553.297195
278.100000,7.300000,10.672950,-0.346285,20.334196,406.683917,592.553306,-0.457036,960.144079,-15288.328437,-948.671924,237.021323,-88885.630446,0.000000,550.513140
278.200000,7.266667,10.638322,-0.346368,20.241456,404.829125,590.630759,-0.458963,960.123928,-15292.594574,-945.857808,236.252303,-88910.433570,0.000000,547.729346
278.300000,7.233333,10.603685,-0.346452,20.148718,402.974352,588.707752,-0.460906,960.104048,-15296.906547,-943.044064,235.483101,-88935.503181,0.000000,544.945816
278.400000,7.200000,10.569040,-0.346536,20.055980,401.119599,586.784281,-0.462866,960.084449,-15301.265074,-940.230701,234.713712,-88960.843451,0.000000,542.162553
278.500000,7.166667,10.534386,-0.346622,19.963243,399.264865,584.860341,-0.464843,960.065140,-15305.670885,-937.417726,233.944136,-88986.458634,0.000000,539.379559
278.600000,7.133333,10.499724,-0.346708,19.870508,397.410151,582.935927,-0.466837,960.046129,-15310.124728,-934.605149,233.174371,-89012.353068,0.000000,536.596839
278.700000,7.100000,10.465053,-0.346795,19.777773,395.555457,581.011034,-0.468848,960.027426,-15314.627362,-931.792976,232.404414,-89038.531177,0.000000,533.814393
278.800000,7.066667,10.430374,-0.346883,19.685039,393.700783,579.085657,-0.470878,960.009040,-15319.179566,-928.981217,231.634263,-89064.997477,0.000000,531.032226
278.900000,7.033333,10.395685,-0.346973,19.592306,391.846130,577.159789,-0.472925,959.990982,-15323.782130,-926.169879,230.863916,-89091.756572,0.000000,528.250340
279.000000,7.000000,10.360988,-0.347063,19.499575,389.991497,575.233427,-0.474990,959.973262,-15328.435864,-923.358973,230.093371,-89118.813160,0.000000,525.468738
279.100000,6.966667,10.326282,-0.347154,19.406844,388.136885,573.306564,-0.477073,959.955889,-15333.141591,-920.548507,229.322625,-89146.172038,0.000000,522.687422
279.200000,6.933333,10.291567,-0.347246,19.314115,386.282293,571.379194,-0.479175,959.938874,-15337.900153,-917.738490,228.551678,-89173.838096,0.000000,519.906397
279.300000,6.900000,10.256842,-0.347339,19.221386,384.427723,569.451313,-0.481296,959.922228,-15342.712409,-914.928931,227.780525,-89201.816330,0.000000,517.125664
279.400000,6.866667,10.222108,-0.347434,19.128659,382.573175,567.522913,-0.483436,959.905962,-15347.579236,-912.119841,227.009165,-89230.111835,0.000000,514.345226
279.500000,6.833333,10.187365,-0.347529,19.035932,380.718648,565.593990,-0.485596,959.890088,-15352.501528,-909.311228,226.237596,-89258.729815,0.000000,511.565088
279.600000,6.800000,10.152612,-0.347626,18.943207,378.864143,563.664538,-0.487775,959.874617,-15357.480200,-906.503102,225.465815,-89287.675580,0.000000,508.785251
279.700000,6.766667,10.117849,-0.347723,18.850483,377.009660,561.734549,-0.489974,959.859560,-15362.516184,-903.695474,224.693820,-89316.954556,0.000000,506.005718
279.800000,6.733333,10.083077,-0.347822,18.757760,375.155200,559.804019,-0.492193,959.844930,-15367.610432,-900.888354,223.921608,-89346.572278,0.000000,503.226494
279.900000,6.700000,10.048295,-0.347922,18.665038,373.300762,557.872941,-0.494433,959.830740,-15372.763917,-898.081753,223.149176,-89376.534403,0.000000,500.447580
280.000000,6.666667,10.013502,-0.348023,18.572317,371.446347,555.941308,-0.496693,959.817003,-15377.977633,-895.275681,222.376523,-89406.846706,0.000000,497.668980
280.100000,6.633333,9.978700,-0.348125,18.479598,369.591955,554.009115,-0.498975,959.803730,-15383.252595,-892.470149,221.603646,-89437.515087,0.000000,494.890697
280.200000,6.600000,9.943888,-0.348228,18.386879,367.737587,552.076353,-0.501278,959.790937,-15388.589839,-889.665169,220.830541,-89468.545573,0.000000,492.112735
280.300000,6.566667,9.909065,-0.348333,18.294162,365.883243,550.143018,-0.503603,959.778636,-15393.990423,-886.860752,220.057207,-89499.944321,0.000000,489.335096
280.400000,6.533333,9.874232,-0.348439,18.201446,364.028922,548.209101,-0.505949,959.766842,-15399.455431,-884.056909,219.283641,-89531.717622,0.000000,486.557783
280.500000,6.500000,9.839388,-0.348546,18.108731,362.174625,546.274597,-0.508318,959.755569,-15404.985968,-881.253653,218.509839,-89563.871906,0.000000,483.780800
280.600000,6.466667,9.804533,-0.348655,18.016018,360.320353,544.339497,-0.510710,959.744833,-15410.583164,-878.450995,217.735799,-89596.413743,0.000000,481.004150
280.700000,6.433333,9.769668,-0.348764,17.923305,358.466106,542.403795,-0.513124,959.734647,-15416.248174,-875.648949,216.961518,-89629.349849,0.000000,478.227837
280.800000,6.400000,9.734791,-0.348876,17.830594,356.611884,540.467484,-0.515562,959.725029,-15421.982179,-872.847526,216.186993,-89662.687089,0.000000,475.451863
280.900000,6.366667,9.699904,-0.348988,17.737884,354.757687,538.530555,-0.518024,959.715994,-15427.786387,-870.046741,215.412222,-89696.432480,0.000000,472.676232
281.000000,6.333333,9.665005,-0.349102,17.645176,352.903516,536.593002,-0.520509,959.707558,-15433.662030,-867.246605,214.637201,-89730.593200,0.000000,469.900947
281.100000,6.300000,9.630095,-0.349217,17.552469,351.049370,534.654817,-0.523019,959.699739,-15439.610373,-864.447134,213.861927,-89765.176586,0.000000,467.126012
281.200000,6.266667,9.595173,-0.349334,17.459763,349.195251,532.715992,-0.525553,959.692553,-15445.632705,-861.648340,213.086397,-89800.190143,0.000000,464.351430
281.300000,6.233333,9.560239,-0.349452,17.367058,347.341159,530.776519,-0.528113,959.686019,-15451.730346,-858.850239,212.310608,-89835.641548,0.000000,461.577205
281.400000,6.200000,9.525294,-0.349572,17.274355,345.487093,528.836390,-0.530698,959.680155,-15457.904648,-856.052843,211.534556,-89871.538651,0.000000,458.803339
281.500000,6.166667,9.490337,-0.349693,17.181653,343.633054,526.895597,-0.533309,959.674979,-15464.156992,-853.256169,210.758239,-89907.889488,0.000000,456.029837
281.600000,6.133333,9.455368,-0.349816,17.088952,341.779043,524.954131,-0.535946,959.670510,-15470.488792,-850.460232,209.981652,-89944.702276,0.000000,453.256702
281.700000,6.100000,9.420386,-0.349940,16.996253,339.925060,523.011983,-0.538610,959.666769,-15476.901494,-847.665047,209.204793,-89981.985429,0.000000,450.483937
281.800000,6.066667,9.385392,-0.350066,16.903555,338.071105,521.069146,-0.541300,959.663776,-15483.396579,-844.870630,208.427658,-90019.747554,0.000000,447.711547
281.900000,6.033333,9.350386,-0.350193,16.810859,336.217179,519.125609,-0.544019,959.661551,-15489.975564,-842.076998,207.650244,-90057.997464,0.000000,444.939534
282.000000,6.000000,9.315366,-0.350322,16.718164,334.363281,517.181365,-0.546765,959.660117,-15496.639999,-839.284167,206.872546,-90096.744180,0.000000,442.167903
282.100000,5.966667,9.280334,-0.350453,16.625471,332.509413,515.236404,-0.549539,959.659494,-15503.391473,-836.492154,206.094562,-90135.996937,0.000000,439.396656
282.200000,5.933333,9.245289,-0.350586,16.532779,330.655574,513.290716,-0.552343,959.659705,-15510.231613,-833.700977,205.316287,-90175.765193,0.000000,436.625798
282.300000,5.900000,9.210230,-0.350720,16.440088,328.801765,511.344293,-0.555175,959.660774,-15517.162085,-830.910654,204.537717,-90216.058634,0.000000,433.855333
282.400000,5.866667,9.175158,-0.350856,16.347399,326.947987,509.397123,-0.558037,959.662724,-15524.184595,-828.121203,203.758849,-90256.887181,0.000000,431.085264
282.500000,5.833333,9.140072,-0.350994,16.254712,325.094239,507.449199,-0.560930,959.665580,-15531.300891,-825.332643,202.979679,-90298.260996,0.000000,428.315594
282.600000,5.800000,9.104973,-0.351134,16.162026,323.240522,505.500508,-0.563853,959.669367,-15538.512765,-822.544993,202.200203,-90340.190491,0.000000,425.546329
282.700000,5.766667,9.069860,-0.351276,16.069342,321.386837,503.551042,-0.566807,959.674111,-15545.822050,-819.758274,201.420417,-90382.686336,0.000000,422.777471
282.800000,5.733333,9.034732,-0.351419,15.976659,319.533184,501.600789,-0.569792,959.679838,-15553.230628,-816.972505,200.640315,-90425.759464,0.000000,420.009024
282.900000,5.700000,8.999590,-0.351565,15.883978,317.679563,499.649739,-0.572810,959.686576,-15560.740426,-814.187706,199.859895,-90469.421082,0.000000,417.240993
283.000000,5.666667,8.964434,-0.351712,15.791299,315.825975,497.697880,-0.575861,959.694352,-15568.353421,-811.403901,199.079152,-90513.682679,0.000000,414.473381
283.100000,5.633333,8.929262,-0.351862,15.698621,313.972420,495.745203,-0.578945,959.703197,-15576.071638,-808.621109,198.298081,-90558.556033,0.000000,411.706192
283.200000,5.600000,8.894076,-0.352014,15.605945,312.118899,493.791696,-0.582063,959.713138,-15583.897154,-805.839355,197.516678,-90604.053223,0.000000,408.939431
283.300000,5.566667,8.858875,-0.352167,15.513271,310.265411,491.837346,-0.585215,959.724208,-15591.832101,-803.058660,196.734938,-90650.186634,0.000000,406.173101
283.400000,5.533333,8.823658,-0.352323,15.420598,308.411959,489.882142,-0.588402,959.736436,-15599.878663,-800.279048,195.952857,-90696.968973,0.000000,403.407207
283.500000,5.500000,8.788426,-0.352481,15.327927,306.558541,487.926073,-0.591624,959.749857,-15608.039083,-797.500544,195.170429,-90744.413274,0.000000,400.641751
283.600000,5.466667,8.753178,-0.352642,15.235258,304.705159,485.969126,-0.594883,959.764502,-15616.315660,-794.723172,194.387650,-90792.532910,0.000000,397.876740
283.700000,5.433333,8.717913,-0.352804,15.142591,302.851812,484.011288,-0.598179,959.780407,-15624.710756,-791.946958,193.604515,-90841.341605,0.000000,395.112176
283.800000,5.400000,8.682633,-0.352970,15.049925,300.998502,482.052547,-0.601511,959.797606,-15633.226792,-789.171928,192.821019,-90890.853444,0.000000,392.348064
283.900000,5.366667,8.647336,-0.353137,14.957261,299.145229,480.092890,-0.604882,959.816135,-15641.866257,-786.398109,192.037156,-90941.082887,0.000000,389.584409
284.000000,5.333333,8.612022,-0.353307,14.864600,297.291994,478.132303,-0.608292,959.836033,-15650.631702,-783.625528,191.252921,-90992.044779,0.000000,386.821214
284.100000,5.300000,8.576692,-0.353479,14.771940,295.438796,476.170773,-0.611741,959.857337,-15659.525750,-780.854214,190.468309,-91043.754362,0.000000,384.058483
284.200000,5.266667,8.541344,-0.353654,14.679282,293.585637,474.208286,-0.615230,959.880087,-15668.551094,-778.084197,189.683314,-91096.227293,0.000000,381.296222
284.300000,5.233333,8.505978,-0.353832,14.586626,291.732517,472.244828,-0.618760,959.904325,-15677.710500,-775.315505,188.897931,-91149.479653,0.000000,378.534434
284.400000,5.200000,8.470595,-0.354012,14.493972,289.879437,470.280385,-0.622331,959.930091,-15687.006810,-772.548169,188.112154,-91203.527963,0.000000,375.773124
284.500000,5.166667,8.435194,-0.354195,14.401320,288.026397,468.314941,-0.625945,959.957429,-15696.442942,-769.782222,187.325976,-91258.389198,0.000000,373.012296
284.600000,5.133333,8.399775,-0.354380,14.308670,286.173397,466.348482,-0.629601,959.986385,-15706.021899,-767.017696,186.539393,-91314.080807,0.000000,370.251955
284.700000,5.100000,8.364337,-0.354569,14.216022,284.320439,464.380992,-0.633301,960.017003,-15715.746764,-764.254624,185.752397,-91370.620723,0.000000,367.492105
284.800000,5.066667,8.328880,-0.354760,14.123376,282.467523,462.412456,-0.637046,960.049331,-15725.620710,-761.493041,184.964982,-91428.027382,0.000000,364.732751
284.900000,5.033333,8.293404,-0.354954,14.030732,280.614649,460.442858,-0.640837,960.083419,-15735.646996,-758.732981,184.177143,-91486.319745,0.000000,361.973897
285.000000,5.000000,8.257908,-0.355152,13.938091,278.761819,458.472180,-0.644674,960.119317,-15745.828977,-755.974482,183.388872,-91545.517308,0.000000,359.215548
285.100000,4.966667,8.222393,-0.355352,13.845452,276.909032,456.500408,-0.648557,960.157075,-15756.170102,-753.217581,182.600163,-91605.640130,0.000000,356.457708
285.200000,4.933333,8.186858,-0.355556,13.752814,275.056290,454.527522,-0.652489,960.196749,-15766.673921,-750.462316,181.811009,-91666.708844,0.000000,353.700382
285.300000,4.900000,8.151302,-0.355762,13.660180,273.203593,452.553507,-0.656470,960.238394,-15777.344086,-747.708727,181.021403,-91728.744686,0.000000,350.943574
285.400000,4.866667,8.115726,-0.355973,13.567547,271.350942,450.578343,-0.660500,960.282066,-15788.184356,-744.956854,180.231337,-91791.769511,0.000000,348.187291
285.500000,4.833333,8.080129,-0.356186,13.474917,269.498337,448.602013,-0.664582,960.327824,-15799.198601,-742.206741,179.440805,-91855.805818,0.000000,345.431535
285.600000,4.800000,8.044510,-0.356403,13.382289,267.645780,446.624498,-0.668715,960.375730,-15810.390805,-739.458429,178.649799,-91920.876771,0.000000,342.676312
285.700000,4.766667,8.008870,-0.356623,13.289664,265.793270,444.645779,-0.672901,960.425845,-15821.765071,-736.711965,177.858311,-91987.006229,0.000000,339.921626
285.800000,4.733333,7.973208,-0.356847,13.197040,263.940810,442.665835,-0.677141,960.478235,-15833.325627,-733.967393,177.066334,-92054.218764,0.000000,337.167483
285.900000,4.700000,7.937523,-0.357075,13.104420,262.088399,440.684648,-0.681435,960.532967,-15845.076828,-731.224761,176.273859,-92122.539696,0.000000,334.413887
286.000000,4.666667,7.901815,-0.357307,13.011802,260.236038,438.702197,-0.685786,960.590109,-15857.023159,-728.484118,175.480879,-92191.995113,0.000000,331.660843
286.100000,4.633333,7.866085,-0.357542,12.919186,258.383728,436.718460,-0.690193,960.649733,-15869.169248,-725.745514,174.687384,-92262.611905,0.000000,328.908356
286.200000,4.600000,7.830330,-0.357781,12.826574,256.531470,434.733417,-0.694659,960.711913,-15881.519861,-723.009002,173.893367,-92334.417797,0.000000,326.156430
286.300000,4.566667,7.794552,-0.358025,12.733963,254.679265,432.747044,-0.699184,960.776725,-15894.079916,-720.274634,173.098818,-92407.441372,0.000000,323.405071
286.400000,4.533333,7.758750,-0.358272,12.641356,252.827114,430.759320,-0.703770,960.844248,-15906.854483,-717.542467,172.303728,-92481.712113,0.000000,320.654284
286.500000,4.500000,7.722923,-0.358524,12.548751,250.975017,428.770222,-0.708418,960.914563,-15919.848795,-714.812556,171.508089,-92557.260436,0.000000,317.904072
286.600000,4.466667,7.687070,-0.358780,12.456149,249.122975,426.779726,-0.713129,960.987754,-15933.068248,-712.084962,170.711890,-92634.117722,0.000000,315.154442
286.700000,4.433333,7.651192,-0.359041,12.363550,247.270990,424.787807,-0.717904,961.063908,-15946.518414,-709.359744,169.915123,-92712.316363,0.000000,312.405399
286.800000,4.400000,7.615288,-0.359306,12.270953,245.419062,422.794441,-0.722745,961.143116,-15960.205045,-706.636966,169.117776,-92791.889794,0.000000,309.656946
286.900000,4.366667,7.579357,-0.359576,12.178360,243.567193,420.799602,-0.727653,961.225470,-15974.134077,-703.916692,168.319841,-92872.872541,0.000000,306.909089
287.000000,4.333333,7.543400,-0.359851,12.085769,241.715382,418.803265,-0.732630,961.311068,-15988.311645,-701.198990,167.521306,-92955.300262,0.000000,304.161833
287.100000,4.300000,7.507415,-0.360131,11.993182,239.863632,416.805402,-0.737677,961.400009,-16002.744085,-698.483927,166.722161,-93039.209797,0.000000,301.415184
287.200000,4.266667,7.471402,-0.360415,11.900597,238.011943,414.805987,-0.742795,961.492396,-16017.437944,-695.771577,165.922395,-93124.639209,0.000000,298.669145
287.300000,4.233333,7.435360,-0.360705,11.808016,236.160317,412.804990,-0.747986,961.588336,-16032.399989,-693.062013,165.121996,-93211.627845,0.000000,295.923721
287.400000,4.200000,7.399289,-0.361001,11.715438,234.308754,410.802383,-0.753252,961.687940,-16047.637217,-690.355311,164.320953,-93300.216378,0.000000,293.178919
287.500000,4.166667,7.363189,-0.361301,11.622863,232.457255,408.798138,-0.758595,961.791324,-16063.156862,-687.651551,163.519255,-93390.446875,0.000000,290.434741
287.600000,4.133333,7.327059,-0.361608,11.530291,230.605823,406.792222,-0.764015,961.898605,-16078.966409,-684.950814,162.716889,-93482.362844,0.000000,287.691194
287.700000,4.100000,7.290898,-0.361920,11.437723,228.754457,404.784605,-0.769516,962.009908,-16095.073601,-682.253185,161.913842,-93576.009307,0.000000,284.948283
287.800000,4.066667,7.254706,-0.362238,11.345158,226.903159,402.775255,-0.775098,962.125361,-16111.486451,-679.558752,161.110102,-93671.432856,0.000000,282.206011
287.900000,4.033333,7.218483,-0.362562,11.252597,225.051931,400.764139,-0.780763,962.245095,-16128.213257,-676.867605,160.305656,-93768.681727,0.000000,279.464383
288.000000,4.000000,7.182226,-0.362893,11.160039,223.200773,398.751224,-0.786514,962.369248,-16145.262609,-674.179838,159.500490,-93867.805868,0.000000,276.723405
288.100000,3.966667,7.145937,-0.363230,11.067484,221.349688,396.736474,-0.792352,962.497964,-16162.643407,-671.495549,158.694590,-93968.857019,0.000000,273.983081
288.200000,3.933333,7.109614,-0.363573,10.974934,219.498676,394.719854,-0.798279,962.631390,-16180.364872,-668.814839,157.887942,-94071.888788,0.000000,271.243415
288.300000,3.900000,7.073257,-0.363923,10.882387,217.647738,392.701327,-0.804298,962.769680,-16198.436559,-666.137812,157.080531,-94176.956737,0.000000,268.504413
288.400000,3.866667,7.036865,-0.364280,10.789844,215.796877,390.680856,-0.810410,962.912993,-16216.868377,-663.464577,156.272342,-94284.118470,0.000000,265.766078
288.500000,3.833333,7.000437,-0.364645,10.697305,213.946093,388.658402,-0.816618,963.061496,-16235.670601,-660.795246,155.463361,-94393.433725,0.000000,263.028414
288.600000,3.800000,6.963972,-0.365017,10.604769,212.095389,386.633924,-0.822925,963.215359,-16254.853890,-658.129936,154.653570,-94504.964474,0.000000,260.291427
288.700000,3.766667,6.927470,-0.365396,10.512238,210.244765,384.607383,-0.829332,963.374764,-16274.429305,-655.468767,153.842953,-94618.775029,0.000000,257.555120
288.800000,3.733333,6.890931,-0.365783,10.419711,208.394223,382.578735,-0.835841,963.539894,-16294.408329,-652.811866,153.031494,-94734.932145,0.000000,254.819497
288.900000,3.700000,6.854353,-0.366178,10.327188,206.543766,380.547938,-0.842457,963.710944,-16314.802884,-650.159364,152.219175,-94853.505142,0.000000,252.084562
289.000000,3.666667,6.817735,-0.366582,10.234670,204.693394,378.514946,-0.849180,963.888115,-16335.625356,-647.511395,151.405978,-94974.566025,0.000000,249.350318
289.100000,3.633333,6.781077,-0.366994,10.142155,202.843109,376.479714,-0.856014,964.071616,-16356.888613,-644.868100,150.591886,-95098.189612,0.000000,246.616770
289.200000,3.600000,6.744377,-0.367415,10.049646,200.992914,374.442194,-0.862962,964.261664,-16378.606032,-642.229626,149.776878,-95224.453675,0.000000,243.883921
289.300000,3.566667,6.707636,-0.367845,9.957140,199.142809,372.402338,-0.870027,964.458486,-16400.791522,-639.596126,148.960935,-95353.439079,0.000000,241.151773
289.400000,3.533333,6.670851,-0.368284,9.864640,197.292797,370.360094,-0.877210,964.662318,-16423.459550,-636.967756,148.144038,-95485.229940,0.000000,238.420330
289.500000,3.500000,6.634023,-0.368733,9.772144,195.442881,368.315411,-0.884517,964.873406,-16446.625171,-634.344683,147.326165,-95619.913785,0.000000,235.689595
289.600000,3.466667,6.597149,-0.369192,9.679653,193.593061,366.268236,-0.891949,965.092005,-16470.304057,-631.727077,146.507294,-95757.581724,0.000000,232.959570
289.700000,3.433333,6.560230,-0.369661,9.587167,191.743340,364.218513,-0.899511,965.318382,-16494.512525,-629.115116,145.687405,-95898.328635,0.000000,230.230258
289.800000,3.400000,6.523264,-0.370141,9.494686,189.893720,362.166186,-0.907205,965.552816,-16519.267577,-626.508987,144.866474,-96042.253353,0.000000,227.501659
289.900000,3.366667,6.486250,-0.370632,9.402210,188.044203,360.111195,-0.915035,965.795596,-16544.586927,-623.908883,144.044478,-96189.458880,0.000000,224.773776
290.000000,3.333333,6.449187,-0.371134,9.309740,186.194792,358.053479,-0.923005,966.047026,-16570.489047,-621.315005,143.221392,-96340.052601,0.000000,222.046611
290.100000,3.300000,6.412074,-0.371647,9.217274,184.345489,355.992977,-0.931118,966.307420,-16596.993201,-618.727564,142.397191,-96494.146515,0.000000,219.320163
290.200000,3.266667,6.374909,-0.372173,9.124815,182.496297,353.929623,-0.939380,966.577109,-16624.119487,-616.146780,141.571849,-96651.857485,0.000000,216.594434
290.300000,3.233333,6.337692,-0.372711,9.032361,180.647217,351.863350,-0.947793,966.856437,-16651.888889,-613.572881,140.745340,-96813.307497,0.000000,213.869423
290.400000,3.200000,6.300420,-0.373262,8.939913,178.798253,349.794090,-0.956362,967.145764,-16680.323318,-611.006105,139.917636,-96978.623940,0.000000,211.145130
290.500000,3.166667,6.263094,-0.373826,8.847470,176.949407,347.721770,-0.965091,967.445465,-16709.445664,-608.446702,139.088708,-97147.939907,0.000000,208.421554
290.600000,3.133333,6.225712,-0.374405,8.755034,175.100682,345.646316,-0.973986,967.755934,-16739.279855,-605.894934,138.258527,-97321.394506,0.000000,205.698693
290.700000,3.100000,6.188271,-0.374997,8.662604,173.252081,343.567653,-0.983051,968.077581,-16769.850911,-603.351071,137.427061,-97499.133206,0.000000,202.976544
290.800000,3.066667,6.150771,-0.375604,8.570180,171.403607,341.485700,-0.992290,968.410838,-16801.185009,-600.815398,136.594280,-97681.308190,0.000000,200.255106
290.900000,3.033333,6.113211,-0.376227,8.477763,169.555262,339.400376,-1.001709,968.756153,-16833.309545,-598.288213,135.760151,-97868.078747,0.000000,197.534374
291.000000,3.000000,6.075588,-0.376865,8.385353,167.707051,337.311596,-1.011314,969.113999,-16866.253209,-595.769828,134.924638,-98059.611682,0.000000,194.814344
291.100000,2.966667,6.037902,-0.377520,8.292949,165.858976,335.219271,-1.021110,969.484870,-16900.046062,-593.260568,134.087708,-98256.081756,0.000000,192.095010
291.200000,2.933333,6.000150,-0.378192,8.200552,164.011041,333.123310,-1.031103,969.869283,-16934.719611,-590.760774,133.249324,-98457.672156,0.000000,189.376366
291.300000,2.900000,5.962330,-0.378882,8.108162,162.163249,331.023618,-1.041299,970.267781,-16970.306901,-588.270804,132.409447,-98664.575006,0.000000,186.658405
291.400000,2.866667,5.924442,-0.379590,8.015780,160.315604,328.920097,-1.051704,970.680934,-17006.842607,-585.791034,131.568039,-98876.991903,0.000000,183.941118
291.500000,2.833333,5.886483,-0.380317,7.923406,158.468110,326.812645,-1.062324,971.109338,-17044.363133,-583.321855,130.725058,-99095.134497,0.000000,181.224496
291.600000,2.800000,5.848452,-0.381064,7.831039,156.620771,324.701156,-1.073168,971.553622,-17082.906720,-580.863681,129.880462,-99319.225118,0.000000,178.508527
291.700000,2.766667,5.810345,-0.381832,7.738680,154.773591,322.585520,-1.084241,972.014444,-17122.513560,-578.416943,129.034208,-99549.497443,0.000000,175.793199
291.800000,2.733333,5.772162,-0.382621,7.646329,152.926574,320.465623,-1.095552,972.492497,-17163.225921,-575.982098,128.186249,-99786.197214,0.000000,173.078498
291.900000,2.700000,5.733900,-0.383432,7.553986,151.079725,318.341345,-1.107108,972.988508,-17205.088278,-573.559622,127.336538,-100029.583013,0.000000,170.364409
292.000000,2.666667,5.695557,-0.384266,7.461652,149.233048,316.212562,-1.118918,973.503244,-17248.147460,-571.150017,126.485025,-100279.927092,0.000000,167.650913
292.100000,2.633333,5.657130,-0.385125,7.369327,147.386548,314.079147,-1.130989,974.037510,-17292.452800,-568.753811,125.631659,-100537.516276,0.000000,164.937992
292.200000,2.600000,5.618618,-0.386009,7.277012,145.540231,311.940965,-1.143332,974.592156,-17338.056303,-566.371561,124.776386,-100802.652924,0.000000,162.225624
292.300000,2.566667,5.580017,-0.386919,7.184705,143.694100,309.797876,-1.155954,975.168075,-17385.012828,-564.003851,123.919150,-101075.655974,0.000000,159.513783
292.400000,2.533333,5.541325,-0.387856,7.092408,141.848163,307.649735,-1.168867,975.766209,-17433.380277,-561.651298,123.059894,-101356.862076,0.000000,156.802445
292.500000,2.500000,5.502539,-0.388822,7.000121,140.002423,305.496390,-1.182079,976.387553,-17483.219810,-559.314551,122.198556,-101646.626803,0.000000,154.091579
292.600000,2.466667,5.463657,-0.389818,6.907844,138.156888,303.337682,-1.195603,977.033156,-17534.596068,-556.994295,121.335073,-101945.325974,0.000000,151.381152
292.700000,2.433333,5.424675,-0.390845,6.815578,136.311563,301.173446,-1.209449,977.704124,-17587.577418,-554.691254,120.469378,-102253.357082,0.000000,148.671130
292.800000,2.400000,5.385591,-0.391904,6.723323,134.466456,299.003510,-1.223629,978.401628,-17642.236224,-552.406191,119.601404,-102571.140840,0.000000,145.961471
292.900000,2.366667,5.346400,-0.392997,6.631079,132.621571,296.827693,-1.238155,979.126904,-17698.649132,-550.139912,118.731077,-102899.122860,0.000000,143.252133
293.000000,2.333333,5.307101,-0.394126,6.538846,130.776918,294.645806,-1.253041,979.881259,-17756.897382,-547.893270,117.858322,-103237.775479,0.000000,140.543067
293.100000,2.300000,5.267688,-0.395292,6.446625,128.932502,292.457651,-1.268300,980.666077,-17817.067155,-545.667167,116.983061,-103587.599738,0.000000,137.834221
293.200000,2.266667,5.228159,-0.396497,6.354417,127.088332,290.263023,-1.283947,981.482824,-17879.249936,-543.462557,116.105209,-103949.127537,0.000000,135.125537
293.300000,2.233333,5.188509,-0.397743,6.262221,125.244415,288.061704,-1.299996,982.333052,-17943.542925,-541.280451,115.224682,-104322.923985,0.000000,132.416950
293.400000,2.200000,5.148735,-0.399032,6.170038,123.400761,285.853468,-1.316464,983.218406,-18010.049473,-539.121919,114.341387,-104709.589961,0.000000,129.708390
293.500000,2.166667,5.108832,-0.400366,6.077869,121.557377,283.638076,-1.333368,984.140634,-18078.879562,-536.988098,113.455230,-105109.764898,0.000000,126.999780
293.600000,2.133333,5.068795,-0.401747,5.985714,119.714274,281.415278,-1.350725,985.101588,-18150.150333,-534.880193,112.566111,-105524.129841,0.000000,124.291036
293.700000,2.100000,5.028620,-0.403178,5.893573,117.871461,279.184811,-1.368553,986.103238,-18223.986654,-532.799482,111.673925,-105953.410777,0.000000,121.582063
293.800000,2.066667,4.988303,-0.404661,5.801447,116.028948,276.946401,-1.386873,987.147676,-18300.521753,-530.747326,110.778560,-106398.382285,0.000000,118.872759
293.900000,2.033333,4.947836,-0.406200,5.709337,114.186745,274.699755,-1.405706,988.237129,-18379.897903,-528.725169,109.879902,-106859.871529,0.000000,116.163011
294.000000,2.000000,4.907217,-0.407796,5.617243,112.344865,272.444569,-1.425074,989.373964,-18462.267175,-526.734548,108.977828,-107338.762643,0.000000,113.452695
294.100000,1.966667,4.866437,-0.409453,5.525166,110.503319,270.180520,-1.444999,990.560706,-18547.792265,-524.777099,108.072208,-107836.001541,0.000000,110.741673
294.200000,1.933333,4.825492,-0.411175,5.433106,108.662120,267.907269,-1.465507,991.800043,-18636.647407,-522.854565,107.162908,-108352.601202,0.000000,108.029794
294.300000,1.900000,4.784374,-0.412965,5.341064,106.821281,265.624458,-1.486625,993.094844,-18729.019366,-520.968804,106.249783,-108889.647476,0.000000,105.316893
294.400000,1.866667,4.743078,-0.414828,5.249041,104.980816,263.331708,-1.508379,994.448168,-18825.108544,-519.121795,105.332683,-109448.305488,0.000000,102.602784
294.500000,1.833333,4.701595,-0.416766,5.157037,103.140739,261.028619,-1.530800,995.863284,-18925.130189,-517.315654,104.411448,-110029.826680,0.000000,99.887266
294.600000,1.800000,4.659918,-0.418785,5.065053,101.301067,258.714769,-1.553919,997.343684,-19029.315733,-515.552635,103.485908,-110635.556585,0.000000,97.170115
294.700000,1.766667,4.618040,-0.420890,4.973091,99.461816,256.389708,-1.577770,998.893102,-19137.914264,-513.835151,102.555883,-111266.943398,0.000000,94.451081
294.800000,1.733333,4.575951,-0.423085,4.881150,97.623003,254.052963,-1.602388,1000.515533,-19251.194162,-512.165779,101.621185,-111925.547452,0.000000,91.729891
294.900000,1.700000,4.533642,-0.425377,4.789232,95.784647,251.704030,-1.627812,1002.215255,-19369.444889,-510.547273,100.681612,-112613.051678,0.000000,89.006239
295.000000,1.666667,4.491104,-0.427771,4.697338,93.946768,249.342373,-1.654081,1003.996849,-19492.978986,-508.982583,99.736949,-113331.273177,0.000000,86.279788
295.100000,1.633333,4.448327,-0.430274,4.605469,92.109387,246.967425,-1.681241,1005.865226,-19622.134275,-507.474862,98.786970,-114082.176017,0.000000,83.550162
295.200000,1.600000,4.405300,-0.432893,4.513626,90.272525,244.578580,-1.709336,1007.825651,-19757.276288,-506.027489,97.831432,-114867.885393,0.000000,80.816944
295.300000,1.566667,4.362011,-0.435636,4.421810,88.436208,242.175194,-1.738417,1009.883771,-19898.800965,-504.644080,96.870078,-115690.703287,0.000000,78.079666
295.400000,1.533333,4.318447,-0.438510,4.330023,86.600459,239.756581,-1.768537,1012.045649,-20047.137637,-503.328506,95.902632,-116553.125794,0.000000,75.337810
295.500000,1.500000,4.274596,-0.441526,4.238265,84.765306,237.322008,-1.799754,1014.317788,-20202.752310,-502.084913,94.928803,-117457.862269,0.000000,72.590795
295.600000,1.466667,4.230443,-0.444693,4.146539,82.930779,234.870691,-1.832129,1016.707172,-20366.151313,-500.917737,93.948276,-118407.856470,0.000000,69.837970
295.700000,1.433333,4.185974,-0.448021,4.054845,81.096906,232.401793,-1.865729,1019.221298,-20537.885297,-499.831724,92.960717,-119406.309863,0.000000,67.078606
295.800000,1.400000,4.141172,-0.451522,3.963186,79.263723,229.914418,-1.900626,1021.868210,-20718.553648,-498.831947,91.965767,-120456.707259,0.000000,64.311883
295.900000,1.366667,4.096020,-0.455209,3.871563,77.431263,227.407604,-1.936896,1024.656539,-20908.809324,-497.923819,90.963041,-121562.844908,0.000000,61.536881
296.000000,1.333333,4.050499,-0.459096,3.779978,75.599565,224.880318,-1.974625,1027.595534,-21109.364121,-497.113110,89.952127,-122728.861167,0.000000,58.752558
296.100000,1.300000,4.004589,-0.463198,3.688433,73.768669,222.331455,-2.013901,1030.695102,-21320.994397,-496.405956,88.932582,-123959.269752,0.000000,55.957740
296.200000,1.266667,3.958269,-0.467530,3.596931,71.938620,219.759820,-2.054824,1033.965831,-21544.547223,-495.808857,87.903928,-125258.995484,0.000000,53.151097
296.300000,1.233333,3.911516,-0.472111,3.505473,70.109464,217.164133,-2.097501,1037.419018,-21780.946909,-495.328678,86.865653,-126633.412262,0.000000,50.331120
296.400000,1.200000,3.864305,-0.476961,3.414063,68.281252,214.543010,-2.142049,1041.066675,-22031.201825,-494.972620,85.817204,-128088.382705,0.000000,47.496092
296.500000,1.166667,3.816609,-0.482101,3.322702,66.454039,211.894961,-2.188594,1044.921527,-22296.411341,-494.748190,84.757984,-129630.298495,0.000000,44.644058
296.600000,1.133333,3.768399,-0.487554,3.231394,64.627884,209.218376,-2.237277,1048.996980,-22577.772609,-494.663128,83.687350,-131266.119821,0.000000,41.772782
296.700000,1.100000,3.719644,-0.493345,3.140142,62.802850,206.511518,-2.288251,1053.307056,-22876.586767,-494.725306,82.604607,-133003.411434,0.000000,38.879706
296.800000,1.066667,3.670309,-0.499501,3.048950,60.979006,203.772510,-2.341683,1057.866270,-23194.263887,-494.942567,81.509004,-134850.371437,0.000000,35.961892
296.900000,1.033333,3.620359,-0.506053,2.957821,59.156426,200.999321,-2.397760,1062.689442,-23532.325686,-495.322502,80.399728,-136815.847011,0.000000,33.015964
297.000000,1.000000,3.569754,-0.513031,2.866760,57.335192,198.189757,-2.456686,1067.791399,-23892.404471,-495.872110,79.275903,-138909.328320,0.000000,30.038027
297.100000,0.966667,3.518451,-0.520470,2.775769,55.515389,195.341452,-2.518690,1073.186534,-24276.236121,-496.597332,78.136581,-141140.907681,0.000000,27.023582
297.200000,0.933333,3.466404,-0.528404,2.684856,53.697111,192.451847,-2.584026,1078.888158,-24685.643785,-497.502377,76.980739,-143521.184799,0.000000,23.967424
297.300000,0.900000,3.413563,-0.536870,2.594023,51.880459,189.518193,-2.652978,1084.907567,-25122.507444,-498.588787,75.807277,-146061.089790,0.000000,20.863517
297.400000,0.866667,3.359876,-0.545905,2.503277,50.065542,186.537534,-2.725867,1091.252702,-25588.712159,-499.854121,74.615013,-148771.582321,0.000000,17.704860
297.500000,0.833333,3.305286,-0.555544,2.412624,48.252473,183.506713,-2.803053,1097.926240,-26086.064454,-501.290111,73.402685,-151663.165429,0.000000,14.483324
297.600000,0.800000,3.249731,-0.565817,2.322069,46.441377,180.422380,-2.884949,1104.922880,-26616.161248,-502.880092,72.168952,-154745.123537,0.000000,11.189479
297.700000,0.766667,3.193150,-0.576748,2.231619,44.632382,177.281010,-2.972027,1112.225496,-27180.188432,-504.595414,70.912404,-158024.351351,0.000000,7.812404
297.800000,0.733333,3.135475,-0.588345,2.141281,42.825622,174.078954,-3.064832,1119.799671,-27778.615291,-506.390420,69.631582,-161503.577274,0.000000,4.339502
297.900000,0.700000,3.076640,-0.600596,2.051062,41.021232,170.812511,-3.164002,1127.585945,-28410.735118,-508.195442,68.325004,-165178.692546,0.000000,0.756339
298.000000,0.666667,3.016581,-0.613449,1.960967,39.219346,167.478054,-3.270292,1135.488788,-29073.979206,-509.907029,66.991221,-169034.762828,2.953435,0.000000
298.100000,0.633333,2.955236,-0.626800,1.871004,37.420086,164.072235,-3.384603,1143.360897,-29762.898207,-511.374339,65.628894,-173040.105857,6.808007,0.000000
298.200000,0.600000,2.892556,-0.640458,1.781178,35.623556,160.592292,-3.508037,1150.980806,-30467.658301,-512.380260,64.236917,-177137.548260,10.827006,0.000000
298.300000,0.566667,2.828510,-0.654105,1.691491,33.829818,157.036519,-3.641956,1158.020937,-31171.837266,-512.615435,62.814608,-181231.612012,15.030518,0.000000
298.400000,0.533333,2.763100,-0.667233,1.601944,32.038874,153.404981,-3.788089,1164.002016,-31849.229117,-511.642961,61.361992,-185169.936725,19.437095,0.000000
298.500000,0.500000,2.696376,-0.679056,1.512531,30.250622,149.700558,-3.948677,1168.228314,-32459.291044,-508.851510,59.880223,-188716.808393,24.060011,0.000000
298.600000,0.466667,2.628471,-0.688389,1.423240,28.464804,145.930496,-4.126699,1169.696430,-32940.846772,-503.395623,58.372198,-191516.551001,28.900605,0.000000
298.700000,0.433333,2.559632,-0.693485,1.334046,26.680924,142.108620,-4.326226,1166.969530,-33203.847089,-494.125704,56.843448,-193045.622609,33.936960,0.000000
298.800000,0.400000,2.490283,-0.691856,1.244907,24.898135,138.258447,-4.552964,1158.011828,-33119.763945,-479.520883,55.303379,-192556.767124,39.105469,0.000000
298.900000,0.366667,2.421098,-0.680105,1.155755,23.115092,134.417321,-4.815132,1139.993711,-32513.435040,-457.663954,53.766928,-189031.599071,44.272900,0.000000
299.000000,0.333333,2.353087,-0.653964,1.066488,21.329768,130.641433,-5.124841,1109.128058,-31164.547329,-426.354033,52.256573,-181189.228656,49.199286,0.000000
299.100000,0.300000,2.287691,-0.608861,0.976964,19.539280,127.010679,-5.500274,1060.725540,-28837.219941,-383.550227,50.804271,-167658.255474,53.503139,0.000000
299.200000,0.266667,2.226805,-0.541617,0.886991,17.739826,123.630334,-5.969084,989.892705,-25367.423277,-328.420317,49.452134,-147485.019052,56.668036,0.000000
299.300000,0.233333,2.172643,-0.453559,0.796348,15.926965,120.623323,-6.573528,893.470198,-20823.620118,-263.036574,48.249329,-121067.558826,58.166425,0.000000
299.400000,0.200000,2.127287,-0.353528,0.704826,14.096517,118.105204,-7.378325,773.171789,-15662.063726,-193.707590,47.242082,-91058.510034,57.747717,0.000000
299.500000,0.166667,2.091934,-0.256637,0.612303,12.246066,116.142444,-8.484061,637.712183,-10662.451136,-129.681084,46.456978,-61990.994978,55.727116,0.000000
299.600000,0.133333,2.066271,-0.176899,0.518811,10.376222,114.717619,-10.055817,500.454620,-6547.966549,-78.662038,45.887047,-38069.572961,52.912347,0.000000
299.700000,0.100000,2.048581,-0.120205,0.424520,8.490399,113.735492,-12.395777,373.307800,-3622.553766,-43.145894,45.494197,-21061.359104,50.140685,0.000000
299.800000,0.066667,2.036560,-0.084451,0.329660,6.593195,113.068127,-16.149217,262.531270,-1777.671772,-21.048463,45.227251,-10335.300998,47.907995,0.000000
299.900000,0.033333,2.028115,-0.064165,0.234439,4.688790,112.599262,-23.014567,169.107264,-730.912286,-8.618455,45.039705,-4249.490032,46.356953,0.000000
300.000000,0.000000,2.021699,-0.054079,0.139014,2.780274,112.243023,-39.371209,91.191219,-210.469789,-2.473875,44.897209,-1223.661566,45.437672,0.000000
300.100000,0.000000,2.016291,-0.054111,0.139353,2.787057,111.942782,-39.165226,91.465825,-212.149645,-2.486950,44.777113,-1233.428170,45.440042,0.000000
300.200000,0.000000,2.010880,-0.054144,0.139693,2.793858,111.642360,-38.959930,91.741538,-213.844760,-2.500093,44.656944,-1243.283491,45.442426,0.000000
300.300000,0.000000,2.005465,-0.054177,0.140034,2.800676,111.341755,-38.755319,92.018365,-215.555292,-2.513306,44.536702,-1253.228442,45.444824,0.000000
300.400000,0.000000,2.000047,-0.054211,0.140376,2.807511,111.040967,-38.551391,92.296314,-217.281399,-2.526588,44.416387,-1263.263948,45.447236,0.000000
300.500000,0.000000,1.994626,-0.054245,0.140718,2.814364,110.739993,-38.348142,92.575390,-219.023242,-2.539939,44.295997,-1273.390944,45.449662,0.000000
300.600000,0.000000,1.989202,-0.054279,0.141062,2.821234,110.438831,-38.145569,92.855600,-220.780984,-2.553360,44.175532,-1283.610374,45.452103,0.000000
300.700000,0.000000,1.983774,-0.054313,0.141406,2.828123,110.137480,-37.943671,93.136952,-222.554789,-2.566851,44.054992,-1293.923194,45.454558,0.000000
300.800000,0.000000,1.978343,-0.054348,0.141751,2.835029,109.835938,-37.742444,93.419452,-224.344824,-2.580412,43.934375,-1304.330369,45.457028,0.000000
300.900000,0.000000,1.972908,-0.054383,0.142098,2.841952,109.534204,-37.541886,93.703107,-226.151255,-2.594044,43.813682,-1314.832875,45.459512,0.000000
301.000000,0.000000,1.967470,-0.054418,0.142445,2.848894,109.232275,-37.341994,93.987924,-227.974252,-2.607747,43.692910,-1325.431698,45.462011,0.000000
301.100000,0.000000,1.962028,-0.054454,0.142793,2.855854,108.930151,-37.142765,94.273910,-229.813988,-2.621520,43.572060,-1336.127836,45.464525,0.000000
301.200000,0.000000,1.956582,-0.054490,0.143142,2.862831,108.627828,-36.944197,94.561071,-231.670635,-2.635365,43.451131,-1346.922297,45.467054,0.000000
301.300000,0.000000,1.951134,-0.054526,0.143491,2.869827,108.325305,-36.746287,94.849416,-233.544369,-2.649280,43.330122,-1357.816098,45.469598,0.000000
301.400000,0.000000,1.945681,-0.054563,0.143842,2.876841,108.022581,-36.549032,95.138951,-235.435366,-2.663268,43.209033,-1368.810270,45.472158,0.000000
301.500000,0.000000,1.940225,-0.054600,0.144194,2.883873,107.719654,-36.352430,95.429684,-237.343807,-2.677327,43.087862,-1379.905853,45.474732,0.000000
301.600000,0.000000,1.934765,-0.054637,0.144546,2.890923,107.416521,-36.156477,95.721621,-239.269870,-2.691459,42.966608,-1391.103897,45.477322,0.000000
301.700000,0.000000,1.929301,-0.054675,0.144900,2.897992,107.113181,-35.961173,96.014769,-241.213740,-2.705662,42.845272,-1402.405467,45.479928,0.000000
301.800000,0.000000,1.923833,-0.054713,0.145254,2.905079,106.809631,-35.766512,96.309137,-243.175601,-2.719938,42.723853,-1413.811634,45.482548,0.000000
301.900000,0.000000,1.918362,-0.054751,0.145609,2.912185,106.505871,-35.572494,96.604731,-245.155639,-2.734287,42.602348,-1425.323484,45.485185,0.000000
302.000000,0.000000,1.912887,-0.054790,0.145965,2.919309,106.201898,-35.379116,96.901559,-247.154043,-2.748708,42.480759,-1436.942113,45.487838,0.000000
302.100000,0.000000,1.907408,-0.054829,0.146323,2.926453,105.897709,-35.186374,97.199628,-249.171004,-2.763202,42.359084,-1448.668627,45.490506,0.000000
302.200000,0.000000,1.901925,-0.054868,0.146681,2.933615,105.593304,-34.994266,97.498945,-251.206713,-2.777770,42.237321,-1460.504146,45.493190,0.000000
302.300000,0.000000,1.896438,-0.054908,0.147040,2.940795,105.288679,-34.802790,97.799519,-253.261365,-2.792410,42.115472,-1472.449799,45.495891,0.000000
302.400000,0.000000,1.890948,-0.054948,0.147400,2.947995,104.983834,-34.611943,98.101356,-255.335157,-2.807124,41.993533,-1484.506728,45.498607,0.000000
302.500000,0.000000,1.885453,-0.054989,0.147761,2.955214,104.678765,-34.421722,98.404464,-257.428287,-2.821912,41.871506,-1496.676085,45.501340,0.000000
302.600000,0.000000,1.879954,-0.055030,0.148123,2.962452,104.373471,-34.232125,98.708850,-259.540954,-2.836773,41.749388,-1508.959035,45.504090,0.000000
302.700000,0.000000,1.874451,-0.055071,0.148485,2.969709,104.067950,-34.043150,99.014523,-261.673362,-2.851709,41.627180,-1521.356753,45.506856,0.000000
302.800000,0.000000,1.868944,-0.055113,0.148849,2.976985,103.762199,-33.854792,99.321489,-263.825714,-2.866718,41.504880,-1533.870428,45.509638,0.000000
302.900000,0.000000,1.863432,-0.055155,0.149214,2.984281,103.456217,-33.667051,99.629757,-265.998216,-2.881801,41.382487,-1546.501257,45.512438,0.000000
303.000000,0.000000,1.857917,-0.055198,0.149580,2.991596,103.150001,-33.479923,99.939333,-268.191078,-2.896958,41.260000,-1559.250451,45.515254,0.000000
303.100000,0.000000,1.852397,-0.055240,0.149947,2.998931,102.843549,-33.293406,100.250227,-270.404508,-2.912189,41.137420,-1572.119232,45.518087,0.000000
303.200000,0.000000,1.846873,-0.055284,0.150314,3.006285,102.536859,-33.107497,100.562445,-272.638720,-2.927495,41.014744,-1585.108835,45.520937,0.000000
303.300000,0.000000,1.841345,-0.055327,0.150683,3.013659,102.229929,-32.922194,100.875995,-274.893927,-2.942875,40.891971,-1598.220503,45.523805,0.000000
303.400000,0.000000,1.835812,-0.055372,0.151053,3.021053,101.922755,-32.737494,101.190885,-277.170345,-2.958329,40.769102,-1611.455494,45.526689,0.000000
303.500000,0.000000,1.830275,-0.055416,0.151423,3.028467,101.615337,-32.553394,101.507123,-279.468193,-2.973858,40.646135,-1624.815077,45.529591,0.000000
303.600000,0.000000,1.824733,-0.055461,0.151795,3.035900,101.307672,-32.369892,101.824716,-281.787691,-2.989462,40.523069,-1638.300530,45.532511,0.000000
303.700000,0.000000,1.819187,-0.055506,0.152168,3.043354,100.999757,-32.186986,102.143672,-284.129061,-3.005139,40.399903,-1651.913145,45.535448,0.000000
303.800000,0.000000,1.813637,-0.055552,0.152541,3.050828,100.691590,-32.004673,102.464000,-286.492527,-3.020891,40.276636,-1665.654224,45.538403,0.000000
303.900000,0.000000,1.808081,-0.055598,0.152916,3.058323,100.383169,-31.822950,102.785706,-288.878314,-3.036718,40.153268,-1679.525082,45.541376,0.000000
304.000000,0.000000,1.802522,-0.055645,0.153292,3.065837,100.074492,-31.641815,103.108800,-291.286652,-3.052619,40.029797,-1693.527044,45.544367,0.000000
304.100000,0.000000,1.796957,-0.055692,0.153669,3.073372,99.765555,-31.461265,103.433287,-293.717768,-3.068594,39.906222,-1707.661445,45.547376,0.000000
304.200000,0.000000,1.791388,-0.055740,0.154046,3.080928,99.456356,-31.281299,103.759177,-296.171897,-3.084644,39.782542,-1721.929633,45.550403,0.000000
304.300000,0.000000,1.785814,-0.055788,0.154425,3.088504,99.146894,-31.101912,104.086477,-298.649270,-3.100767,39.658757,-1736.332967,45.553449,0.000000
304.400000,0.000000,1.780235,-0.055836,0.154805,3.096101,98.837165,-30.923103,104.415195,-301.150124,-3.116965,39.534866,-1750.872815,45.556512,0.000000
304.500000,0.000000,1.774651,-0.055885,0.155186,3.103719,98.527166,-30.744870,104.745339,-303.674696,-3.133237,39.410867,-1765.550558,45.559595,0.000000
304.600000,0.000000,1.769063,-0.055935,0.155568,3.111358,98.216897,-30.567209,105.076917,-306.223225,-3.149582,39.286759,-1780.367586,45.562696,0.000000
304.700000,0.000000,1.763469,-0.055984,0.155951,3.119018,97.906353,-30.390119,105.409935,-308.795951,-3.166001,39.162541,-1795.325299,45.565816,0.000000
304.800000,0.000000,1.757871,-0.056035,0.156335,3.126699,97.595532,-30.213596,105.744403,-311.393119,-3.182494,39.038213,-1810.425110,45.568954,0.000000
304.900000,0.000000,1.752268,-0.056086,0.156720,3.134402,97.284432,-30.037639,106.080327,-314.014971,-3.199060,38.913773,-1825.668438,45.572112,0.000000
305.000000,0.000000,1.746659,-0.056137,0.157106,3.142126,96.973049,-29.862245,106.417716,-316.661755,-3.215698,38.789220,-1841.056715,45.575289,0.000000
305.100000,0.000000,1.741045,-0.056189,0.157494,3.149871,96.661382,-29.687411,106.756577,-319.333718,-3.232410,38.664553,-1856.591381,45.578485,0.000000
305.200000,0.000000,1.735426,-0.056241,0.157882,3.157638,96.349427,-29.513135,107.096917,-322.031108,-3.249194,38.539771,-1872.273886,45.581700,0.000000
305.300000,0.000000,1.729802,-0.056294,0.158271,3.165426,96.037183,-29.339415,107.438745,-324.754178,-3.266050,38.414873,-1888.105688,45.584935,0.000000
305.400000,0.000000,1.724173,-0.056347,0.158662,3.173237,95.724645,-29.166248,107.782068,-327.503180,-3.282977,38.289858,-1904.088256,45.588189,0.000000
305.500000,0.000000,1.718538,-0.056401,0.159053,3.181069,95.411811,-28.993631,108.126893,-330.278367,-3.299977,38.164724,-1920.223064,45.591463,0.000000
305.600000,0.000000,1.712898,-0.056455,0.159446,3.188923,95.098679,-28.821563,108.473227,-333.079995,-3.317047,38.039472,-1936.511597,45.594757,0.000000
305.700000,0.000000,1.707253,-0.056510,0.159840,3.196800,94.785245,-28.650040,108.821079,-335.908320,-3.334188,37.914098,-1952.955347,45.598071,0.000000
305.800000,0.000000,1.701602,-0.056565,0.160235,3.204699,94.471507,-28.479061,109.170454,-338.763600,-3.351400,37.788603,-1969.555812,45.601404,0.000000
305.900000,0.000000,1.695945,-0.056621,0.160631,3.212620,94.157462,-28.308623,109.521362,-341.646094,-3.368680,37.662985,-1986.314498,45.604758,0.000000
306.000000,0.000000,1.690283,-0.056677,0.161028,3.220563,93.843107,-28.138723,109.873808,-344.556062,-3.386031,37.537243,-2003.232918,45.608132,0.000000
306.100000,0.000000,1.684615,-0.056734,0.161426,3.228530,93.528438,-27.969360,110.227799,-347.493766,-3.403450,37.411375,-2020.312590,45.611526,0.000000
306.200000,0.000000,1.678942,-0.056792,0.161826,3.236519,93.213454,-27.800530,110.583343,-350.459467,-3.420937,37.285381,-2037.555038,45.614941,0.000000
306.300000,0.000000,1.673263,-0.056850,0.162227,3.244531,92.898150,-27.632232,110.940447,-353.453428,-3.438491,37.159260,-2054.961790,45.618376,0.000000
306.400000,0.000000,1.667578,-0.056908,0.162628,3.252565,92.582524,-27.464463,111.299117,-356.475913,-3.456112,37.033010,-2072.534379,45.621831,0.000000
306.500000,0.000000,1.661887,-0.056968,0.163031,3.260623,92.266573,-27.297220,111.659359,-359.527187,-3.473799,36.906629,-2090.274341,45.625308,0.000000
306.600000,0.000000,1.656190,-0.057027,0.163435,3.268704,91.950294,-27.130502,112.021181,-362.607513,-3.491552,36.780118,-2108.183217,45.628805,0.000000
306.700000,0.000000,1.650487,-0.057088,0.163840,3.276809,91.633683,-26.964305,112.384588,-365.717158,-3.509370,36.653473,-2126.262547,45.632323,0.000000
306.800000,0.000000,1.644779,-0.057148,0.164247,3.284937,91.316738,-26.798628,112.749586,-368.856387,-3.527251,36.526695,-2144.513877,45.635863,0.000000
306.900000,0.000000,1.639064,-0.057210,0.164654,3.293088,90.999455,-26.633469,113.116183,-372.025465,-3.545195,36.399782,-2162.938749,45.639423,0.000000
307.000000,0.000000,1.633343,-0.057272,0.165063,3.301264,90.681831,-26.468824,113.484383,-375.224658,-3.563201,36.272732,-2181.538709,45.643005,0.000000
307.100000,0.000000,1.627616,-0.057334,0.165473,3.309463,90.363863,-26.304692,113.854192,-378.454231,-3.581268,36.145545,-2200.315299,45.646608,0.000000
307.200000,0.000000,1.621882,-0.057398,0.165884,3.317686,90.045547,-26.141071,114.225616,-381.714451,-3.599395,36.018219,-2219.270062,45.650232,0.000000
307.300000,0.000000,1.616142,-0.057461,0.166297,3.325933,89.726881,-25.977957,114.598661,-385.005580,-3.617581,35.890752,-2238.404536,45.653878,0.000000
307.400000,0.000000,1.610396,-0.057526,0.166710,3.334205,89.407860,-25.815349,114.973330,-388.327884,-3.635824,35.763144,-2257.720256,45.657545,0.000000
307.500000,0.000000,1.604644,-0.057591,0.167125,3.342500,89.088482,-25.653245,115.349629,-391.681625,-3.654125,35.635393,-2277.218752,45.661234,0.000000
307.600000,0.000000,1.598885,-0.057656,0.167541,3.350821,88.768743,-25.491641,115.727563,-395.067066,-3.672481,35.507497,-2296.901547,45.664945,0.000000
307.700000,0.000000,1.593119,-0.057723,0.167958,3.359166,88.448640,-25.330537,116.107136,-398.484467,-3.690891,35.379456,-2316.770160,45.668677,0.000000
307.800000,0.000000,1.587347,-0.057789,0.168377,3.367536,88.128169,-25.169929,116.488352,-401.934088,-3.709353,35.251268,-2336.826096,45.672431,0.000000
307.900000,0.000000,1.581568,-0.057857,0.168797,3.375930,87.807327,-25.009815,116.871216,-405.416187,-3.727867,35.122931,-2357.070855,45.676208,0.000000
308.000000,0.000000,1.575782,-0.057925,0.169218,3.384350,87.486110,-24.850194,117.255730,-408.931019,-3.746431,34.994444,-2377.505922,45.680006,0.000000
308.100000,0.000000,1.569990,-0.057994,0.169640,3.392795,87.164515,-24.691063,117.641897,-412.478837,-3.765044,34.865806,-2398.132772,45.683827,0.000000
308.200000,0.000000,1.564190,-0.058063,0.170063,3.401266,86.842539,-24.532419,118.029722,-416.059893,-3.783702,34.737015,-2418.952864,45.687669,0.000000
308.300000,0.000000,1.558384,-0.058133,0.170488,3.409762,86.520177,-24.374261,118.419205,-419.674434,-3.802406,34.608071,-2439.967640,45.691534,0.000000
308.400000,0.000000,1.552571,-0.058204,0.170914,3.418283,86.197426,-24.216586,118.810351,-423.322707,-3.821153,34.478970,-2461.178527,45.695421,0.000000
308.500000,0.000000,1.546750,-0.058275,0.171342,3.426830,85.874283,-24.059392,119.203159,-427.004952,-3.839942,34.349713,-2482.586928,45.699330,0.000000
308.600000,0.000000,1.540923,-0.058347,0.171770,3.435404,85.550743,-23.902677,119.597633,-430.721407,-3.858770,34.220297,-2504.194229,45.703262,0.000000
308.700000,0.000000,1.535088,-0.058420,0.172200,3.444003,85.226804,-23.746439,119.993772,-434.472308,-3.877635,34.090721,-2526.001789,45.707216,0.000000
308.800000,0.000000,1.529246,-0.058493,0.172631,3.452628,84.902461,-23.590675,120.391578,-438.257882,-3.896535,33.960984,-2548.010943,45.711193,0.000000
308.900000,0.000000,1.523397,-0.058567,0.173064,3.461280,84.577710,-23.435384,120.791051,-442.078355,-3.915469,33.831084,-2570.222996,45.715191,0.000000
309.000000,0.000000,1.517540,-0.058642,0.173498,3.469959,84.252549,-23.280563,121.192190,-445.933947,-3.934433,33.701020,-2592.639225,45.719213,0.000000
309.100000,0.000000,1.511676,-0.058718,0.173933,3.478664,83.926973,-23.126211,121.594995,-449.824870,-3.953426,33.570789,-2615.260872,45.723257,0.000000
309.200000,0.000000,1.505804,-0.058794,0.174370,3.487396,83.600978,-22.972324,121.999464,-453.751333,-3.972445,33.440391,-2638.089145,45.727323,0.000000
309.300000,0.000000,1.499925,-0.058870,0.174808,3.496154,83.274561,-22.818902,122.405595,-457.713537,-3.991487,33.309824,-2661.125213,45.731412,0.000000
309.400000,0.000000,1.494038,-0.058948,0.175247,3.504940,82.947717,-22.665942,122.813386,-461.711675,-4.010550,33.179087,-2684.370205,45.735523,0.000000
309.500000,0.000000,1.488143,-0.059026,0.175688,3.513754,82.620443,-22.513441,123.222834,-465.745935,-4.029630,33.048177,-2707.825204,45.739657,0.000000
309.600000,0.000000,1.482240,-0.059105,0.176130,3.522594,82.292735,-22.361399,123.633935,-469.816495,-4.048726,32.917094,-2731.491250,45.743813,0.000000
309.700000,0.000000,1.476330,-0.059185,0.176573,3.531463,81.964589,-22.209812,124.046684,-473.923524,-4.067833,32.785836,-2755.369328,45.747992,0.000000
309.800000,0.000000,1.470411,-0.059265,0.177018,3.540359,81.636002,-22.058680,124.461078,-478.067184,-4.086950,32.654401,-2779.460372,45.752193,0.000000
309.900000,0.000000,1.464485,-0.059346,0.177464,3.549283,81.306968,-21.907999,124.877109,-482.247624,-4.106071,32.522787,-2803.765258,45.756416,0.000000
310.000000,0.000000,1.458550,-0.059428,0.177912,3.558235,80.977485,-21.757767,125.294771,-486.464986,-4.125195,32.390994,-2828.284802,45.760662,0.000000
310.100000,0.000000,1.452607,-0.059510,0.178361,3.567215,80.647547,-21.607984,125.714058,-490.719398,-4.144317,32.259019,-2853.019753,45.764930,0.000000
310.200000,0.000000,1.446656,-0.059593,0.178811,3.576224,80.317152,-21.458647,126.134960,-495.010977,-4.163435,32.126861,-2877.970794,45.769220,0.000000
310.300000,0.000000,1.440697,-0.059677,0.179263,3.585261,79.986296,-21.309754,126.557470,-499.339828,-4.182543,31.994518,-2903.138532,45.773532,0.000000
310.400000,0.000000,1.434729,-0.059762,0.179716,3.594327,79.654973,-21.161303,126.981576,-503.706042,-4.201638,31.861989,-2928.523498,45.777866,0.000000
310.500000,0.000000,1.428753,-0.059847,0.180171,3.603422,79.323181,-21.013292,127.407269,-508.109696,-4.220717,31.729272,-2954.126141,45.782222,0.000000
310.600000,0.000000,1.422768,-0.059933,0.180627,3.612546,78.990915,-20.865719,127.834537,-512.550853,-4.239774,31.596366,-2979.946822,45.786600,0.000000
310.700000,0.000000,1.416775,-0.060020,0.181085,3.621699,78.658171,-20.718583,128.263366,-517.029559,-4.258806,31.463268,-3005.985811,45.791000,0.000000
310.800000,0.000000,1.410773,-0.060107,0.181544,3.630881,78.324945,-20.571882,128.693743,-521.545844,-4.277807,31.329978,-3032.243279,45.795420,0.000000
310.900000,0.000000,1.404762,-0.060196,0.182005,3.640093,77.991234,-20.425613,129.125653,-526.099719,-4.296774,31.196493,-3058.719296,45.799863,0.000000
311.000000,0.000000,1.398743,-0.060285,0.182467,3.649335,77.657032,-20.279776,129.559080,-530.691178,-4.315700,31.062813,-3085.413823,45.804326,0.000000
311.100000,0.000000,1.392714,-0.060374,0.182930,3.658607,77.322336,-20.134367,129.994007,-535.320194,-4.334582,30.928935,-3112.326707,45.808811,0.000000
311.200000,0.000000,1.386677,-0.060465,0.183395,3.667908,76.987143,-19.989387,130.430415,-539.986720,-4.353413,30.794857,-3139.457673,45.813316,0.000000
311.300000,0.000000,1.380630,-0.060556,0.183862,3.677240,76.651447,-19.844832,130.868285,-544.690687,-4.372189,30.660579,-3166.806320,45.817842,0.000000
311.400000,0.000000,1.374575,-0.060648,0.184330,3.686602,76.315245,-19.700701,131.307595,-549.432004,-4.390903,30.526098,-3194.372115,45.822388,0.000000
311.500000,0.000000,1.368510,-0.060741,0.184800,3.695994,75.978533,-19.556993,131.748323,-554.210554,-4.409550,30.391413,-3222.154381,45.826954,0.000000
311.600000,0.000000,1.362436,-0.060834,0.185271,3.705418,75.641306,-19.413706,132.190444,-559.026195,-4.428124,30.256523,-3250.152297,45.831540,0.000000
311.700000,0.000000,1.356353,-0.060928,0.185744,3.714872,75.303562,-19.270838,132.633934,-563.878760,-4.446619,30.121425,-3278.364883,45.836146,0.000000
311.800000,0.000000,1.350260,-0.061023,0.186218,3.724357,74.965295,-19.128387,133.078766,-568.768052,-4.465027,29.986118,-3306.790999,45.840771,0.000000
311.900000,0.000000,1.344157,-0.061118,0.186694,3.733873,74.626503,-18.986353,133.524910,-573.693845,-4.483342,29.850601,-3335.429333,45.845414,0.000000
312.000000,0.000000,1.338046,-0.061214,0.187171,3.743421,74.287180,-18.844733,133.972337,-578.655884,-4.501558,29.714872,-3364.278392,45.850077,0.000000
312.100000,0.000000,1.331924,-0.061311,0.187650,3.753000,73.947324,-18.703526,134.421014,-583.653878,-4.519667,29.578929,-3393.336498,45.854757,0.000000
312.200000,0.000000,1.325793,-0.061409,0.188131,3.762610,73.606929,-18.562731,134.870908,-588.687505,-4.537662,29.442772,-3422.601774,45.859456,0.000000
312.300000,0.000000,1.319652,-0.061507,0.188613,3.772253,73.265994,-18.422345,135.321982,-593.756407,-4.555535,29.306397,-3452.072136,45.864172,0.000000
312.400000,0.000000,1.313502,-0.061606,0.189096,3.781927,72.924512,-18.282369,135.774200,-598.860189,-4.573278,29.169805,-3481.745285,45.868905,0.000000
312.500000,0.000000,1.307341,-0.061705,0.189582,3.791633,72.582482,-18.142800,136.227521,-603.998416,-4.590883,29.032993,-3511.618698,45.873654,0.000000
312.600000,0.000000,1.301170,-0.061806,0.190069,3.801372,72.239899,-18.003637,136.681904,-609.170614,-4.608342,28.895960,-3541.689613,45.878419,0.000000
312.700000,0.000000,1.294990,-0.061907,0.190557,3.811143,71.896759,-17.864879,137.137304,-614.376264,-4.625646,28.758704,-3571.955024,45.883200,0.000000
312.800000,0.000000,1.288799,-0.062008,0.191047,3.820947,71.553059,-17.726525,137.593676,-619.614806,-4.642785,28.621224,-3602.411665,45.887996,0.000000
312.900000,0.000000,1.282598,-0.062110,0.191539,3.830783,71.208796,-17.588572,138.050971,-624.885632,-4.659752,28.483518,-3633.056002,45.892807,0.000000
313.000000,0.000000,1.276387,-0.062213,0.192033,3.840653,70.863965,-17.451021,138.509138,-630.188086,-4.676536,28.345586,-3663.884223,45.897631,0.000000
313.100000,0.000000,1.270166,-0.062316,0.192528,3.850555,70.518564,-17.313870,138.968123,-635.521462,-4.693127,28.207426,-3694.892221,45.902468,0.000000
313.200000,0.000000,1.263934,-0.062420,0.193025,3.860490,70.172589,-17.177118,139.427871,-640.885001,-4.709515,28.069036,-3726.075587,45.907318,0.000000
313.300000,0.000000,1.257692,-0.062525,0.193523,3.870459,69.826037,-17.040764,139.888324,-646.277890,-4.725691,27.930415,-3757.429592,45.912180,0.000000
313.400000,0.000000,1.251440,-0.062630,0.194023,3.880461,69.478905,-16.904806,140.349419,-651.699259,-4.741643,27.791562,-3788.949180,45.917053,0.000000
313.500000,0.000000,1.245177,-0.062735,0.194525,3.890497,69.131189,-16.769245,140.811092,-657.148180,-4.757359,27.652476,-3820.628951,45.921937,0.000000
313.600000,0.000000,1.238903,-0.062842,0.195028,3.900566,68.782887,-16.634078,141.273278,-662.623662,-4.772830,27.513155,-3852.463150,45.926830,0.000000
313.700000,0.000000,1.232619,-0.062948,0.195533,3.910669,68.433996,-16.499306,141.735905,-668.124651,-4.788043,27.373599,-3884.445648,45.931731,0.000000
313.800000,0.000000,1.226324,-0.063055,0.196040,3.920806,68.084514,-16.364928,142.198901,-673.650029,-4.802986,27.233805,-3916.569936,45.936641,0.000000
313.900000,0.000000,1.220019,-0.063163,0.196549,3.930977,67.734436,-16.230941,142.662189,-679.198606,-4.817646,27.093774,-3948.829105,45.941558,0.000000
314.000000,0.000000,1.213703,-0.063271,0.197059,3.941182,67.383762,-16.097347,143.125690,-684.769123,-4.832012,26.953505,-3981.215831,45.946481,0.000000
314.100000,0.000000,1.207376,-0.063379,0.197571,3.951422,67.032488,-15.964145,143.589320,-690.360247,-4.846071,26.812995,-4013.722364,45.951409,0.000000
314.200000,0.000000,1.201038,-0.063488,0.198085,3.961695,66.680613,-15.831333,144.052995,-695.970568,-4.859808,26.672245,-4046.340511,45.956341,0.000000
314.300000,0.000000,1.194689,-0.063597,0.198600,3.972004,66.328134,-15.698911,144.516623,-701.598599,-4.873210,26.531253,-4079.061620,45.961276,0.000000
314.400000,0.000000,1.188329,-0.063706,0.199117,3.982346,65.975049,-15.566879,144.980111,-707.242769,-4.886263,26.390020,-4111.876566,45.966213,0.000000
314.500000,0.000000,1.181959,-0.063816,0.199636,3.992724,65.621357,-15.435237,145.443363,-712.901426,-4.898953,26.248543,-4144.775734,45.971151,0.000000
314.600000,0.000000,1.175577,-0.063926,0.200157,4.003136,65.267057,-15.303983,145.906276,-718.572829,-4.911266,26.106823,-4177.749005,45.976088,0.000000
314.700000,0.000000,1.169184,-0.064036,0.200679,4.013582,64.912146,-15.173119,146.368747,-724.255147,-4.923185,25.964858,-4210.785740,45.981024,0.000000
314.800000,0.000000,1.162781,-0.064146,0.201203,4.024064,64.556624,-15.042643,146.830666,-729.946459,-4.934696,25.822649,-4243.874764,45.985957,0.000000
314.900000,0.000000,1.156366,-0.064257,0.201729,4.034581,64.200489,-14.912556,147.291920,-735.644748,-4.945783,25.680196,-4277.004349,45.990885,0.000000
315.000000,0.000000,1.149941,-0.064367,0.202257,4.045132,63.843741,-14.782857,147.752392,-741.347899,-4.956430,25.537496,-4310.162202,45.995808,0.000000
315.100000,0.000000,1.143504,-0.064478,0.202786,4.055718,63.486380,-14.653547,148.211962,-747.053697,-4.966621,25.394552,-4343.335446,46.000724,0.000000
315.200000,0.000000,1.137056,-0.064588,0.203317,4.066340,63.128405,-14.524626,148.670502,-752.759824,-4.976338,25.251362,-4376.510607,46.005631,0.000000
315.300000,0.000000,1.130597,-0.064699,0.203850,4.076996,62.769815,-14.396093,149.127883,-758.463859,-4.985565,25.107926,-4409.673599,46.010528,0.000000
315.400000,0.000000,1.124127,-0.064809,0.204384,4.087688,62.410612,-14.267949,149.583970,-764.163270,-4.994284,24.964245,-4442.809709,46.015414,0.000000
315.500000,0.000000,1.117646,-0.064920,0.204921,4.098415,62.050796,-14.140195,150.038625,-769.855416,-5.002478,24.820318,-4475.903582,46.020286,0.000000
315.600000,0.000000,1.111154,-0.065030,0.205459,4.109176,61.690367,-14.012831,150.491703,-775.537544,-5.010128,24.676147,-4508.939209,46.025143,0.000000
315.700000,0.000000,1.104651,-0.065140,0.205999,4.119973,61.329327,-13.885857,150.943056,-781.206785,-5.017216,24.531731,-4541.899912,46.029983,0.000000
315.800000,0.000000,1.098137,-0.065249,0.206540,4.130804,60.967677,-13.759275,151.392532,-786.860154,-5.023725,24.387071,-4574.768336,46.034805,0.000000
315.900000,0.000000,1.091613,-0.065358,0.207084,4.141671,60.605419,-13.633084,151.839971,-792.494546,-5.029634,24.242168,-4607.526431,46.039607,0.000000
316.000000,0.000000,1.085077,-0.065467,0.207629,4.152573,60.242555,-13.507285,152.285213,-798.106737,-5.034925,24.097022,-4640.155447,46.044386,0.000000
316.100000,0.000000,1.078530,-0.065575,0.208175,4.163509,59.879086,-13.381880,152.728088,-803.693378,-5.039578,23.951635,-4672.635921,46.049141,0.000000
316.200000,0.000000,1.071972,-0.065683,0.208724,4.174480,59.515017,-13.256869,153.168425,-809.251000,-5.043574,23.806007,-4704.947672,46.053870,0.000000
316.300000,0.000000,1.065404,-0.065790,0.209274,4.185486,59.150349,-13.132254,153.606047,-814.776004,-5.046894,23.660140,-4737.069789,46.058571,0.000000
316.400000,0.000000,1.058825,-0.065897,0.209826,4.196526,58.785088,-13.008035,154.040772,-820.264668,-5.049516,23.514035,-4768.980628,46.063242,0.000000
316.500000,0.000000,1.052235,-0.066002,0.210380,4.207601,58.419235,-12.884214,154.472412,-825.713143,-5.051422,23.367694,-4800.657807,46.067880,0.000000
316.600000,0.000000,1.045635,-0.066107,0.210936,4.218710,58.052796,-12.760792,154.900777,-831.117452,-5.052591,23.221119,-4832.078207,46.072483,0.000000
316.700000,0.000000,1.039025,-0.066211,0.211493,4.229854,57.685776,-12.637771,155.325670,-836.473490,-5.053003,23.074311,-4863.217962,46.077049,0.000000
316.800000,0.000000,1.032403,-0.066314,0.212052,4.241031,57.318180,-12.515152,155.746889,-841.777025,-5.052637,22.927272,-4894.052471,46.081577,0.000000
316.900000,0.000000,1.025772,-0.066415,0.212612,4.252242,56.950013,-12.392937,156.164230,-847.023699,-5.051473,22.780005,-4924.556391,46.086063,0.000000
317.000000,0.000000,1.019131,-0.066516,0.213174,4.263487,56.581281,-12.271128,156.577481,-852.209028,-5.049490,22.632512,-4954.703650,46.090504,0.000000
317.100000,0.000000,1.012479,-0.066615,0.213738,4.274765,56.211992,-12.149726,156.986428,-857.328402,-5.046669,22.484797,-4984.467452,46.094900,0.000000
317.200000,0.000000,1.005818,-0.066713,0.214304,4.286076,55.842151,-12.028734,157.390852,-862.377089,-5.042988,22.336861,-5013.820285,46.099247,0.000000
317.300000,0.000000,0.999146,-0.066809,0.214871,4.297421,55.471768,-11.908154,157.790529,-867.350237,-5.038429,22.188707,-5042.733937,46.103543,0.000000
317.400000,0.000000,0.992465,-0.066904,0.215440,4.308798,55.100849,-11.787987,158.185232,-872.242876,-5.032970,22.040340,-5071.179511,46.107785,0.000000
317.500000,0.000000,0.985775,-0.066997,0.216010,4.320207,54.729404,-11.668237,158.574729,-877.049920,-5.026592,21.891762,-5099.127443,46.111971,0.000000
317.600000,0.000000,0.979075,-0.067088,0.216582,4.331648,54.357442,-11.548905,158.958786,-881.766174,-5.019276,21.742977,-5126.547525,46.116097,0.000000
317.700000,0.000000,0.972366,-0.067178,0.217156,4.343121,53.984972,-11.429995,159.337164,-886.386336,-5.011002,21.593989,-5153.408929,46.120163,0.000000
317.800000,0.000000,0.965649,-0.067266,0.217731,4.354625,53.612005,-11.311508,159.709621,-890.905001,-5.001751,21.444802,-5179.680237,46.124164,0.000000
317.900000,0.000000,0.958922,-0.067351,0.218308,4.366161,53.238552,-11.193448,160.075913,-895.316669,-4.991505,21.295421,-5205.329472,46.128099,0.000000
318.000000,0.000000,0.952187,-0.067434,0.218886,4.377727,52.864625,-11.075817,160.435791,-899.615751,-4.980246,21.145850,-5230.324133,46.131965,0.000000
318.100000,0.000000,0.945443,-0.067515,0.219466,4.389323,52.490234,-10.958619,160.789008,-903.796573,-4.967957,20.996094,-5254.631239,46.135758,0.000000
318.200000,0.000000,0.938692,-0.067594,0.220047,4.400948,52.115394,-10.841856,161.135309,-907.853387,-4.954620,20.846158,-5278.217367,46.139477,0.000000
318.300000,0.000000,0.931933,-0.067670,0.220630,4.412603,51.740118,-10.725532,161.474443,-911.780377,-4.940220,20.696047,-5301.048701,46.143119,0.000000
318.400000,0.000000,0.925166,-0.067744,0.221214,4.424287,51.364419,-10.609649,161.806154,-915.571667,-4.924740,20.545767,-5323.091085,46.146681,0.000000
318.500000,0.000000,0.918391,-0.067814,0.221800,4.435999,50.988312,-10.494212,162.130186,-919.221333,-4.908167,20.395325,-5344.310077,46.150161,0.000000
318.600000,0.000000,0.911610,-0.067882,0.222387,4.447738,50.611812,-10.379224,162.446284,-922.723413,-4.890486,20.244725,-5364.671006,46.153555,0.000000
318.700000,0.000000,0.904822,-0.067947,0.222975,4.459505,50.234935,-10.264688,162.754191,-926.071915,-4.871685,20.093974,-5384.139039,46.156863,0.000000
318.800000,0.000000,0.898027,-0.068009,0.223565,4.471299,49.857699,-10.150608,163.053651,-929.260831,-4.851751,19.943079,-5402.679248,46.160080,0.000000
318.900000,0.000000,0.891226,-0.068068,0.224156,4.483118,49.480119,-10.036988,163.344409,-932.284148,-4.830673,19.792048,-5420.256674,46.163204,0.000000
319.000000,0.000000,0.884419,-0.068123,0.224748,4.494963,49.102214,-9.923831,163.626213,-935.135863,-4.808442,19.640885,-5436.836413,46.166234,0.000000
319.100000,0.000000,0.877607,-0.068175,0.225342,4.506832,48.724002,-9.811142,163.898812,-937.809994,-4.785049,19.489601,-5452.383683,46.169167,0.000000
319.200000,0.000000,0.870789,-0.068223,0.225936,4.518725,48.345502,-9.698925,164.161956,-940.300593,-4.760487,19.338201,-5466.863914,46.172000,0.000000
319.300000,0.000000,0.863967,-0.068267,0.226532,4.530642,47.966734,-9.587183,164.415400,-942.601766,-4.734750,19.186694,-5480.242828,46.174731,0.000000
319.400000,0.000000,0.857140,-0.068308,0.227129,4.542581,47.587719,-9.475920,164.658902,-944.707683,-4.707832,19.035087,-5492.486529,46.177359,0.000000
319.500000,0.000000,0.850310,-0.068345,0.227727,4.554542,47.208477,-9.365142,164.892226,-946.612594,-4.679731,18.883391,-5503.561593,46.179880,0.000000
319.600000,0.000000,0.843475,-0.068378,0.228326,4.566524,46.829030,-9.254852,165.115140,-948.310848,-4.650445,18.731612,-5513.435161,46.182294,0.000000
319.700000,0.000000,0.836637,-0.068407,0.228926,4.578527,46.449400,-9.145054,165.327416,-949.796906,-4.619973,18.579760,-5522.075033,46.184599,0.000000
319.800000,0.000000,0.829797,-0.068431,0.229527,4.590548,46.069611,-9.035753,165.528834,-951.065360,-4.588318,18.427844,-5529.449766,46.186792,0.000000
319.900000,0.000000,0.822953,-0.068452,0.230129,4.602589,45.689685,-8.926953,165.719183,-952.110949,-4.555482,18.275874,-5535.528772,46.188872,0.000000
320.000000,0.000000,0.816108,-0.068468,0.230732,4.614647,45.309646,-8.818659,165.898255,-952.928576,-4.521470,18.123859,-5540.282417,46.190837,0.000000
320.100000,0.000000,0.809261,-0.068479,0.231336,4.626722,44.929520,-8.710875,166.065854,-953.513324,-4.486288,17.971808,-5543.682115,46.192687,0.000000
320.200000,0.000000,0.802414,-0.068486,0.231941,4.638813,44.549330,-8.603606,166.221791,-953.860475,-4.449945,17.819732,-5545.700435,46.194420,0.000000
320.300000,0.000000,0.795565,-0.068488,0.232546,4.650919,44.169104,-8.496855,166.365888,-953.965525,-4.412451,17.667642,-5546.311191,46.196035,0.000000
320.400000,0.000000,0.788716,-0.068485,0.233152,4.663039,43.788866,-8.390628,166.497977,-953.824202,-4.373817,17.515546,-5545.489547,46.197532,0.000000
320.500000,0.000000,0.781868,-0.068477,0.233759,4.675172,43.408643,-8.284929,166.617899,-953.432482,-4.334059,17.363457,-5543.212102,46.198908,0.000000
320.600000,0.000000,0.775020,-0.068465,0.234366,4.687318,43.028462,-8.179762,166.725509,-952.786602,-4.293190,17.211385,-5539.456991,46.200165,0.000000
320.700000,0.000000,0.768173,-0.068447,0.234974,4.699474,42.648351,-8.075132,166.820672,-951.883083,-4.251229,17.059340,-5534.203971,46.201301,0.000000
320.800000,0.000000,0.761329,-0.068425,0.235582,4.711641,42.268337,-7.971043,166.903266,-950.718735,-4.208195,16.907335,-5527.434506,46.202317,0.000000
320.900000,0.000000,0.754486,-0.068397,0.236191,4.723817,41.888448,-7.867500,166.973184,-949.290678,-4.164109,16.755379,-5519.131850,46.203212,0.000000
321.000000,0.000000,0.747647,-0.068364,0.236800,4.736001,41.508713,-7.764506,167.030331,-947.596353,-4.118995,16.603485,-5509.281123,46.203986,0.000000
321.100000,0.000000,0.740810,-0.068326,0.237410,4.748193,41.129161,-7.662067,167.074625,-945.633534,-4.072877,16.451664,-5497.869385,46.204640,0.000000
321.200000,0.000000,0.733978,-0.068283,0.238019,4.760390,40.749819,-7.560185,167.106001,-943.400340,-4.025783,16.299928,-5484.885696,46.205175,0.000000
321.300000,0.000000,0.727149,-0.068234,0.238630,4.772592,40.370718,-7.458866,167.124407,-940.895243,-3.977740,16.148287,-5470.321183,46.205590,0.000000
321.400000,0.000000,0.720326,-0.068181,0.239240,4.784798,39.991886,-7.358113,167.129806,-938.117083,-3.928779,15.996754,-5454.169086,46.205888,0.000000
321.500000,0.000000,0.713508,-0.068121,0.239850,4.797007,39.613353,-7.257930,167.122179,-935.065067,-3.878931,15.845341,-5436.424808,46.206069,0.000000
321.600000,0.000000,0.706696,-0.068057,0.240461,4.809218,39.235149,-7.158321,167.101521,-931.738783,-3.828231,15.694060,-5417.085949,46.206134,0.000000
321.700000,0.000000,0.699890,-0.067987,0.241071,4.821430,38.857302,-7.059290,167.067842,-928.138202,-3.776712,15.542921,-5396.152338,46.206085,0.000000
321.800000,0.000000,0.693091,-0.067912,0.241682,4.833641,38.479843,-6.960840,167.021170,-924.263681,-3.724413,15.391937,-5373.626053,46.205924,0.000000
321.900000,0.000000,0.686300,-0.067832,0.242293,4.845851,38.102801,-6.862974,166.961549,-920.115967,-3.671369,15.241120,-5349.511434,46.205652,0.000000
322.000000,0.000000,0.679517,-0.067746,0.242903,4.858058,37.726205,-6.765696,166.889037,-915.696196,-3.617622,15.090482,-5323.815090,46.205272,0.000000
322.100000,0.000000,0.672742,-0.067655,0.243513,4.870262,37.350085,-6.669009,166.803711,-911.005893,-3.563210,14.940034,-5296.545890,46.204785,0.000000
322.200000,0.000000,0.665977,-0.067559,0.244123,4.882461,36.974469,-6.572916,166.705662,-906.046972,-3.508175,14.789788,-5267.714951,46.204195,0.000000
322.300000,0.000000,0.659221,-0.067458,0.244733,4.894655,36.599387,-6.477420,166.594999,-900.821726,-3.452560,14.639755,-5237.335619,46.203503,0.000000
322.400000,0.000000,0.652475,-0.067351,0.245342,4.906841,36.224867,-6.382523,166.471845,-895.332830,-3.396409,14.489947,-5205.423432,46.202713,0.000000
322.500000,0.000000,0.645740,-0.067240,0.245951,4.919020,35.850937,-6.288228,166.336339,-889.583327,-3.339764,14.340375,-5171.996090,46.201827,0.000000
322.600000,0.000000,0.639016,-0.067124,0.246559,4.931190,35.477626,-6.194537,166.188636,-883.576624,-3.282671,14.191051,-5137.073396,46.200848,0.000000
322.700000,0.000000,0.632303,-0.067002,0.247167,4.943350,35.104962,-6.101452,166.028906,-877.316480,-3.225176,14.041985,-5100.677209,46.199780,0.000000
322.800000,0.000000,0.625603,-0.066876,0.247775,4.955499,34.732971,-6.008975,165.857330,-870.806997,-3.167324,13.893188,-5062.831379,46.198625,0.000000
322.900000,0.000000,0.618916,-0.066745,0.248382,4.967637,34.361680,-5.917108,165.674109,-864.052608,-3.109161,13.744672,-5023.561674,46.197387,0.000000
323.000000,0.000000,0.612241,-0.066610,0.248988,4.979761,33.991117,-5.825853,165.479452,-857.058061,-3.050734,13.596447,-4982.895704,46.196070,0.000000
323.100000,0.000000,0.605580,-0.066470,0.249594,4.991872,33.621305,-5.735210,165.273584,-849.828408,-2.992088,13.448522,-4940.862839,46.194677,0.000000
323.200000,0.000000,0.598933,-0.066325,0.250198,5.003968,33.252272,-5.645181,165.056741,-842.368988,-2.933272,13.300909,-4897.494117,46.193211,0.000000
323.300000,0.000000,0.592301,-0.066176,0.250802,5.016048,32.884041,-5.555766,164.829173,-834.685410,-2.874330,13.153617,-4852.822152,46.191677,0.000000
323.400000,0.000000,0.585683,-0.066023,0.251406,5.028112,32.516637,-5.466967,164.591138,-826.783538,-2.815309,13.006655,-4806.881033,46.190079,0.000000
323.500000,0.000000,0.579081,-0.065866,0.252008,5.040159,32.150083,-5.378784,164.342906,-818.669471,-2.756255,12.860033,-4759.706224,46.188419,0.000000
323.600000,0.000000,0.572494,-0.065704,0.252609,5.052187,31.784403,-5.291217,164.084757,-810.349526,-2.697212,12.713761,-4711.334453,46.186703,0.000000
323.700000,0.000000,0.565924,-0.065539,0.253210,5.064196,31.419617,-5.204266,163.816981,-801.830221,-2.638226,12.567847,-4661.803608,46.184934,0.000000
323.800000,0.000000,0.559370,-0.065371,0.253809,5.076185,31.055748,-5.117931,163.539873,-793.118251,-2.579340,12.422299,-4611.152621,46.183115,0.000000
323.900000,0.000000,0.552833,-0.065198,0.254408,5.088153,30.692816,-5.032211,163.253739,-784.220474,-2.520598,12.277127,-4559.421362,46.181252,0.000000
324.000000,0.000000,0.546313,-0.065022,0.255005,5.100100,30.330842,-4.947107,162.958889,-775.143889,-2.462042,12.132337,-4506.650520,46.179347,0.000000
324.100000,0.000000,0.539811,-0.064843,0.255601,5.112025,29.969844,-4.862617,162.655642,-765.895616,-2.403713,11.987938,-4452.881491,46.177406,0.000000
324.200000,0.000000,0.533326,-0.064661,0.256196,5.123927,29.609842,-4.778740,162.344319,-756.482878,-2.345653,11.843937,-4398.156269,46.175431,0.000000
324.300000,0.000000,0.526860,-0.064475,0.256790,5.135806,29.250852,-4.695475,162.025249,-746.912981,-2.287901,11.700341,-4342.517331,46.173427,0.000000
324.400000,0.000000,0.520413,-0.064287,0.257383,5.147660,28.892892,-4.612821,161.698761,-737.193295,-2.230494,11.557157,-4286.007527,46.171398,0.000000
324.500000,0.000000,0.513984,-0.064096,0.257974,5.159489,28.535978,-4.530776,161.365190,-727.331235,-2.173470,11.414391,-4228.669974,46.169347,0.000000
324.600000,0.000000,0.507575,-0.063902,0.258565,5.171293,28.180124,-4.449338,161.024872,-717.334247,-2.116865,11.272050,-4170.547946,46.167279,0.000000
324.700000,0.000000,0.501185,-0.063706,0.259154,5.183071,27.825347,-4.368506,160.678144,-707.209782,-2.060713,11.130139,-4111.684779,46.165197,0.000000
324.800000,0.000000,0.494814,-0.063507,0.259741,5.194823,27.471658,-4.288277,160.325346,-696.965288,-2.005047,10.988663,-4052.123766,46.163105,0.000000
324.900000,0.000000,0.488463,-0.063306,0.260327,5.206547,27.119072,-4.208648,159.966814,-686.608187,-1.949900,10.847629,-3991.908064,46.161006,0.000000
325.000000,0.000000,0.482133,-0.063104,0.260912,5.218244,26.767601,-4.129618,159.602889,-676.145864,-1.895302,10.707040,-3931.080603,46.158904,0.000000
325.100000,0.000000,0.475822,-0.062899,0.261496,5.229913,26.417255,-4.051184,159.233906,-665.585647,-1.841282,10.566902,-3869.683996,46.156802,0.000000
325.200000,0.000000,0.469532,-0.062693,0.262078,5.241554,26.068045,-3.973343,158.860201,-654.934800,-1.787867,10.427218,-3807.760464,46.154705,0.000000
325.300000,0.000000,0.463263,-0.062485,0.262658,5.253166,25.719981,-3.896092,158.482108,-644.200501,-1.735083,10.287993,-3745.351749,46.152614,0.000000
325.400000,0.000000,0.457015,-0.062275,0.263237,5.264749,25.373073,-3.819427,158.099955,-633.389837,-1.682956,10.149229,-3682.499051,46.150534,0.000000
325.500000,0.000000,0.450787,-0.062064,0.263815,5.276302,25.027327,-3.743346,157.714071,-622.509788,-1.631508,10.010931,-3619.242952,46.148467,0.000000
325.600000,0.000000,0.444581,-0.061852,0.264391,5.287826,24.682752,-3.667845,157.324777,-611.567217,-1.580762,9.873101,-3555.623356,46.146417,0.000000
325.700000,0.000000,0.438396,-0.061639,0.264966,5.299319,24.339355,-3.592921,156.932393,-600.568863,-1.530737,9.735742,-3491.679436,46.144386,0.000000
325.800000,0.000000,0.432232,-0.061425,0.265539,5.310783,23.997140,-3.518569,156.537231,-589.521327,-1.481452,9.598856,-3427.449573,46.142377,0.000000
325.900000,0.000000,0.426089,-0.061210,0.266111,5.322216,23.656115,-3.444787,156.139602,-578.431066,-1.432926,9.462446,-3362.971317,46.140392,0.000000
326.000000,0.000000,0.419968,-0.060994,0.266681,5.333618,23.316282,-3.371570,155.739808,-567.304390,-1.385173,9.326513,-3298.281336,46.138435,0.000000
326.100000,0.000000,0.413869,-0.060778,0.267249,5.344989,22.977647,-3.298914,155.338146,-556.147446,-1.338210,9.191059,-3233.415385,46.136507,0.000000
326.200000,0.000000,0.407791,-0.060561,0.267816,5.356329,22.640213,-3.226815,154.934907,-544.966223,-1.292048,9.056085,-3168.408271,46.134612,0.000000
326.300000,0.000000,0.401735,-0.060344,0.268382,5.367638,22.303981,-3.155270,154.530377,-533.766537,-1.246701,8.921592,-3103.293821,46.132750,0.000000
326.400000,0.000000,0.395700,-0.060127,0.268946,5.378915,21.968954,-3.084272,154.124834,-522.554037,-1.202179,8.787582,-3038.104864,46.130925,0.000000
326.500000,0.000000,0.389688,-0.059910,0.269508,5.390161,21.635134,-3.013820,153.718549,-511.334191,-1.158492,8.654054,-2972.873204,46.129139,0.000000
326.600000,0.000000,0.383697,-0.059692,0.270069,5.401376,21.302521,-2.943907,153.311787,-500.112293,-1.115648,8.521009,-2907.629612,46.127392,0.000000
326.700000,0.000000,0.377727,-0.059475,0.270628,5.412558,20.971116,-2.874529,152.904804,-488.893455,-1.073654,8.388446,-2842.403810,46.125688,0.000000
326.800000,0.000000,0.371780,-0.059257,0.271185,5.423710,20.640917,-2.805682,152.497850,-477.682607,-1.032517,8.256367,-2777.224461,46.124027,0.000000
326.900000,0.000000,0.365854,-0.059040,0.271741,5.434830,20.311925,-2.737362,152.091169,-466.484497,-0.992240,8.124770,-2712.119169,46.122412,0.000000
327.000000,0.000000,0.359950,-0.058824,0.272296,5.445918,19.984138,-2.669563,151.684994,-455.303690,-0.952830,7.993655,-2647.114475,46.120844,0.000000
327.100000,0.000000,0.354068,-0.058607,0.272849,5.456974,19.657553,-2.602281,151.279555,-444.144568,-0.914287,7.863021,-2582.235859,46.119323,0.000000
327.200000,0.000000,0.348207,-0.058392,0.273400,5.468000,19.332170,-2.535511,150.875069,-433.011332,-0.876614,7.732868,-2517.507745,46.117853,0.000000
327.300000,0.000000,0.342368,-0.058177,0.273950,5.478993,19.007984,-2.469248,150.471751,-421.908003,-0.839813,7.603194,-2452.953507,46.116432,0.000000
327.400000,0.000000,0.336550,-0.057962,0.274498,5.489955,18.684993,-2.403487,150.069804,-410.838423,-0.803883,7.473997,-2388.595482,46.115064,0.000000
327.500000,0.000000,0.330754,-0.057748,0.275044,5.500886,18.363193,-2.338224,149.669425,-399.806256,-0.768823,7.345277,-2324.454978,46.113748,0.000000
327.600000,0.000000,0.324979,-0.057535,0.275589,5.511786,18.042580,-2.273454,149.270806,-388.814994,-0.734633,7.217032,-2260.552288,46.112486,0.000000
327.700000,0.000000,0.319226,-0.057323,0.276133,5.522654,17.723149,-2.209172,148.874126,-377.867954,-0.701309,7.089260,-2196.906710,46.111279,0.000000
327.800000,0.000000,0.313493,-0.057112,0.276675,5.533492,17.404896,-2.145373,148.479563,-366.968288,-0.668850,6.961959,-2133.536560,46.110126,0.000000
327.900000,0.000000,0.307782,-0.056902,0.277215,5.544299,17.087816,-2.082052,148.087282,-356.118981,-0.637251,6.835127,-2070.459192,46.109030,0.000000
328.000000,0.000000,0.302092,-0.056692,0.277754,5.555075,16.771904,-2.019204,147.697444,-345.322855,-0.606508,6.708762,-2007.691019,46.107990,0.000000
328.100000,0.000000,0.296423,-0.056484,0.278291,5.565821,16.457153,-1.956824,147.310203,-334.582576,-0.576616,6.582861,-1945.247534,46.107007,0.000000
328.200000,0.000000,0.290774,-0.056277,0.278827,5.576536,16.143558,-1.894908,146.925704,-323.900653,-0.547570,6.457423,-1883.143331,46.106081,0.000000
328.300000,0.000000,0.285147,-0.056071,0.279361,5.587221,15.831112,-1.833450,146.544087,-313.279446,-0.519364,6.332445,-1821.392129,46.105214,0.000000
328.400000,0.000000,0.279540,-0.055867,0.279894,5.597876,15.519808,-1.772446,146.165485,-302.721169,-0.491992,6.207923,-1760.006796,46.104404,0.000000
328.500000,0.000000,0.273953,-0.055663,0.280425,5.608502,15.209641,-1.711890,145.790022,-292.227892,-0.465446,6.083856,-1698.999372,46.103653,0.000000
328.600000,0.000000,0.268387,-0.055461,0.280955,5.619098,14.900603,-1.651779,145.417819,-281.801548,-0.439720,5.960241,-1638.381096,46.102961,0.000000
328.700000,0.000000,0.262841,-0.055261,0.281483,5.629664,14.592687,-1.592106,145.048988,-271.443937,-0.414805,5.837075,-1578.162426,46.102327,0.000000
328.800000,0.000000,0.257314,-0.055061,0.282010,5.640202,14.285885,-1.532868,144.683637,-261.156728,-0.390694,5.714354,-1518.353070,46.101752,0.000000
328.900000,0.000000,0.251808,-0.054863,0.282536,5.650710,13.980190,-1.474059,144.321865,-250.941465,-0.367379,5.592076,-1458.962009,46.101237,0.000000
329.000000,0.000000,0.246322,-0.054667,0.283060,5.661190,13.675594,-1.415675,143.963769,-240.799573,-0.344850,5.470238,-1399.997519,46.100780,0.000000
329.100000,0.000000,0.240855,-0.054472,0.283582,5.671642,13.372089,-1.357710,143.609437,-230.732359,-0.323100,5.348836,-1341.467203,46.100382,0.000000
329.200000,0.000000,0.235408,-0.054278,0.284103,5.682065,13.069668,-1.300161,143.258952,-220.741018,-0.302118,5.227867,-1283.378010,46.100042,0.000000
329.300000,0.000000,0.229980,-0.054086,0.284623,5.692461,12.768321,-1.243023,142.912394,-210.826637,-0.281895,5.107328,-1225.736260,46.099762,0.000000
329.400000,0.000000,0.224572,-0.053895,0.285141,5.702829,12.468041,-1.186291,142.569834,-200.990200,-0.262423,4.987216,-1168.547675,46.099539,0.000000
329.500000,0.000000,0.219182,-0.053706,0.285658,5.713170,12.168820,-1.129959,142.231342,-191.232592,-0.243691,4.867528,-1111.817394,46.099375,0.000000
329.600000,0.000000,0.213812,-0.053519,0.286174,5.723483,11.870648,-1.074025,141.896979,-181.554601,-0.225689,4.748259,-1055.550006,46.099269,0.000000
329.700000,0.000000,0.208460,-0.053332,0.286688,5.733770,11.573518,-1.018483,141.566804,-171.956925,-0.208408,4.629407,-999.749567,46.099221,0.000000
329.800000,0.000000,0.203127,-0.053148,0.287202,5.744030,11.277420,-0.963329,141.240870,-162.440175,-0.191837,4.510968,-944.419624,46.099230,0.000000
329.900000,0.000000,0.197812,-0.052965,0.287713,5.754264,10.982347,-0.908558,140.919227,-153.004877,-0.175966,4.392939,-889.563240,46.099296,0.000000
330.000000,0.000000,0.192515,-0.052784,0.288224,5.764472,10.688288,-0.854166,140.601920,-143.651479,-0.160785,4.275315,-835.183015,46.099419,0.000000
